{"type":"FeatureCollection","features":[{"type":"Feature","properties":{"n":"Sumedang","p":"Jawa Barat"},"geometry":{"type":"Polygon","coordinates":[[[107.83197,-6.96443],[107.8289,-6.96653],[107.83159,-6.9696],[107.82855,-6.97164],[107.8267,-6.97068],[107.826,-6.96699],[107.79947,-6.96453],[107.78196,-6.95863],[107.78136,-6.95513],[107.77903,-6.95481],[107.77805,-6.95732],[107.77364,-6.95571],[107.77228,-6.95909],[107.769,-6.95779],[107.77042,-6.95488],[107.76398,-6.95154],[107.76394,-6.95439],[107.75991,-6.95279],[107.75882,-6.95525],[107.75288,-6.95524],[107.75296,-6.95206],[107.75566,-6.94821],[107.75479,-6.94354],[107.75794,-6.9367],[107.75689,-6.92885],[107.76008,-6.92061],[107.75851,-6.91451],[107.75943,-6.91274],[107.75764,-6.90988],[107.75907,-6.90659],[107.75775,-6.90552],[107.75924,-6.90344],[107.75885,-6.89919],[107.75806,-6.8971],[107.75285,-6.89573],[107.75098,-6.88509],[107.74429,-6.87583],[107.74313,-6.86111],[107.74099,-6.85487],[107.74155,-6.84853],[107.74378,-6.84654],[107.74224,-6.84288],[107.74619,-6.83384],[107.7447,-6.82833],[107.74551,-6.82399],[107.75,-6.81284],[107.76284,-6.81045],[107.76542,-6.8073],[107.77085,-6.80593],[107.77325,-6.80287],[107.77674,-6.80263],[107.78231,-6.80668],[107.79468,-6.80481],[107.8,-6.81073],[107.80192,-6.8109],[107.81604,-6.80103],[107.81764,-6.79253],[107.82311,-6.78509],[107.83138,-6.78273],[107.83268,-6.77846],[107.83666,-6.77675],[107.83652,-6.76909],[107.83842,-6.76866],[107.8372,-6.76305],[107.84003,-6.76035],[107.83807,-6.75176],[107.83508,-6.75064],[107.83766,-6.74324],[107.83415,-6.7399],[107.83573,-6.73782],[107.83449,-6.73792],[107.83604,-6.73244],[107.83634,-6.72697],[107.83516,-6.72594],[107.83697,-6.72498],[107.83585,-6.72312],[107.83464,-6.7238],[107.83465,-6.71782],[107.83253,-6.7166],[107.83451,-6.71543],[107.83289,-6.71409],[107.83693,-6.70759],[107.83472,-6.70626],[107.83658,-6.70157],[107.83834,-6.70138],[107.83739,-6.69983],[107.83902,-6.69765],[107.83766,-6.69411],[107.83476,-6.69359],[107.83512,-6.69209],[107.8331,-6.69236],[107.83263,-6.68993],[107.82764,-6.68803],[107.82839,-6.68356],[107.83347,-6.68395],[107.83392,-6.67781],[107.83958,-6.67396],[107.83701,-6.67123],[107.83992,-6.6702],[107.83804,-6.66834],[107.83818,-6.66604],[107.84131,-6.66062],[107.84654,-6.65827],[107.84645,-6.65483],[107.85104,-6.65451],[107.84842,-6.6387],[107.85166,-6.63098],[107.85488,-6.62998],[107.85603,-6.62659],[107.85179,-6.62076],[107.85266,-6.61198],[107.85049,-6.60812],[107.85571,-6.60145],[107.85192,-6.5944],[107.85275,-6.59146],[107.84761,-6.58636],[107.84887,-6.58079],[107.85948,-6.57938],[107.87492,-6.58427],[107.88001,-6.5878],[107.90608,-6.59385],[107.918,-6.60257],[107.92961,-6.61573],[107.93523,-6.61484],[107.93656,-6.62196],[107.93947,-6.62535],[107.95091,-6.62764],[107.95166,-6.63008],[107.96221,-6.63784],[107.97281,-6.63915],[107.97551,-6.64288],[107.99017,-6.65335],[108.00623,-6.65718],[108.01881,-6.6633],[108.02935,-6.66345],[108.02811,-6.66064],[108.03023,-6.65964],[108.02889,-6.65623],[108.03081,-6.65461],[108.03487,-6.65475],[108.03244,-6.65206],[108.03497,-6.64735],[108.03278,-6.64509],[108.03444,-6.64352],[108.03127,-6.63948],[108.03184,-6.63707],[108.03496,-6.64069],[108.03781,-6.6415],[108.04266,-6.6407],[108.04444,-6.63794],[108.04989,-6.63765],[108.05281,-6.64234],[108.0517,-6.64621],[108.05478,-6.64827],[108.05422,-6.65216],[108.05875,-6.65562],[108.06059,-6.6531],[108.06327,-6.65827],[108.0659,-6.65736],[108.06606,-6.65572],[108.06994,-6.65706],[108.06671,-6.65878],[108.06876,-6.66569],[108.07139,-6.66344],[108.07667,-6.66748],[108.07959,-6.66641],[108.07976,-6.66987],[108.08391,-6.66954],[108.08467,-6.67229],[108.08863,-6.6714],[108.08805,-6.67391],[108.09186,-6.67263],[108.09279,-6.67756],[108.09455,-6.67747],[108.10204,-6.68774],[108.105,-6.68663],[108.1075,-6.68759],[108.10666,-6.69004],[108.10929,-6.69052],[108.1079,-6.69173],[108.11092,-6.69418],[108.11101,-6.69862],[108.11253,-6.69838],[108.11391,-6.7015],[108.11783,-6.70146],[108.11661,-6.70427],[108.11775,-6.70636],[108.12201,-6.70352],[108.12346,-6.70728],[108.12576,-6.70384],[108.12801,-6.70647],[108.13231,-6.70529],[108.13114,-6.70684],[108.1335,-6.70697],[108.13358,-6.70897],[108.13529,-6.70669],[108.13629,-6.70799],[108.13791,-6.70722],[108.14018,-6.71053],[108.14545,-6.71191],[108.14731,-6.71552],[108.14575,-6.71748],[108.14808,-6.71608],[108.15015,-6.71685],[108.14877,-6.71879],[108.15178,-6.71839],[108.15288,-6.72305],[108.15426,-6.72101],[108.15551,-6.7221],[108.15551,-6.71999],[108.157,-6.72284],[108.15916,-6.72053],[108.1608,-6.72419],[108.16227,-6.72423],[108.16333,-6.73],[108.1604,-6.73294],[108.15688,-6.74132],[108.15196,-6.74449],[108.15328,-6.75129],[108.14865,-6.75512],[108.14913,-6.75921],[108.15303,-6.7618],[108.15993,-6.75873],[108.16419,-6.76118],[108.16391,-6.7737],[108.16965,-6.78398],[108.16966,-6.78699],[108.16666,-6.78619],[108.16506,-6.78833],[108.16569,-6.79643],[108.16208,-6.79747],[108.15436,-6.79557],[108.15443,-6.80266],[108.16212,-6.81042],[108.15934,-6.81943],[108.15949,-6.82566],[108.1648,-6.83521],[108.16636,-6.83475],[108.16678,-6.8312],[108.17654,-6.8317],[108.17908,-6.83364],[108.17692,-6.83808],[108.18101,-6.84205],[108.18008,-6.84557],[108.18124,-6.84721],[108.17945,-6.85201],[108.18404,-6.85494],[108.18853,-6.85306],[108.18905,-6.85767],[108.18578,-6.8589],[108.18935,-6.86319],[108.18898,-6.86525],[108.19204,-6.86554],[108.19347,-6.86321],[108.19573,-6.86867],[108.19835,-6.8707],[108.19852,-6.87258],[108.19267,-6.88103],[108.19336,-6.88544],[108.19695,-6.8892],[108.19896,-6.88847],[108.20454,-6.89083],[108.20527,-6.89285],[108.21139,-6.8883],[108.21413,-6.88901],[108.20953,-6.90663],[108.21121,-6.90695],[108.21551,-6.90251],[108.21302,-6.90866],[108.2138,-6.91191],[108.21121,-6.91528],[108.21286,-6.91828],[108.21745,-6.91949],[108.21664,-6.92497],[108.22002,-6.9274],[108.21718,-6.92886],[108.21675,-6.93187],[108.20521,-6.93713],[108.20592,-6.94049],[108.20203,-6.94103],[108.20226,-6.94321],[108.19997,-6.94633],[108.19099,-6.9479],[108.18855,-6.95301],[108.18055,-6.9562],[108.17898,-6.96236],[108.17251,-6.96846],[108.17079,-6.96837],[108.17068,-6.97989],[108.16772,-6.98375],[108.16811,-6.98938],[108.16514,-6.99379],[108.165,-6.99849],[108.15339,-7.01296],[108.15222,-7.02092],[108.14515,-7.02521],[108.1433,-7.03169],[108.13751,-7.03672],[108.13631,-7.03855],[108.13767,-7.0388],[108.13191,-7.03895],[108.12941,-7.04072],[108.12623,-7.0372],[108.12272,-7.0371],[108.11548,-7.03332],[108.10931,-7.02606],[108.10021,-7.01968],[108.09949,-7.0146],[108.09413,-7.00714],[108.09495,-7.00534],[108.09327,-7.00167],[108.09048,-6.99895],[108.08416,-6.99931],[108.08295,-6.99718],[108.08212,-6.98713],[108.0698,-6.987],[108.06383,-6.9948],[108.05811,-6.99427],[108.05413,-6.99597],[108.04713,-6.99267],[108.04519,-6.99568],[108.04212,-6.99635],[108.03736,-6.99471],[108.03682,-6.99162],[108.03026,-6.99133],[108.03052,-6.98932],[108.02849,-6.9874],[108.02718,-6.98875],[108.0253,-6.98745],[108.02639,-6.98545],[108.02338,-6.98364],[108.02308,-6.98177],[108.02052,-6.98309],[108.01588,-6.98012],[108.00765,-6.9824],[108.00436,-6.98103],[108.00324,-6.98295],[108.00019,-6.98359],[107.99701,-6.9813],[107.99069,-6.98197],[107.97791,-6.97235],[107.96837,-6.96289],[107.96655,-6.95874],[107.95726,-6.96051],[107.94781,-6.9585],[107.94308,-6.95322],[107.93902,-6.9563],[107.93479,-6.95503],[107.93142,-6.95592],[107.92697,-6.95218],[107.92602,-6.94863],[107.92182,-6.94961],[107.91598,-6.94571],[107.91479,-6.95269],[107.91268,-6.95453],[107.89998,-6.9531],[107.89201,-6.95953],[107.88993,-6.96386],[107.88517,-6.96227],[107.88216,-6.96311],[107.88012,-6.96107],[107.87909,-6.96333],[107.86854,-6.96269],[107.86681,-6.96562],[107.8633,-6.96505],[107.86197,-6.96751],[107.85417,-6.96759],[107.85189,-6.96608],[107.84474,-6.96956],[107.83959,-6.96924],[107.83197,-6.96443]]]}},{"type":"Feature","properties":{"n":"Kota Semarang","p":"Jawa Tengah"},"geometry":{"type":"MultiPolygon","coordinates":[[[[110.34517,-7.09931],[110.34422,-7.10034],[110.3427,-7.09927],[110.33682,-7.1047],[110.33351,-7.10303],[110.33222,-7.09908],[110.32892,-7.10222],[110.3242,-7.10165],[110.32176,-7.10321],[110.31967,-7.10152],[110.31843,-7.10593],[110.31471,-7.10776],[110.30945,-7.1017],[110.30521,-7.10186],[110.30332,-7.09727],[110.30507,-7.09202],[110.30481,-7.08505],[110.30114,-7.08041],[110.30314,-7.07946],[110.30283,-7.07696],[110.30071,-7.07274],[110.3012,-7.06833],[110.2991,-7.06765],[110.30074,-7.06489],[110.29192,-7.05582],[110.29298,-7.05414],[110.29438,-7.05455],[110.2928,-7.05233],[110.28731,-7.05073],[110.2855,-7.05231],[110.27781,-7.04174],[110.27572,-7.04332],[110.27157,-7.04118],[110.27276,-7.0373],[110.27144,-7.03546],[110.27361,-7.03566],[110.27406,-7.03439],[110.27167,-7.0336],[110.27206,-7.02679],[110.27048,-7.02508],[110.27201,-7.02465],[110.26971,-7.02147],[110.27481,-7.01925],[110.27326,-7.01512],[110.2749,-7.01164],[110.28436,-7.0129],[110.28574,-7.01015],[110.28245,-7.00694],[110.28245,-7.00504],[110.28023,-7.00447],[110.28049,-7.00079],[110.284,-6.99689],[110.28756,-6.99718],[110.28703,-6.99327],[110.28482,-6.99186],[110.28385,-6.99296],[110.28348,-6.99106],[110.28167,-6.99055],[110.28527,-6.98894],[110.28455,-6.9869],[110.28585,-6.98517],[110.29326,-6.98472],[110.29501,-6.98101],[110.29287,-6.97996],[110.29314,-6.97825],[110.28908,-6.9728],[110.28482,-6.97073],[110.28544,-6.96839],[110.28767,-6.96884],[110.28793,-6.96546],[110.29572,-6.96856],[110.2997,-6.96004],[110.29306,-6.95759],[110.2936,-6.95628],[110.29102,-6.95416],[110.2931,-6.95207],[110.29154,-6.95046],[110.29401,-6.94726],[110.29675,-6.94856],[110.29714,-6.95457],[110.30193,-6.95651],[110.30541,-6.95338],[110.30803,-6.94347],[110.31202,-6.94082],[110.3081,-6.94437],[110.30683,-6.95023],[110.30801,-6.95169],[110.30325,-6.95836],[110.31108,-6.95885],[110.31891,-6.95217],[110.31931,-6.95466],[110.31812,-6.95429],[110.31683,-6.95871],[110.32091,-6.96594],[110.32616,-6.96852],[110.32637,-6.96408],[110.33118,-6.96589],[110.33533,-6.9612],[110.33804,-6.96196],[110.33772,-6.96493],[110.34589,-6.96615],[110.34675,-6.96414],[110.3439,-6.96387],[110.34325,-6.96266],[110.34706,-6.96383],[110.3489,-6.96021],[110.35228,-6.95818],[110.34922,-6.96031],[110.34662,-6.96585],[110.34905,-6.96871],[110.35847,-6.96832],[110.36071,-6.96963],[110.36399,-6.96618],[110.35908,-6.96197],[110.35914,-6.95471],[110.35823,-6.95604],[110.35442,-6.95456],[110.35607,-6.95406],[110.3495,-6.953],[110.35987,-6.95466],[110.36861,-6.94731],[110.37947,-6.94635],[110.38135,-6.94915],[110.3816,-6.94777],[110.38628,-6.94641],[110.38617,-6.95148],[110.38916,-6.95143],[110.39052,-6.95088],[110.38891,-6.94856],[110.39248,-6.94607],[110.39423,-6.94894],[110.39602,-6.94812],[110.39501,-6.94498],[110.4018,-6.94487],[110.40239,-6.94902],[110.40703,-6.95018],[110.41007,-6.94701],[110.4077,-6.94807],[110.41197,-6.94551],[110.41181,-6.94156],[110.41259,-6.94118],[110.41259,-6.94314],[110.41497,-6.94344],[110.41241,-6.94382],[110.41243,-6.94632],[110.41641,-6.94592],[110.41656,-6.94396],[110.41854,-6.943],[110.41701,-6.94527],[110.41868,-6.94532],[110.41881,-6.95252],[110.41925,-6.95124],[110.42008,-6.95336],[110.42024,-6.95246],[110.42126,-6.95284],[110.42116,-6.95505],[110.42417,-6.95574],[110.42528,-6.95385],[110.41955,-6.94923],[110.42007,-6.94772],[110.42619,-6.95197],[110.42715,-6.95055],[110.4234,-6.94678],[110.42362,-6.9359],[110.4262,-6.9359],[110.42653,-6.94208],[110.42834,-6.94446],[110.43185,-6.9433],[110.4331,-6.94893],[110.43393,-6.9483],[110.43641,-6.95153],[110.43695,-6.94945],[110.43414,-6.94696],[110.43513,-6.94691],[110.43538,-6.94669],[110.43541,-6.94431],[110.43673,-6.94333],[110.43889,-6.94835],[110.4377,-6.94226],[110.43924,-6.94727],[110.44114,-6.94688],[110.44424,-6.93936],[110.44189,-6.94948],[110.44502,-6.94924],[110.44873,-6.95137],[110.4504,-6.95005],[110.45237,-6.95298],[110.45787,-6.95326],[110.45834,-6.9521],[110.45601,-6.95081],[110.4582,-6.94916],[110.45693,-6.94731],[110.46181,-6.9495],[110.46541,-6.94522],[110.4595,-6.93965],[110.46012,-6.93807],[110.45868,-6.93847],[110.458,-6.93762],[110.45927,-6.9378],[110.45805,-6.93575],[110.46062,-6.93374],[110.46916,-6.94313],[110.48549,-6.94838],[110.48708,-6.94643],[110.48845,-6.94669],[110.4882,-6.94863],[110.49214,-6.94718],[110.49023,-6.95514],[110.50078,-6.95236],[110.50253,-6.95789],[110.50087,-6.96364],[110.50314,-6.97097],[110.50299,-6.97716],[110.50523,-6.97967],[110.50184,-6.98534],[110.5029,-6.9859],[110.50018,-6.99649],[110.49515,-6.99438],[110.49016,-7.00338],[110.49113,-7.00511],[110.49383,-7.00439],[110.50192,-7.0095],[110.49818,-7.0209],[110.49764,-7.0248],[110.49922,-7.02607],[110.49403,-7.03071],[110.48419,-7.02836],[110.48317,-7.0294],[110.48432,-7.03014],[110.48291,-7.03098],[110.48498,-7.03213],[110.48381,-7.03467],[110.48576,-7.03625],[110.48349,-7.04229],[110.48517,-7.04383],[110.48169,-7.04464],[110.48436,-7.04576],[110.48353,-7.04861],[110.48601,-7.05225],[110.48504,-7.05366],[110.48489,-7.05176],[110.48331,-7.05131],[110.48139,-7.05372],[110.48327,-7.05661],[110.48842,-7.05264],[110.49183,-7.05658],[110.49131,-7.06057],[110.501,-7.06735],[110.49801,-7.06751],[110.49841,-7.06964],[110.49723,-7.06794],[110.49557,-7.06844],[110.49546,-7.07146],[110.49413,-7.07124],[110.4844,-7.08174],[110.47889,-7.08417],[110.47664,-7.08792],[110.47178,-7.08699],[110.46507,-7.08119],[110.46395,-7.0784],[110.46026,-7.07946],[110.45907,-7.07754],[110.45329,-7.0834],[110.45265,-7.08518],[110.45453,-7.08715],[110.45281,-7.08929],[110.45168,-7.08861],[110.4506,-7.09148],[110.44808,-7.08964],[110.44673,-7.09139],[110.44564,-7.09036],[110.44239,-7.0916],[110.43697,-7.0989],[110.43309,-7.0996],[110.43098,-7.09699],[110.42264,-7.09794],[110.42144,-7.10468],[110.41887,-7.10536],[110.41586,-7.109],[110.40801,-7.10884],[110.40316,-7.11185],[110.40335,-7.10999],[110.40201,-7.10969],[110.39582,-7.11546],[110.39528,-7.1131],[110.39003,-7.11181],[110.38523,-7.11507],[110.38326,-7.1141],[110.38092,-7.10862],[110.37696,-7.11147],[110.37627,-7.1074],[110.37948,-7.10124],[110.37615,-7.09966],[110.37616,-7.09456],[110.3749,-7.09657],[110.37303,-7.09654],[110.37367,-7.10516],[110.37134,-7.10749],[110.36982,-7.10698],[110.36893,-7.10931],[110.36838,-7.10742],[110.36469,-7.1079],[110.36305,-7.10412],[110.35539,-7.10613],[110.35288,-7.104],[110.34648,-7.085],[110.34599,-7.08811],[110.34225,-7.08964],[110.34448,-7.09274],[110.34359,-7.09437],[110.34517,-7.09931]]],[[[110.44443,-6.93746],[110.44398,-6.93862],[110.44303,-6.9413],[110.44223,-6.93936],[110.44443,-6.93746]]]]}},{"type":"Feature","properties":{"n":"Sukabumi","p":"Jawa Barat"},"geometry":{"type":"MultiPolygon","coordinates":[[[[106.53301,-7.40943],[106.53409,-7.40809],[106.52342,-7.40767],[106.51463,-7.39809],[106.49951,-7.38962],[106.49432,-7.38369],[106.49471,-7.38049],[106.49073,-7.37627],[106.48932,-7.37718],[106.4889,-7.37615],[106.4875,-7.37523],[106.48426,-7.37493],[106.48435,-7.37385],[106.48272,-7.37516],[106.47943,-7.37305],[106.472,-7.37106],[106.47256,-7.37043],[106.46749,-7.37159],[106.46096,-7.36812],[106.44931,-7.36644],[106.44401,-7.36077],[106.42808,-7.35986],[106.41409,-7.36292],[106.4053,-7.37074],[106.40506,-7.37441],[106.40771,-7.37854],[106.40691,-7.38196],[106.40535,-7.3825],[106.40372,-7.37342],[106.40095,-7.37324],[106.39947,-7.37095],[106.40459,-7.3566],[106.40291,-7.35367],[106.40269,-7.3467],[106.40046,-7.34706],[106.39953,-7.34535],[106.39811,-7.33265],[106.38525,-7.31999],[106.38482,-7.31864],[106.38653,-7.32023],[106.38753,-7.32005],[106.38489,-7.31734],[106.37946,-7.31799],[106.37264,-7.30803],[106.37278,-7.30354],[106.37775,-7.2993],[106.37834,-7.29526],[106.37605,-7.28961],[106.37157,-7.28431],[106.37027,-7.27955],[106.37144,-7.27751],[106.37375,-7.27674],[106.37408,-7.2784],[106.3803,-7.27382],[106.38082,-7.27134],[106.38496,-7.26792],[106.38464,-7.26113],[106.37835,-7.24174],[106.37317,-7.23707],[106.37595,-7.23649],[106.37627,-7.23764],[106.37762,-7.23746],[106.37871,-7.23909],[106.38008,-7.23983],[106.38093,-7.23984],[106.38625,-7.23626],[106.38795,-7.23152],[106.39136,-7.22858],[106.38872,-7.22209],[106.38901,-7.21792],[106.38664,-7.21651],[106.38978,-7.21118],[106.39408,-7.21279],[106.39837,-7.20783],[106.39951,-7.20248],[106.39565,-7.19817],[106.39721,-7.19468],[106.39995,-7.19305],[106.39915,-7.18981],[106.40092,-7.18639],[106.40435,-7.18644],[106.40727,-7.18862],[106.41463,-7.18698],[106.42481,-7.19054],[106.43662,-7.1845],[106.43884,-7.18644],[106.43974,-7.19058],[106.44368,-7.19175],[106.44785,-7.18614],[106.45303,-7.18579],[106.45535,-7.18754],[106.45456,-7.18609],[106.46075,-7.1826],[106.46409,-7.17862],[106.4658,-7.1728],[106.46569,-7.17429],[106.46637,-7.17381],[106.46615,-7.17219],[106.46372,-7.16935],[106.45802,-7.16674],[106.45577,-7.16018],[106.44919,-7.15325],[106.45018,-7.14807],[106.45759,-7.13424],[106.45717,-7.12924],[106.46736,-7.12773],[106.46901,-7.12033],[106.47275,-7.11938],[106.47466,-7.11576],[106.47931,-7.11225],[106.48226,-7.11187],[106.48425,-7.104],[106.49318,-7.10074],[106.49612,-7.10209],[106.49484,-7.10046],[106.50598,-7.09614],[106.51272,-7.08692],[106.52316,-7.07871],[106.52909,-7.0702],[106.52948,-7.06608],[106.53824,-7.06056],[106.53938,-7.05764],[106.54531,-7.05465],[106.54387,-7.0543],[106.54241,-7.04149],[106.54355,-7.02961],[106.54526,-7.02936],[106.54525,-7.02737],[106.53994,-7.02641],[106.53323,-7.02174],[106.54031,-7.02641],[106.54316,-7.02554],[106.54091,-7.02107],[106.54014,-7.02105],[106.53863,-7.02177],[106.53764,-7.02186],[106.53678,-7.02155],[106.53447,-7.01992],[106.53771,-7.02173],[106.54075,-7.02081],[106.53996,-7.00575],[106.54107,-7.00605],[106.54295,-6.99744],[106.54119,-6.99125],[106.54303,-6.99097],[106.54169,-6.99115],[106.54106,-6.99096],[106.54098,-6.99073],[106.54224,-6.98769],[106.5427,-6.99037],[106.54411,-6.98786],[106.54022,-6.98239],[106.53946,-6.98342],[106.53572,-6.98009],[106.53345,-6.98087],[106.5258,-6.97315],[106.51361,-6.96613],[106.50505,-6.96324],[106.49683,-6.96373],[106.48807,-6.96076],[106.4839,-6.9615],[106.48288,-6.96018],[106.48345,-6.96129],[106.47731,-6.96318],[106.46032,-6.95487],[106.45653,-6.95709],[106.45675,-6.95599],[106.44463,-6.95209],[106.44188,-6.95468],[106.43608,-6.95554],[106.4353,-6.95834],[106.42631,-6.95877],[106.41666,-6.96314],[106.41441,-6.96803],[106.41599,-6.97172],[106.41544,-6.97487],[106.41349,-6.97595],[106.39975,-6.9772],[106.3971,-6.97893],[106.39666,-6.97466],[106.39361,-6.97367],[106.39438,-6.9645],[106.3958,-6.96355],[106.39239,-6.95995],[106.39546,-6.95975],[106.39575,-6.95406],[106.38966,-6.94217],[106.39151,-6.93894],[106.39071,-6.93371],[106.39145,-6.93192],[106.39394,-6.93195],[106.39582,-6.92929],[106.39792,-6.92902],[106.39861,-6.9244],[106.4003,-6.92405],[106.40004,-6.91994],[106.39797,-6.9184],[106.39725,-6.90882],[106.39218,-6.90464],[106.3929,-6.90063],[106.40179,-6.89639],[106.40602,-6.88655],[106.41942,-6.88037],[106.4192,-6.8742],[106.42536,-6.86881],[106.42484,-6.86552],[106.42848,-6.86496],[106.43108,-6.8621],[106.43218,-6.85766],[106.42982,-6.85554],[106.43202,-6.8493],[106.43122,-6.84601],[106.43528,-6.83892],[106.43479,-6.83276],[106.4377,-6.82787],[106.43557,-6.82509],[106.43703,-6.82263],[106.43609,-6.81978],[106.44042,-6.81888],[106.44165,-6.81579],[106.44317,-6.81776],[106.44738,-6.81839],[106.45209,-6.8147],[106.45235,-6.80938],[106.45402,-6.80899],[106.45724,-6.80373],[106.46197,-6.80173],[106.46396,-6.80291],[106.46804,-6.80003],[106.47042,-6.80064],[106.47127,-6.79834],[106.47304,-6.79965],[106.47321,-6.79739],[106.47924,-6.79511],[106.48584,-6.79455],[106.48684,-6.79614],[106.48884,-6.79509],[106.48864,-6.79241],[106.49765,-6.79117],[106.50746,-6.7812],[106.51599,-6.77708],[106.52559,-6.76853],[106.52461,-6.76119],[106.5257,-6.75856],[106.53346,-6.75392],[106.54713,-6.75198],[106.55994,-6.73828],[106.56081,-6.73348],[106.56663,-6.72772],[106.5686,-6.72263],[106.57412,-6.7202],[106.57645,-6.71737],[106.58018,-6.71859],[106.58275,-6.72186],[106.58475,-6.73724],[106.58896,-6.74373],[106.59653,-6.74809],[106.60232,-6.74918],[106.62296,-6.74899],[106.63017,-6.75236],[106.63174,-6.755],[106.6423,-6.74902],[106.65605,-6.74775],[106.65769,-6.74502],[106.65601,-6.73931],[106.65909,-6.73178],[106.66752,-6.73662],[106.6712,-6.73476],[106.6732,-6.73164],[106.6758,-6.73787],[106.68297,-6.74653],[106.69381,-6.74481],[106.69939,-6.74178],[106.70272,-6.73336],[106.71392,-6.72913],[106.72524,-6.71835],[106.73264,-6.71568],[106.7406,-6.71532],[106.76557,-6.74163],[106.77171,-6.75047],[106.77757,-6.75476],[106.78668,-6.75595],[106.79318,-6.75236],[106.79825,-6.7551],[106.80209,-6.76244],[106.81438,-6.76858],[106.82267,-6.76958],[106.83131,-6.76697],[106.8377,-6.76982],[106.84444,-6.77581],[106.85939,-6.77702],[106.87174,-6.7816],[106.8831,-6.78224],[106.88742,-6.78531],[106.89729,-6.78633],[106.90047,-6.7883],[106.92049,-6.78667],[106.92617,-6.78298],[106.93564,-6.76753],[106.947,-6.76079],[106.9532,-6.76015],[106.95899,-6.76179],[106.96743,-6.77222],[106.97023,-6.77922],[106.98044,-6.78929],[106.98647,-6.79055],[106.99291,-6.79901],[106.99254,-6.80392],[106.99629,-6.81957],[106.99515,-6.82297],[106.9961,-6.8347],[107.00027,-6.83913],[107.00527,-6.84839],[107.00937,-6.84924],[107.01121,-6.85202],[107.0238,-6.86078],[107.02693,-6.86786],[107.0317,-6.87178],[107.03296,-6.87541],[107.0313,-6.87912],[107.03524,-6.88653],[107.02931,-6.88796],[107.02951,-6.89117],[107.03284,-6.89309],[107.03258,-6.89827],[107.04053,-6.89897],[107.03974,-6.90306],[107.04209,-6.90938],[107.0484,-6.91057],[107.04998,-6.92974],[107.04856,-6.93246],[107.04858,-6.94224],[107.05614,-6.95252],[107.06212,-6.95642],[107.06398,-6.96146],[107.05309,-6.96431],[107.04898,-6.96069],[107.0461,-6.96126],[107.04558,-6.96275],[107.04189,-6.96268],[107.03736,-6.96918],[107.03674,-6.9748],[107.03332,-6.97654],[107.03231,-6.98116],[107.03409,-6.98605],[107.03304,-6.98718],[107.03808,-6.98929],[107.04553,-7.0022],[107.05268,-7.00748],[107.05424,-7.0144],[107.05709,-7.01615],[107.05694,-7.01877],[107.05937,-7.02207],[107.05581,-7.0316],[107.05433,-7.03214],[107.05026,-7.0296],[107.04792,-7.03091],[107.04596,-7.04127],[107.04389,-7.04423],[107.03941,-7.04587],[107.03718,-7.04173],[107.02891,-7.03862],[107.02441,-7.03856],[107.0194,-7.03354],[107.01349,-7.03241],[107.01137,-7.03006],[107.0084,-7.03156],[107.00355,-7.03057],[106.99586,-7.0318],[106.98903,-7.01702],[106.98152,-7.01375],[106.97371,-7.01764],[106.95874,-7.03258],[106.95383,-7.04943],[106.95473,-7.05338],[106.95332,-7.05877],[106.95486,-7.06346],[106.95286,-7.06571],[106.95398,-7.0683],[106.95018,-7.07141],[106.94606,-7.07085],[106.94358,-7.07484],[106.94556,-7.07982],[106.9469,-7.0797],[106.94828,-7.08598],[106.944,-7.08703],[106.94594,-7.09093],[106.94304,-7.09242],[106.9422,-7.1004],[106.93922,-7.10227],[106.93907,-7.10752],[106.93663,-7.10911],[106.93826,-7.11293],[106.93652,-7.11543],[106.93704,-7.12283],[106.94204,-7.12841],[106.94531,-7.12818],[106.94395,-7.13089],[106.94169,-7.13121],[106.94236,-7.13285],[106.94679,-7.13125],[106.94553,-7.13332],[106.94901,-7.13493],[106.94898,-7.13267],[106.95119,-7.13211],[106.95681,-7.1365],[106.95832,-7.13985],[106.96253,-7.13994],[106.9658,-7.14471],[106.96743,-7.15596],[106.96608,-7.15635],[106.96472,-7.15422],[106.96043,-7.15643],[106.96037,-7.15923],[106.95771,-7.16139],[106.95785,-7.16455],[106.96114,-7.17066],[106.96502,-7.17287],[106.96324,-7.17361],[106.96409,-7.17781],[106.96575,-7.17643],[106.96798,-7.17819],[106.9704,-7.17594],[106.97242,-7.18392],[106.97482,-7.18574],[106.9737,-7.18995],[106.97185,-7.18984],[106.97142,-7.18823],[106.9671,-7.18956],[106.9679,-7.19591],[106.97304,-7.1992],[106.97526,-7.20609],[106.97538,-7.21529],[106.98014,-7.21671],[106.98264,-7.2224],[106.98264,-7.22848],[106.98083,-7.2296],[106.97942,-7.23638],[106.97996,-7.24119],[106.97453,-7.24105],[106.97208,-7.24658],[106.96697,-7.24551],[106.96822,-7.24893],[106.96672,-7.2507],[106.9634,-7.25047],[106.96473,-7.25381],[106.96032,-7.26027],[106.96476,-7.26572],[106.97,-7.2663],[106.96998,-7.27126],[106.97283,-7.27393],[106.97226,-7.27939],[106.976,-7.28471],[106.97418,-7.287],[106.97486,-7.29026],[106.97302,-7.29017],[106.97309,-7.29491],[106.96717,-7.31217],[106.96146,-7.31821],[106.95717,-7.31808],[106.95375,-7.32115],[106.95025,-7.32145],[106.94675,-7.31847],[106.94059,-7.31782],[106.93394,-7.3244],[106.93359,-7.32873],[106.93532,-7.33281],[106.93411,-7.33413],[106.92758,-7.333],[106.92622,-7.32696],[106.9193,-7.32188],[106.91508,-7.32298],[106.91142,-7.32829],[106.91082,-7.33475],[106.90798,-7.33947],[106.9094,-7.3493],[106.90336,-7.35117],[106.90318,-7.34256],[106.89528,-7.34143],[106.89287,-7.34357],[106.89492,-7.34758],[106.88998,-7.34871],[106.88471,-7.35337],[106.88085,-7.35151],[106.87684,-7.35353],[106.8768,-7.36287],[106.87537,-7.36396],[106.87108,-7.36317],[106.8703,-7.35699],[106.86864,-7.35559],[106.86111,-7.36342],[106.85566,-7.36203],[106.86082,-7.35631],[106.85856,-7.35422],[106.8533,-7.35687],[106.85081,-7.36073],[106.84492,-7.35643],[106.84252,-7.35847],[106.83193,-7.358],[106.82682,-7.36544],[106.82314,-7.36246],[106.81967,-7.37243],[106.80524,-7.38811],[106.79559,-7.3916],[106.79512,-7.39682],[106.78278,-7.39691],[106.77715,-7.40195],[106.77605,-7.40625],[106.78085,-7.4156],[106.78336,-7.41624],[106.78729,-7.4097],[106.78983,-7.40973],[106.79429,-7.42698],[106.79435,-7.43404],[106.79278,-7.4372],[106.78955,-7.43712],[106.79257,-7.43637],[106.7902,-7.43402],[106.78529,-7.43673],[106.781,-7.43707],[106.74622,-7.4316],[106.70027,-7.42707],[106.69839,-7.42712],[106.6981,-7.43049],[106.69831,-7.42712],[106.68307,-7.42573],[106.67942,-7.42348],[106.66974,-7.42441],[106.59783,-7.41295],[106.59689,-7.4138],[106.59146,-7.4132],[106.58383,-7.4133],[106.58333,-7.41375],[106.58216,-7.41222],[106.58109,-7.41242],[106.58002,-7.41326],[106.57981,-7.41642],[106.57555,-7.41795],[106.5627,-7.4174],[106.55574,-7.41412],[106.55689,-7.41531],[106.54952,-7.41462],[106.54203,-7.41051],[106.53717,-7.4113],[106.53301,-7.40943]],[[106.91807,-6.90289],[106.91477,-6.89244],[106.91407,-6.8941],[106.9115,-6.89248],[106.91016,-6.89388],[106.90985,-6.90342],[106.90739,-6.90742],[106.90613,-6.91497],[106.90473,-6.91226],[106.90145,-6.91205],[106.90101,-6.91363],[106.90063,-6.93325],[106.90747,-6.93897],[106.91152,-6.95232],[106.91035,-6.9543],[106.90218,-6.95617],[106.89906,-6.95839],[106.89803,-6.95639],[106.89425,-6.9575],[106.89344,-6.95624],[106.88604,-6.9564],[106.88401,-6.95924],[106.87379,-6.96311],[106.87445,-6.96689],[106.87167,-6.97229],[106.87484,-6.97612],[106.87668,-6.97379],[106.87886,-6.97587],[106.87992,-6.97315],[106.88639,-6.97394],[106.88875,-6.96934],[106.89602,-6.97214],[106.89476,-6.97406],[106.8973,-6.97807],[106.90215,-6.97582],[106.90586,-6.97891],[106.91183,-6.9782],[106.91421,-6.97439],[106.91746,-6.97606],[106.91742,-6.97403],[106.92306,-6.97235],[106.92283,-6.96973],[106.92606,-6.96962],[106.93126,-6.96535],[106.94455,-6.96698],[106.9465,-6.96896],[106.9524,-6.964],[106.95567,-6.95836],[106.96017,-6.93752],[106.9583,-6.9347],[106.95894,-6.92853],[106.95727,-6.92421],[106.95973,-6.91867],[106.94988,-6.92074],[106.95214,-6.91615],[106.9549,-6.91529],[106.95444,-6.90401],[106.95069,-6.90456],[106.94975,-6.90762],[106.93942,-6.90846],[106.93659,-6.90365],[106.93414,-6.9024],[106.93327,-6.90404],[106.92967,-6.90467],[106.92426,-6.89838],[106.92194,-6.9015],[106.91807,-6.90289]]],[[[106.49346,-7.38051],[106.49354,-7.38085],[106.49338,-7.38081],[106.49346,-7.38051]]],[[[106.49007,-7.37808],[106.4899,-7.37806],[106.49,-7.37798],[106.49007,-7.37808]]],[[[106.48905,-7.37657],[106.48895,-7.37684],[106.489,-7.37656],[106.48905,-7.37657]]],[[[106.48796,-7.37629],[106.48797,-7.37673],[106.48774,-7.37627],[106.48796,-7.37629]]],[[[106.48017,-7.37393],[106.48005,-7.37399],[106.48007,-7.37391],[106.48017,-7.37393]]],[[[106.47798,-7.37325],[106.47774,-7.37336],[106.4779,-7.37314],[106.47798,-7.37325]]],[[[106.47715,-7.37295],[106.4773,-7.37311],[106.47724,-7.37323],[106.47715,-7.37295]]],[[[106.3798,-7.24874],[106.37967,-7.24875],[106.37969,-7.24865],[106.3798,-7.24874]]],[[[106.37869,-7.24731],[106.37898,-7.24731],[106.37898,-7.24747],[106.37879,-7.24756],[106.37869,-7.24731]]],[[[106.37749,-7.24678],[106.37724,-7.24681],[106.37741,-7.24671],[106.37749,-7.24678]]],[[[106.37704,-7.24599],[106.37746,-7.24642],[106.37701,-7.24644],[106.37704,-7.24599]]],[[[106.39036,-7.22811],[106.39005,-7.22819],[106.39031,-7.22801],[106.39036,-7.22811]]],[[[106.3886,-7.21872],[106.38857,-7.2191],[106.38838,-7.21896],[106.3886,-7.21872]]],[[[106.38124,-7.20882],[106.38178,-7.20865],[106.38097,-7.20913],[106.38124,-7.20882]]],[[[106.4176,-7.18644],[106.41789,-7.18654],[106.41788,-7.18658],[106.4176,-7.18644]]],[[[106.43434,-7.18419],[106.43461,-7.18445],[106.43458,-7.18451],[106.43434,-7.18419]]],[[[106.44261,-7.18446],[106.44231,-7.18376],[106.44288,-7.18431],[106.44261,-7.18446]]],[[[106.44626,-7.18057],[106.44742,-7.18183],[106.44745,-7.18209],[106.44639,-7.18109],[106.44626,-7.18057]]],[[[106.44813,-7.15325],[106.44866,-7.15333],[106.44875,-7.15362],[106.44813,-7.15325]]],[[[106.52553,-7.07286],[106.52494,-7.07279],[106.52542,-7.07242],[106.52553,-7.07286]]],[[[106.45692,-6.95707],[106.45685,-6.95725],[106.45666,-6.95722],[106.45692,-6.95707]]],[[[106.58085,-7.41361],[106.58152,-7.41508],[106.58106,-7.41573],[106.58085,-7.41361]]],[[[106.58822,-7.41343],[106.58812,-7.41342],[106.58819,-7.41338],[106.58822,-7.41343]]],[[[106.58227,-7.41267],[106.58124,-7.41365],[106.58058,-7.41314],[106.58112,-7.41264],[106.58227,-7.41267]]]]}},{"type":"Feature","properties":{"n":"Tulungagung","p":"Jawa Timur"},"geometry":{"type":"MultiPolygon","coordinates":[[[[111.76161,-8.38814],[111.76138,-8.38727],[111.76193,-8.38823],[111.76161,-8.38814]]],[[[111.76038,-8.38746],[111.76084,-8.38824],[111.75852,-8.38724],[111.76038,-8.38746]]],[[[111.76213,-8.38758],[111.76211,-8.38653],[111.76248,-8.38738],[111.76213,-8.38758]]],[[[111.76237,-8.38669],[111.76303,-8.38685],[111.76301,-8.38739],[111.76237,-8.38669]]],[[[111.76242,-8.38585],[111.76221,-8.38603],[111.76215,-8.3859],[111.76242,-8.38585]]],[[[111.78328,-8.36975],[111.78303,-8.37008],[111.78298,-8.36979],[111.78328,-8.36975]]],[[[111.77916,-8.36855],[111.77765,-8.36945],[111.77712,-8.36905],[111.77772,-8.36753],[111.77916,-8.36855]]],[[[111.77883,-8.36723],[111.78397,-8.36707],[111.78414,-8.37047],[111.78209,-8.36821],[111.77883,-8.36723]]],[[[111.78683,-8.36527],[111.78562,-8.36631],[111.78536,-8.36624],[111.78683,-8.36527]]],[[[111.79966,-8.35807],[111.79653,-8.35791],[111.79615,-8.35508],[111.79856,-8.35643],[111.79966,-8.35807]]],[[[111.79639,-8.35458],[111.7962,-8.35463],[111.79623,-8.35454],[111.79639,-8.35458]]],[[[111.74738,-8.34701],[111.74614,-8.35012],[111.74639,-8.3514],[111.74526,-8.34756],[111.74738,-8.34701]]],[[[111.75664,-8.34321],[111.75629,-8.34325],[111.75655,-8.34299],[111.75664,-8.34321]]],[[[111.75902,-8.34142],[111.76052,-8.34379],[111.75886,-8.34184],[111.75747,-8.34239],[111.75902,-8.34142]]],[[[111.75799,-8.34057],[111.75714,-8.3402],[111.75806,-8.33906],[111.75799,-8.34057]]],[[[111.78379,-8.32699],[111.78332,-8.32673],[111.78379,-8.32662],[111.78379,-8.32699]]],[[[111.77477,-8.26003],[111.77044,-8.2657],[111.76994,-8.27019],[111.77773,-8.27435],[111.77872,-8.27723],[111.77583,-8.2786],[111.77328,-8.28333],[111.76886,-8.28575],[111.76969,-8.28882],[111.76716,-8.28799],[111.75884,-8.2902],[111.75682,-8.28776],[111.75166,-8.28824],[111.75,-8.28981],[111.75079,-8.27348],[111.74572,-8.26441],[111.74791,-8.25788],[111.74378,-8.25271],[111.73396,-8.25313],[111.72726,-8.24215],[111.72738,-8.24086],[111.73077,-8.2399],[111.73229,-8.23649],[111.729,-8.23127],[111.73017,-8.22965],[111.73234,-8.2298],[111.73288,-8.22767],[111.73191,-8.21944],[111.73442,-8.21512],[111.7337,-8.21053],[111.73945,-8.20888],[111.74013,-8.20318],[111.73756,-8.20021],[111.73024,-8.20556],[111.72848,-8.2005],[111.72571,-8.19985],[111.72381,-8.19418],[111.71686,-8.19112],[111.71926,-8.18718],[111.71545,-8.18412],[111.72004,-8.17577],[111.72058,-8.17338],[111.71845,-8.16871],[111.72156,-8.16172],[111.72882,-8.15302],[111.73361,-8.14221],[111.7362,-8.14273],[111.74235,-8.13869],[111.74888,-8.14005],[111.75205,-8.14271],[111.75656,-8.14062],[111.77156,-8.13881],[111.79241,-8.13899],[111.79281,-8.13752],[111.81422,-8.13695],[111.82228,-8.1347],[111.82453,-8.13215],[111.83144,-8.12946],[111.83188,-8.12755],[111.83824,-8.12291],[111.84097,-8.11899],[111.84245,-8.11177],[111.8444,-8.11174],[111.84425,-8.11007],[111.84657,-8.11063],[111.84693,-8.10642],[111.8426,-8.10385],[111.84391,-8.09635],[111.83834,-8.0916],[111.83719,-8.09122],[111.83565,-8.09469],[111.82493,-8.09176],[111.82488,-8.08949],[111.81857,-8.08956],[111.81315,-8.08765],[111.8096,-8.07569],[111.79761,-8.06732],[111.79642,-8.06149],[111.79139,-8.05939],[111.78967,-8.05237],[111.78022,-8.03923],[111.7727,-8.03669],[111.76865,-8.03731],[111.75884,-8.03186],[111.75462,-8.03125],[111.75629,-8.02479],[111.75451,-8.00271],[111.75684,-7.99602],[111.76037,-7.99284],[111.76054,-7.98794],[111.75912,-7.98367],[111.75345,-7.97933],[111.75104,-7.97198],[111.74837,-7.96966],[111.74173,-7.96963],[111.73813,-7.95891],[111.7436,-7.95389],[111.7457,-7.94746],[111.74644,-7.94214],[111.74418,-7.93215],[111.74899,-7.92814],[111.75296,-7.92901],[111.76123,-7.9229],[111.75943,-7.9225],[111.75913,-7.91793],[111.75492,-7.91439],[111.75613,-7.91238],[111.75428,-7.90993],[111.75858,-7.90598],[111.75792,-7.90207],[111.76067,-7.90096],[111.75608,-7.8987],[111.7578,-7.8965],[111.75615,-7.89627],[111.75586,-7.89387],[111.75668,-7.89302],[111.75874,-7.89478],[111.76117,-7.8904],[111.76411,-7.89052],[111.77113,-7.88679],[111.77106,-7.88285],[111.7692,-7.88173],[111.77065,-7.88053],[111.76961,-7.87893],[111.77169,-7.87904],[111.77168,-7.87241],[111.77863,-7.86514],[111.77683,-7.86194],[111.77314,-7.86005],[111.7714,-7.85596],[111.78078,-7.83902],[111.78526,-7.83587],[111.78581,-7.83347],[111.7992,-7.83657],[111.79702,-7.84272],[111.79717,-7.8479],[111.80199,-7.85629],[111.80271,-7.86567],[111.81037,-7.86643],[111.81684,-7.87205],[111.82015,-7.87193],[111.83038,-7.87744],[111.83688,-7.88298],[111.84109,-7.88916],[111.84441,-7.89093],[111.85125,-7.90086],[111.86303,-7.90766],[111.86289,-7.9107],[111.86912,-7.91783],[111.87824,-7.93287],[111.88002,-7.94254],[111.88363,-7.94791],[111.88669,-7.94849],[111.89181,-7.95273],[111.89468,-7.95357],[111.89396,-7.95226],[111.89619,-7.95218],[111.9026,-7.95707],[111.90695,-7.95608],[111.9082,-7.95771],[111.91004,-7.95612],[111.91065,-7.95895],[111.91307,-7.95867],[111.91712,-7.96121],[111.91779,-7.95656],[111.92289,-7.95686],[111.92768,-7.96294],[111.93091,-7.96233],[111.93483,-7.95707],[111.94064,-7.95623],[111.94524,-7.95357],[111.94659,-7.96089],[111.94387,-7.96449],[111.947,-7.96665],[111.94753,-7.97226],[111.95036,-7.97476],[111.9511,-7.98077],[111.95299,-7.98255],[111.95261,-7.9886],[111.95572,-7.98926],[111.95551,-7.99087],[111.95649,-7.99015],[111.95709,-7.99739],[111.95561,-7.9983],[111.95806,-8.00631],[111.95652,-8.00893],[111.96248,-8.01198],[111.96203,-8.01393],[111.96402,-8.0154],[111.96507,-8.01986],[111.96608,-8.02173],[111.96763,-8.02136],[111.96878,-8.02644],[111.97042,-8.02732],[111.96941,-8.02991],[111.97077,-8.0311],[111.97093,-8.03692],[111.97363,-8.04027],[111.97248,-8.04361],[111.97752,-8.04382],[111.98203,-8.04839],[111.98705,-8.04985],[111.98721,-8.05272],[111.99386,-8.05772],[111.99622,-8.06265],[111.99575,-8.06654],[111.99397,-8.06792],[111.99319,-8.06695],[111.99331,-8.07117],[111.99183,-8.07115],[111.98817,-8.07643],[111.99284,-8.08093],[111.99408,-8.08747],[111.99687,-8.09211],[112.008,-8.09755],[112.01745,-8.09681],[112.03365,-8.09885],[112.04866,-8.10957],[112.06708,-8.11134],[112.07159,-8.11698],[112.07894,-8.11892],[112.08264,-8.11827],[112.08692,-8.11296],[112.09578,-8.11091],[112.11287,-8.11991],[112.11588,-8.12311],[112.12201,-8.12529],[112.11947,-8.12864],[112.1201,-8.13448],[112.11732,-8.14362],[112.11654,-8.15761],[112.10365,-8.15839],[112.09751,-8.16644],[112.09539,-8.17197],[112.09397,-8.17362],[112.08902,-8.17336],[112.07858,-8.18752],[112.06611,-8.18646],[112.06448,-8.18409],[112.06406,-8.17665],[112.05643,-8.17685],[112.05068,-8.17975],[112.03811,-8.17375],[112.03545,-8.16928],[112.03162,-8.16997],[112.02884,-8.16821],[112.0291,-8.18144],[112.0271,-8.1846],[112.02419,-8.18572],[112.02541,-8.18763],[112.02297,-8.19328],[112.0261,-8.19566],[112.02637,-8.19902],[112.02818,-8.20027],[112.02544,-8.20588],[112.02392,-8.22527],[112.02193,-8.22674],[112.02266,-8.22884],[112.02547,-8.22913],[112.02688,-8.23424],[112.02595,-8.23931],[112.02266,-8.24434],[112.02513,-8.24801],[112.02626,-8.25715],[112.03063,-8.26268],[112.02892,-8.27319],[112.02368,-8.2811],[112.02448,-8.28779],[112.03159,-8.29391],[112.03436,-8.30085],[112.0335,-8.3098],[112.02929,-8.31197],[112.02529,-8.31063],[112.02365,-8.30698],[112.01691,-8.30222],[112.01032,-8.30363],[112.01009,-8.30148],[112.0073,-8.29961],[111.99346,-8.29699],[111.98439,-8.29091],[111.98041,-8.28443],[111.9707,-8.27998],[111.96295,-8.28012],[111.94986,-8.27721],[111.94276,-8.27877],[111.93743,-8.28462],[111.93505,-8.29272],[111.94305,-8.29383],[111.94381,-8.29883],[111.93489,-8.30746],[111.93353,-8.30533],[111.92941,-8.30616],[111.92854,-8.30387],[111.92748,-8.30527],[111.92652,-8.30347],[111.92544,-8.30421],[111.91729,-8.29972],[111.91575,-8.29737],[111.91153,-8.29675],[111.90747,-8.30254],[111.90571,-8.30312],[111.90286,-8.30133],[111.9015,-8.30248],[111.9024,-8.30374],[111.89921,-8.30422],[111.89742,-8.30312],[111.89926,-8.30181],[111.89815,-8.30011],[111.89144,-8.29825],[111.88541,-8.29281],[111.87901,-8.29019],[111.87519,-8.29088],[111.8735,-8.28909],[111.87363,-8.28477],[111.86912,-8.28431],[111.86869,-8.28055],[111.86671,-8.28044],[111.86883,-8.27905],[111.86826,-8.27628],[111.86516,-8.27368],[111.86231,-8.27462],[111.86363,-8.27127],[111.86246,-8.26872],[111.86102,-8.27039],[111.85783,-8.26806],[111.85731,-8.26972],[111.85541,-8.26884],[111.85284,-8.27112],[111.85164,-8.26623],[111.85037,-8.26727],[111.8493,-8.26393],[111.8459,-8.26452],[111.8446,-8.26237],[111.84172,-8.26367],[111.84027,-8.2586],[111.83889,-8.25866],[111.83818,-8.26104],[111.83567,-8.26123],[111.83503,-8.26424],[111.83843,-8.26448],[111.83821,-8.2676],[111.84069,-8.26795],[111.84002,-8.2708],[111.8422,-8.27198],[111.84067,-8.27282],[111.84199,-8.2741],[111.83941,-8.27433],[111.83983,-8.27598],[111.84176,-8.27619],[111.84116,-8.27994],[111.84255,-8.28187],[111.83263,-8.28114],[111.83178,-8.27789],[111.82912,-8.27767],[111.82923,-8.27594],[111.82804,-8.27597],[111.8296,-8.27466],[111.82975,-8.27341],[111.82814,-8.27352],[111.82879,-8.27234],[111.81927,-8.27024],[111.81806,-8.27301],[111.81469,-8.27261],[111.81391,-8.27039],[111.81554,-8.26845],[111.81268,-8.26811],[111.81276,-8.26678],[111.81114,-8.26769],[111.80867,-8.26411],[111.80569,-8.26641],[111.80581,-8.26824],[111.80247,-8.2675],[111.80246,-8.26889],[111.79993,-8.26985],[111.79924,-8.26853],[111.80364,-8.26262],[111.80044,-8.25802],[111.79508,-8.25535],[111.78286,-8.25671],[111.77477,-8.26003]]],[[[111.84552,-8.2829],[111.8456,-8.28308],[111.84544,-8.283],[111.84552,-8.2829]]],[[[111.80573,-8.26857],[111.80603,-8.26848],[111.80599,-8.26884],[111.80573,-8.26857]]],[[[111.87696,-8.29163],[111.87659,-8.29167],[111.87664,-8.2915],[111.87696,-8.29163]]],[[[111.86377,-8.27894],[111.86421,-8.27775],[111.86446,-8.27781],[111.86377,-8.27894]]],[[[111.8628,-8.27558],[111.86295,-8.27546],[111.86297,-8.27555],[111.8628,-8.27558]]],[[[111.92487,-8.30654],[111.92498,-8.30702],[111.92466,-8.30689],[111.92487,-8.30654]]],[[[111.92509,-8.30531],[111.9256,-8.306],[111.92529,-8.30627],[111.92509,-8.30531]]],[[[111.89362,-8.30086],[111.89364,-8.30045],[111.89375,-8.30078],[111.89362,-8.30086]]]]}},{"type":"Feature","properties":{"n":"Kota Yogyakarta","p":"Daerah Istimewa Yogyakarta"},"geometry":{"type":"Polygon","coordinates":[[[110.36033,-7.82472],[110.35914,-7.82604],[110.35175,-7.82575],[110.35257,-7.82324],[110.35079,-7.82107],[110.35213,-7.81469],[110.34578,-7.81254],[110.3448,-7.80778],[110.34832,-7.7995],[110.3482,-7.79511],[110.3499,-7.79412],[110.34861,-7.7933],[110.35131,-7.78068],[110.35108,-7.76822],[110.35219,-7.77197],[110.35345,-7.77188],[110.35226,-7.76647],[110.35896,-7.77125],[110.36398,-7.76827],[110.36621,-7.76954],[110.36527,-7.76964],[110.36497,-7.77023],[110.36664,-7.77036],[110.36653,-7.77169],[110.36856,-7.77036],[110.37007,-7.77537],[110.37542,-7.77469],[110.37568,-7.77651],[110.38073,-7.78025],[110.39075,-7.78039],[110.39284,-7.78645],[110.39731,-7.78902],[110.39577,-7.79259],[110.3985,-7.80036],[110.39707,-7.80224],[110.40226,-7.80243],[110.4013,-7.81924],[110.40372,-7.81968],[110.40352,-7.82237],[110.4014,-7.82265],[110.40483,-7.82251],[110.40511,-7.8304],[110.40357,-7.83309],[110.40058,-7.83136],[110.40005,-7.83354],[110.39779,-7.83333],[110.39712,-7.83114],[110.3994,-7.82789],[110.39331,-7.82626],[110.39521,-7.83562],[110.39431,-7.83716],[110.39072,-7.83589],[110.38989,-7.84007],[110.38766,-7.83993],[110.38796,-7.83488],[110.38371,-7.83479],[110.38694,-7.834],[110.38643,-7.83044],[110.38456,-7.829],[110.37972,-7.82854],[110.38016,-7.83002],[110.37746,-7.8318],[110.377,-7.83002],[110.37685,-7.83138],[110.37461,-7.82991],[110.37585,-7.82866],[110.37514,-7.82437],[110.3733,-7.824],[110.37199,-7.82626],[110.36937,-7.82463],[110.36836,-7.82693],[110.36727,-7.82557],[110.36091,-7.82586],[110.36033,-7.82472]]]}},{"type":"Feature","properties":{"n":"Kediri","p":"Jawa Timur"},"geometry":{"type":"Polygon","coordinates":[[[111.99139,-7.99856],[111.97781,-7.99755],[111.97631,-8.00344],[111.97828,-8.00534],[111.97625,-8.01255],[111.97416,-8.01187],[111.97441,-8.01063],[111.96389,-8.00717],[111.96172,-7.99861],[111.95674,-7.99774],[111.95649,-7.99015],[111.95551,-7.99087],[111.95572,-7.98926],[111.95261,-7.9886],[111.95299,-7.98255],[111.9511,-7.98077],[111.95036,-7.97476],[111.94753,-7.97226],[111.947,-7.96665],[111.94387,-7.96449],[111.94659,-7.96089],[111.94479,-7.9532],[111.94206,-7.95575],[111.93483,-7.95707],[111.93091,-7.96233],[111.92768,-7.96294],[111.92289,-7.95686],[111.91779,-7.95656],[111.91712,-7.96121],[111.91307,-7.95867],[111.91065,-7.95895],[111.91004,-7.95612],[111.9082,-7.95771],[111.90695,-7.95608],[111.9026,-7.95707],[111.89619,-7.95218],[111.89396,-7.95226],[111.89468,-7.95357],[111.89181,-7.95273],[111.88669,-7.94849],[111.88363,-7.94791],[111.88002,-7.94254],[111.87824,-7.93287],[111.86912,-7.91783],[111.86289,-7.9107],[111.86303,-7.90766],[111.85125,-7.90086],[111.84441,-7.89093],[111.84109,-7.88916],[111.83688,-7.88298],[111.83038,-7.87744],[111.82015,-7.87193],[111.81684,-7.87205],[111.81037,-7.86643],[111.80271,-7.86567],[111.80199,-7.85629],[111.79717,-7.8479],[111.79708,-7.84247],[111.8045,-7.82865],[111.81329,-7.82266],[111.81401,-7.81297],[111.82472,-7.81122],[111.84306,-7.79269],[111.85398,-7.78636],[111.86278,-7.77603],[111.88157,-7.7636],[111.88571,-7.75486],[111.89506,-7.7471],[111.9003,-7.73973],[111.91934,-7.72576],[111.92805,-7.72256],[111.93187,-7.71617],[111.93185,-7.70877],[111.93795,-7.7007],[111.9394,-7.7007],[111.94231,-7.69405],[111.94576,-7.69404],[111.94998,-7.68592],[111.95245,-7.68648],[111.95411,-7.67961],[111.95813,-7.67907],[111.97157,-7.68329],[111.9813,-7.68333],[111.98506,-7.68636],[111.98572,-7.69162],[111.98287,-7.69572],[111.98239,-7.7055],[111.98377,-7.70869],[111.98224,-7.71096],[111.98825,-7.7238],[111.99332,-7.72838],[111.99756,-7.7293],[111.99928,-7.74174],[111.99824,-7.74292],[112.00118,-7.7445],[112.00224,-7.75235],[112.0097,-7.76],[112.02228,-7.76195],[112.02061,-7.74254],[112.02722,-7.72569],[112.03192,-7.72637],[112.03974,-7.72439],[112.04909,-7.72627],[112.05907,-7.72352],[112.06269,-7.72053],[112.06578,-7.71166],[112.07631,-7.7015],[112.07514,-7.69307],[112.07656,-7.68535],[112.07587,-7.67876],[112.07859,-7.67489],[112.08278,-7.67291],[112.08201,-7.66696],[112.08548,-7.65815],[112.09029,-7.65566],[112.09175,-7.64958],[112.09835,-7.64411],[112.09821,-7.63974],[112.10131,-7.63435],[112.10085,-7.62833],[112.10389,-7.61435],[112.10309,-7.60947],[112.10909,-7.6039],[112.11048,-7.59315],[112.11703,-7.6024],[112.11661,-7.60372],[112.1215,-7.60674],[112.12734,-7.60675],[112.13918,-7.61163],[112.13973,-7.60971],[112.14839,-7.61115],[112.15142,-7.61019],[112.1581,-7.61259],[112.1587,-7.61127],[112.16542,-7.61298],[112.17123,-7.61867],[112.17155,-7.62226],[112.17652,-7.62504],[112.18241,-7.63231],[112.18536,-7.63813],[112.18512,-7.64124],[112.19303,-7.64887],[112.19458,-7.65372],[112.20399,-7.66086],[112.21016,-7.66964],[112.21784,-7.67607],[112.21498,-7.68905],[112.22189,-7.69157],[112.22591,-7.69736],[112.23305,-7.70134],[112.23325,-7.70708],[112.23841,-7.7102],[112.25185,-7.72583],[112.25722,-7.72796],[112.26616,-7.72826],[112.26817,-7.72626],[112.26611,-7.72304],[112.26699,-7.72251],[112.27935,-7.7256],[112.29362,-7.72574],[112.29572,-7.7278],[112.29939,-7.72669],[112.30118,-7.72814],[112.3018,-7.72682],[112.31026,-7.73066],[112.31836,-7.73756],[112.32488,-7.73802],[112.32843,-7.74135],[112.33408,-7.74135],[112.34152,-7.74796],[112.34863,-7.74879],[112.355,-7.75363],[112.3612,-7.76116],[112.36536,-7.76081],[112.37528,-7.76397],[112.38462,-7.76876],[112.38811,-7.7724],[112.39348,-7.77335],[112.39726,-7.77607],[112.40861,-7.77339],[112.41179,-7.76919],[112.41734,-7.76445],[112.41161,-7.77661],[112.40572,-7.78051],[112.40049,-7.78112],[112.39622,-7.78539],[112.38902,-7.78293],[112.38186,-7.7849],[112.37196,-7.77617],[112.36676,-7.76838],[112.35757,-7.76626],[112.34914,-7.76152],[112.34647,-7.76551],[112.33965,-7.76805],[112.33936,-7.77444],[112.33706,-7.77394],[112.32874,-7.77727],[112.31046,-7.77675],[112.3109,-7.77498],[112.30684,-7.77486],[112.30635,-7.77278],[112.30058,-7.77168],[112.29941,-7.76939],[112.29209,-7.76863],[112.28784,-7.77067],[112.28829,-7.77955],[112.29269,-7.78128],[112.29607,-7.7889],[112.30038,-7.78927],[112.30174,-7.79323],[112.30686,-7.79928],[112.30527,-7.81222],[112.30804,-7.82348],[112.30664,-7.82848],[112.30951,-7.83398],[112.30763,-7.83892],[112.31558,-7.8375],[112.31935,-7.83908],[112.31731,-7.84686],[112.32031,-7.85009],[112.32125,-7.85545],[112.31902,-7.85734],[112.3182,-7.86147],[112.32257,-7.86553],[112.32598,-7.87287],[112.32326,-7.8922],[112.31783,-7.89564],[112.31247,-7.90276],[112.31382,-7.9205],[112.31023,-7.92772],[112.30658,-7.9293],[112.30746,-7.93268],[112.30614,-7.93607],[112.29293,-7.94038],[112.28243,-7.939],[112.27547,-7.94238],[112.26655,-7.94293],[112.25946,-7.94738],[112.25719,-7.94405],[112.25139,-7.94476],[112.24243,-7.94748],[112.2402,-7.95143],[112.23459,-7.95487],[112.22959,-7.95554],[112.22138,-7.96159],[112.20133,-7.96404],[112.19214,-7.97008],[112.17843,-7.9741],[112.15024,-7.9772],[112.15036,-7.97571],[112.13343,-7.97604],[112.11636,-7.97256],[112.10955,-7.96946],[112.09625,-7.97001],[112.09826,-7.97684],[112.09629,-7.98908],[112.0908,-7.99158],[112.0741,-7.99015],[112.06777,-7.99226],[112.05772,-7.99122],[112.04714,-7.99356],[112.03683,-7.99326],[112.01423,-8.00172],[112.01306,-7.99833],[111.99168,-7.99581],[111.99139,-7.99856]],[[112.07494,-7.87411],[112.07189,-7.87233],[112.07034,-7.86482],[112.07121,-7.8617],[112.06647,-7.85788],[112.06578,-7.85458],[112.06741,-7.85446],[112.0689,-7.85156],[112.06734,-7.85033],[112.06927,-7.84396],[112.07755,-7.84961],[112.07886,-7.84649],[112.08194,-7.8448],[112.08241,-7.84309],[112.07853,-7.84234],[112.07572,-7.83742],[112.07695,-7.83219],[112.07064,-7.82954],[112.06697,-7.83589],[112.05779,-7.83155],[112.05587,-7.83437],[112.05423,-7.83355],[112.0558,-7.83152],[112.04302,-7.82675],[112.0427,-7.82043],[112.03328,-7.81883],[112.03769,-7.81056],[112.03089,-7.80861],[112.02929,-7.80959],[112.0313,-7.80029],[112.02844,-7.79894],[112.02475,-7.80088],[112.01916,-7.80003],[112.01603,-7.79567],[112.01591,-7.79082],[112.01064,-7.78938],[112.0031,-7.78987],[112.00193,-7.78528],[112.00793,-7.78164],[112.01021,-7.77216],[112.00899,-7.7714],[112.00778,-7.77314],[112.00487,-7.77319],[111.99865,-7.77144],[111.99707,-7.77596],[111.99426,-7.7778],[111.99238,-7.77694],[111.99266,-7.78406],[111.9832,-7.78213],[111.98039,-7.79262],[111.9813,-7.79378],[111.97794,-7.79468],[111.97415,-7.79253],[111.97397,-7.79546],[111.96661,-7.79595],[111.9628,-7.80293],[111.95488,-7.80731],[111.95491,-7.81485],[111.95783,-7.81888],[111.95809,-7.82286],[111.96474,-7.82421],[111.96714,-7.82327],[111.96747,-7.82483],[111.97304,-7.82307],[111.97291,-7.82508],[111.9745,-7.82516],[111.97658,-7.82866],[111.97793,-7.82701],[111.97997,-7.82781],[111.98393,-7.82625],[111.98353,-7.83728],[111.98701,-7.83958],[111.99299,-7.83832],[111.997,-7.83924],[111.99767,-7.83743],[112.00805,-7.84037],[112.00624,-7.84372],[111.99787,-7.85084],[111.99942,-7.85256],[112.01034,-7.85688],[112.01192,-7.85677],[112.01271,-7.85463],[112.02485,-7.8592],[112.02377,-7.86225],[112.02889,-7.86627],[112.03733,-7.86823],[112.03874,-7.87053],[112.04239,-7.87005],[112.04547,-7.87269],[112.04854,-7.87271],[112.05045,-7.86665],[112.05309,-7.86376],[112.05998,-7.86475],[112.06674,-7.8681],[112.06839,-7.87348],[112.07164,-7.87624],[112.07207,-7.87508],[112.07428,-7.8758],[112.07494,-7.87411]]]}},{"type":"Feature","properties":{"n":"Kota Depok","p":"Jawa Barat"},"geometry":{"type":"Polygon","coordinates":[[[106.78755,-6.43904],[106.73837,-6.4388],[106.73579,-6.4341],[106.73631,-6.43173],[106.73286,-6.42927],[106.73282,-6.4266],[106.73681,-6.42437],[106.73536,-6.42263],[106.73724,-6.41896],[106.73217,-6.41379],[106.73036,-6.4144],[106.73131,-6.40701],[106.73279,-6.40554],[106.73117,-6.40443],[106.73127,-6.40215],[106.72966,-6.40201],[106.73091,-6.3992],[106.72864,-6.39863],[106.72941,-6.39643],[106.72621,-6.39588],[106.72854,-6.3945],[106.72694,-6.39186],[106.72859,-6.3882],[106.72668,-6.38797],[106.72806,-6.38608],[106.72185,-6.38595],[106.72332,-6.3812],[106.72167,-6.37982],[106.72376,-6.37662],[106.72093,-6.37637],[106.72271,-6.37434],[106.7171,-6.37007],[106.71844,-6.36715],[106.71704,-6.36526],[106.72039,-6.36415],[106.72163,-6.36048],[106.7699,-6.36123],[106.77113,-6.35464],[106.77003,-6.35233],[106.77368,-6.35026],[106.77326,-6.34658],[106.77444,-6.3458],[106.77254,-6.34407],[106.77366,-6.33887],[106.7724,-6.33821],[106.77642,-6.33591],[106.77528,-6.33316],[106.77769,-6.32896],[106.7768,-6.32701],[106.77885,-6.32687],[106.77773,-6.32326],[106.77924,-6.3214],[106.77906,-6.31685],[106.78477,-6.31553],[106.78964,-6.31628],[106.79054,-6.31477],[106.79271,-6.31582],[106.80924,-6.31484],[106.8072,-6.32252],[106.80495,-6.32371],[106.80361,-6.32976],[106.80131,-6.3316],[106.8018,-6.33341],[106.79908,-6.33311],[106.79949,-6.34305],[106.79669,-6.34653],[106.7954,-6.34597],[106.79241,-6.34838],[106.79404,-6.35097],[106.79249,-6.35235],[106.79402,-6.35441],[106.7925,-6.35806],[106.79297,-6.36331],[106.79458,-6.36459],[106.81032,-6.364],[106.81359,-6.35905],[106.81504,-6.35943],[106.81598,-6.35611],[106.83629,-6.35508],[106.83551,-6.3519],[106.8393,-6.35165],[106.83766,-6.3471],[106.83979,-6.34421],[106.8355,-6.34404],[106.83812,-6.34124],[106.84087,-6.34233],[106.83926,-6.34034],[106.84004,-6.33589],[106.84114,-6.33588],[106.84901,-6.33694],[106.84798,-6.33802],[106.85473,-6.344],[106.85415,-6.34651],[106.85781,-6.34808],[106.85716,-6.35058],[106.85913,-6.3503],[106.86195,-6.35381],[106.86056,-6.35541],[106.86227,-6.35721],[106.86608,-6.35604],[106.86837,-6.35301],[106.86931,-6.35445],[106.87029,-6.35281],[106.87159,-6.35308],[106.87427,-6.35603],[106.87133,-6.36004],[106.87664,-6.36194],[106.87899,-6.3611],[106.87793,-6.36315],[106.88066,-6.36456],[106.88101,-6.36661],[106.8836,-6.36492],[106.88266,-6.36995],[106.88468,-6.37251],[106.88742,-6.37261],[106.88904,-6.36794],[106.89635,-6.37176],[106.89614,-6.36932],[106.8976,-6.36882],[106.90128,-6.37021],[106.89996,-6.36919],[106.9052,-6.36292],[106.90602,-6.35967],[106.91427,-6.36554],[106.90789,-6.37109],[106.9082,-6.3767],[106.9039,-6.38026],[106.90506,-6.38438],[106.90353,-6.38821],[106.90429,-6.39183],[106.90125,-6.39458],[106.89855,-6.39447],[106.89772,-6.39642],[106.90007,-6.39852],[106.90633,-6.39655],[106.90888,-6.39758],[106.91461,-6.39514],[106.91846,-6.39565],[106.91827,-6.39823],[106.9161,-6.39975],[106.91817,-6.40045],[106.91595,-6.40127],[106.91707,-6.4037],[106.91584,-6.40493],[106.91722,-6.4056],[106.91506,-6.40661],[106.91707,-6.40958],[106.91454,-6.41501],[106.91291,-6.41194],[106.91062,-6.41357],[106.90849,-6.41159],[106.90797,-6.41517],[106.90524,-6.41274],[106.90608,-6.41563],[106.9041,-6.41902],[106.90325,-6.41797],[106.90052,-6.419],[106.90014,-6.42069],[106.89897,-6.41974],[106.89908,-6.42611],[106.89449,-6.42497],[106.89517,-6.42799],[106.89283,-6.42647],[106.8919,-6.42733],[106.89274,-6.4284],[106.89018,-6.43242],[106.89177,-6.43387],[106.88808,-6.43479],[106.88754,-6.43735],[106.88601,-6.43731],[106.88541,-6.4406],[106.8872,-6.44048],[106.88701,-6.44299],[106.88509,-6.44216],[106.8852,-6.44551],[106.88232,-6.44409],[106.88382,-6.44875],[106.88096,-6.44824],[106.88305,-6.45019],[106.88179,-6.45439],[106.8788,-6.45356],[106.88221,-6.45609],[106.88027,-6.45616],[106.87994,-6.45806],[106.87615,-6.45831],[106.87203,-6.45583],[106.86562,-6.45709],[106.85914,-6.45506],[106.85545,-6.45555],[106.85329,-6.44893],[106.85275,-6.4361],[106.84413,-6.43718],[106.84223,-6.44261],[106.84512,-6.44445],[106.84141,-6.4511],[106.83915,-6.44904],[106.83784,-6.4512],[106.83487,-6.45037],[106.83389,-6.45218],[106.83172,-6.45202],[106.83331,-6.45622],[106.82821,-6.45459],[106.82761,-6.45877],[106.82416,-6.46187],[106.82533,-6.45243],[106.82342,-6.45196],[106.82211,-6.45414],[106.82055,-6.45193],[106.82308,-6.44917],[106.82325,-6.44439],[106.81321,-6.44425],[106.81448,-6.44849],[106.80158,-6.44885],[106.80181,-6.45122],[106.79432,-6.45114],[106.79572,-6.44739],[106.79515,-6.44164],[106.78848,-6.4408],[106.78755,-6.43904]]]}},{"type":"Feature","properties":{"n":"Mojokerto","p":"Jawa Timur"},"geometry":{"type":"Polygon","coordinates":[[[112.41212,-7.65818],[112.40943,-7.64408],[112.40367,-7.64185],[112.39043,-7.65074],[112.38796,-7.64444],[112.38363,-7.64413],[112.37992,-7.63441],[112.38259,-7.63251],[112.38512,-7.6235],[112.38705,-7.6216],[112.38616,-7.61688],[112.38726,-7.61431],[112.38483,-7.61022],[112.38104,-7.594],[112.37567,-7.5863],[112.37486,-7.58317],[112.3766,-7.57735],[112.3739,-7.5752],[112.37341,-7.57195],[112.3716,-7.5715],[112.37181,-7.56652],[112.37526,-7.563],[112.36931,-7.56127],[112.36848,-7.55615],[112.36368,-7.55281],[112.36538,-7.54888],[112.36416,-7.54871],[112.36475,-7.54392],[112.36831,-7.54376],[112.37046,-7.54026],[112.36853,-7.53958],[112.36975,-7.52982],[112.36726,-7.52922],[112.36669,-7.52414],[112.37393,-7.52552],[112.37523,-7.51186],[112.37802,-7.51218],[112.37493,-7.50847],[112.37675,-7.49725],[112.37636,-7.49426],[112.37483,-7.49382],[112.37428,-7.4872],[112.3757,-7.48701],[112.3762,-7.48363],[112.38438,-7.47898],[112.38892,-7.48097],[112.3903,-7.47011],[112.39296,-7.46701],[112.39967,-7.46483],[112.40326,-7.46699],[112.40293,-7.46261],[112.40489,-7.46132],[112.40221,-7.4602],[112.40147,-7.4581],[112.39827,-7.4576],[112.38125,-7.4589],[112.36947,-7.45649],[112.35775,-7.45724],[112.35117,-7.45486],[112.34137,-7.45978],[112.33502,-7.45462],[112.33267,-7.45443],[112.33421,-7.44701],[112.33783,-7.44741],[112.34059,-7.4407],[112.34593,-7.4416],[112.34583,-7.43946],[112.34123,-7.43729],[112.34129,-7.43225],[112.34631,-7.4178],[112.34921,-7.41858],[112.34986,-7.41554],[112.35196,-7.41602],[112.35297,-7.41291],[112.34592,-7.40994],[112.34622,-7.4062],[112.34785,-7.40625],[112.34903,-7.40391],[112.34395,-7.39194],[112.34062,-7.38816],[112.33651,-7.38729],[112.33515,-7.38914],[112.33388,-7.38853],[112.3319,-7.38],[112.33305,-7.37763],[112.33219,-7.3708],[112.33567,-7.36974],[112.33463,-7.36847],[112.33598,-7.3624],[112.34216,-7.35495],[112.34894,-7.3374],[112.35326,-7.33695],[112.35884,-7.33356],[112.35737,-7.32867],[112.35855,-7.32648],[112.36243,-7.32679],[112.36271,-7.32846],[112.36273,-7.32705],[112.36705,-7.32508],[112.36972,-7.32559],[112.37086,-7.3243],[112.3716,-7.32657],[112.37172,-7.32428],[112.37462,-7.32363],[112.37471,-7.32547],[112.37562,-7.32372],[112.37562,-7.32668],[112.3774,-7.32642],[112.37538,-7.32777],[112.37906,-7.32693],[112.38113,-7.33029],[112.38324,-7.32839],[112.38475,-7.33027],[112.38399,-7.33151],[112.3823,-7.33064],[112.38193,-7.33327],[112.38854,-7.33096],[112.3912,-7.33351],[112.3947,-7.3311],[112.39409,-7.32714],[112.39624,-7.32726],[112.39866,-7.32015],[112.40108,-7.31908],[112.40128,-7.32148],[112.40304,-7.32057],[112.40412,-7.32282],[112.40481,-7.32187],[112.402,-7.31931],[112.40371,-7.31939],[112.40382,-7.31777],[112.40474,-7.31946],[112.4078,-7.31772],[112.40475,-7.31813],[112.40426,-7.31663],[112.40795,-7.3161],[112.41094,-7.3119],[112.41075,-7.31657],[112.41324,-7.31325],[112.4138,-7.31593],[112.41643,-7.31537],[112.41427,-7.31336],[112.41498,-7.31071],[112.41884,-7.31389],[112.41929,-7.31233],[112.42292,-7.31231],[112.42133,-7.31718],[112.42892,-7.31081],[112.43279,-7.31445],[112.43392,-7.31319],[112.4375,-7.31347],[112.43794,-7.31172],[112.43894,-7.31432],[112.44172,-7.31423],[112.44042,-7.31173],[112.44447,-7.31167],[112.4418,-7.3095],[112.44302,-7.30695],[112.4452,-7.30785],[112.4444,-7.30533],[112.44755,-7.30313],[112.44756,-7.3065],[112.44961,-7.30745],[112.45073,-7.30545],[112.45083,-7.30819],[112.45406,-7.3111],[112.45595,-7.30986],[112.45547,-7.30842],[112.45869,-7.3097],[112.45869,-7.31209],[112.46499,-7.31193],[112.46738,-7.31096],[112.46931,-7.30395],[112.47466,-7.30392],[112.47829,-7.30487],[112.47799,-7.30665],[112.48024,-7.30854],[112.47977,-7.32836],[112.47637,-7.32848],[112.47628,-7.3296],[112.47803,-7.32999],[112.47813,-7.33244],[112.48129,-7.33235],[112.48239,-7.33498],[112.48098,-7.33551],[112.48559,-7.33898],[112.48081,-7.34915],[112.47884,-7.34945],[112.4763,-7.35293],[112.47301,-7.35321],[112.47307,-7.35638],[112.47803,-7.3577],[112.47993,-7.36498],[112.47785,-7.36765],[112.47817,-7.37026],[112.4741,-7.37206],[112.47793,-7.37938],[112.47596,-7.3814],[112.47569,-7.38519],[112.478,-7.38729],[112.4779,-7.39016],[112.4806,-7.39128],[112.48111,-7.39396],[112.48361,-7.3955],[112.4848,-7.39851],[112.48333,-7.40098],[112.48522,-7.40385],[112.4881,-7.40369],[112.48936,-7.3994],[112.49362,-7.39938],[112.49461,-7.40852],[112.49242,-7.41022],[112.48627,-7.40901],[112.48351,-7.41033],[112.48354,-7.41704],[112.47388,-7.42421],[112.47347,-7.42911],[112.46221,-7.43214],[112.45669,-7.44697],[112.46864,-7.44529],[112.47954,-7.45343],[112.48234,-7.45241],[112.4835,-7.45667],[112.48859,-7.45995],[112.50549,-7.46248],[112.51219,-7.46693],[112.53407,-7.47121],[112.53848,-7.47062],[112.56362,-7.47607],[112.56891,-7.47874],[112.57327,-7.48378],[112.57782,-7.48455],[112.58263,-7.49266],[112.59131,-7.4942],[112.59705,-7.49969],[112.60257,-7.50089],[112.60519,-7.50645],[112.60909,-7.50753],[112.61393,-7.51513],[112.61998,-7.51893],[112.6308,-7.53307],[112.64708,-7.53842],[112.64974,-7.54473],[112.66377,-7.55726],[112.66296,-7.56224],[112.66061,-7.56674],[112.65712,-7.5681],[112.65428,-7.58089],[112.65593,-7.5855],[112.65214,-7.59785],[112.6306,-7.61654],[112.62772,-7.61717],[112.62077,-7.61522],[112.62034,-7.62278],[112.62258,-7.633],[112.6269,-7.63699],[112.62871,-7.64322],[112.62579,-7.649],[112.62782,-7.65291],[112.62217,-7.66137],[112.62359,-7.66681],[112.61441,-7.68168],[112.60893,-7.68711],[112.60207,-7.68997],[112.59819,-7.69438],[112.59754,-7.69793],[112.59338,-7.7014],[112.58926,-7.70986],[112.58933,-7.71393],[112.58565,-7.72069],[112.57484,-7.73258],[112.57062,-7.7347],[112.56483,-7.73509],[112.56174,-7.73787],[112.54422,-7.73591],[112.5385,-7.73782],[112.52791,-7.73507],[112.52485,-7.73964],[112.5144,-7.74171],[112.51237,-7.75155],[112.49843,-7.75529],[112.49468,-7.76185],[112.48946,-7.76554],[112.48382,-7.76429],[112.47856,-7.7679],[112.46692,-7.76785],[112.4616,-7.76971],[112.45606,-7.7791],[112.45143,-7.77513],[112.4516,-7.77185],[112.45003,-7.77052],[112.4509,-7.76727],[112.44778,-7.76477],[112.44679,-7.75912],[112.44835,-7.75135],[112.44623,-7.74495],[112.44812,-7.74302],[112.44268,-7.73572],[112.43859,-7.73287],[112.4304,-7.70005],[112.42402,-7.69196],[112.42177,-7.68528],[112.41554,-7.68027],[112.41168,-7.67354],[112.41088,-7.66352],[112.41212,-7.65818]],[[112.43584,-7.45869],[112.43075,-7.46014],[112.4229,-7.45709],[112.4157,-7.45741],[112.41544,-7.46416],[112.41679,-7.46601],[112.41211,-7.46861],[112.41442,-7.47317],[112.41343,-7.47429],[112.41119,-7.47308],[112.41017,-7.47579],[112.40605,-7.47789],[112.40579,-7.47921],[112.40775,-7.47913],[112.40766,-7.49164],[112.41457,-7.4919],[112.41496,-7.49462],[112.42033,-7.49247],[112.42211,-7.49405],[112.42453,-7.48983],[112.42494,-7.48364],[112.42634,-7.48097],[112.42865,-7.48046],[112.42829,-7.48235],[112.43357,-7.48484],[112.43346,-7.48711],[112.43529,-7.48754],[112.43654,-7.48172],[112.44376,-7.48186],[112.44379,-7.49079],[112.44978,-7.49344],[112.45084,-7.48175],[112.46049,-7.48294],[112.46139,-7.47315],[112.46477,-7.47319],[112.46476,-7.46699],[112.46683,-7.46712],[112.46764,-7.46209],[112.465,-7.46115],[112.46848,-7.4607],[112.46711,-7.45324],[112.46519,-7.45325],[112.46519,-7.4555],[112.45755,-7.45692],[112.45509,-7.44738],[112.44742,-7.4502],[112.43584,-7.45869]]]}},{"type":"Feature","properties":{"n":"Bantul","p":"Daerah Istimewa Yogyakarta"},"geometry":{"type":"Polygon","coordinates":[[[110.33073,-8.0063],[110.339,-8.02807],[110.28056,-8.01103],[110.2115,-7.98554],[110.21569,-7.98173],[110.21939,-7.97437],[110.23423,-7.95477],[110.24788,-7.92815],[110.25562,-7.92313],[110.26364,-7.92839],[110.26868,-7.92775],[110.2712,-7.92421],[110.27329,-7.91051],[110.27359,-7.89249],[110.26414,-7.87712],[110.26005,-7.87306],[110.25736,-7.86619],[110.24748,-7.86089],[110.2374,-7.85284],[110.2318,-7.84469],[110.2257,-7.8417],[110.22141,-7.83741],[110.22231,-7.83483],[110.22785,-7.8328],[110.23212,-7.82792],[110.23396,-7.82307],[110.23398,-7.81302],[110.23703,-7.80892],[110.2402,-7.80621],[110.24163,-7.80682],[110.24483,-7.80476],[110.24735,-7.80606],[110.24789,-7.80414],[110.25024,-7.80396],[110.2536,-7.7965],[110.25708,-7.79761],[110.25638,-7.80092],[110.26502,-7.79402],[110.26795,-7.79565],[110.2703,-7.79326],[110.27504,-7.79321],[110.27901,-7.7856],[110.28252,-7.7852],[110.28316,-7.78671],[110.28578,-7.78462],[110.28869,-7.78552],[110.28629,-7.78787],[110.28887,-7.78898],[110.28877,-7.79054],[110.28573,-7.79238],[110.28686,-7.79381],[110.28776,-7.79189],[110.2907,-7.79313],[110.28642,-7.80065],[110.28627,-7.80426],[110.2815,-7.80678],[110.28317,-7.81184],[110.28035,-7.81849],[110.28253,-7.81729],[110.2856,-7.81835],[110.28897,-7.82364],[110.28615,-7.83289],[110.29242,-7.83523],[110.29512,-7.8321],[110.29849,-7.83258],[110.30016,-7.82899],[110.2974,-7.82754],[110.3022,-7.8278],[110.30245,-7.82612],[110.30636,-7.82888],[110.30677,-7.82279],[110.30935,-7.8187],[110.31149,-7.81804],[110.31155,-7.82251],[110.31658,-7.82372],[110.31673,-7.82017],[110.31351,-7.81889],[110.31503,-7.81679],[110.31604,-7.80517],[110.31914,-7.80711],[110.3209,-7.80392],[110.32358,-7.80554],[110.32885,-7.80491],[110.3306,-7.80656],[110.33005,-7.80481],[110.33222,-7.80323],[110.33024,-7.80136],[110.33079,-7.79996],[110.33239,-7.80007],[110.33277,-7.79808],[110.33785,-7.79783],[110.33814,-7.79303],[110.34377,-7.79146],[110.34753,-7.78186],[110.34851,-7.77009],[110.35071,-7.76772],[110.35131,-7.78068],[110.34861,-7.7933],[110.3499,-7.79412],[110.3482,-7.79511],[110.34832,-7.7995],[110.3448,-7.80778],[110.34578,-7.81254],[110.35213,-7.81469],[110.3508,-7.8213],[110.35261,-7.82349],[110.35133,-7.82503],[110.35914,-7.82604],[110.36043,-7.82414],[110.36091,-7.82586],[110.36727,-7.82557],[110.36836,-7.82693],[110.36937,-7.82463],[110.37199,-7.82626],[110.3733,-7.824],[110.37514,-7.82437],[110.37493,-7.83078],[110.37685,-7.83138],[110.377,-7.83002],[110.37823,-7.8318],[110.37791,-7.83068],[110.38016,-7.83002],[110.37972,-7.82854],[110.38643,-7.83044],[110.38694,-7.834],[110.38371,-7.83479],[110.38796,-7.83488],[110.38766,-7.83993],[110.38989,-7.84007],[110.39072,-7.83589],[110.39431,-7.83716],[110.39521,-7.83562],[110.39331,-7.82626],[110.3994,-7.82789],[110.39712,-7.83114],[110.39779,-7.83333],[110.40005,-7.83354],[110.40058,-7.83136],[110.40357,-7.83309],[110.40511,-7.8304],[110.40483,-7.82251],[110.4014,-7.82265],[110.40352,-7.82237],[110.40372,-7.81968],[110.4013,-7.81924],[110.40226,-7.80243],[110.39707,-7.80224],[110.39854,-7.80097],[110.39578,-7.79273],[110.39744,-7.78987],[110.39696,-7.78621],[110.39965,-7.78553],[110.39898,-7.78764],[110.40063,-7.7892],[110.39936,-7.7905],[110.40122,-7.79166],[110.40176,-7.78707],[110.40552,-7.78736],[110.40622,-7.78486],[110.40772,-7.78876],[110.4092,-7.7864],[110.41009,-7.79023],[110.4113,-7.79025],[110.41087,-7.78713],[110.41285,-7.78695],[110.41287,-7.78316],[110.41635,-7.78319],[110.41659,-7.78665],[110.42102,-7.78631],[110.42158,-7.79066],[110.4204,-7.79159],[110.42292,-7.79631],[110.42106,-7.81669],[110.42318,-7.81848],[110.42157,-7.8223],[110.42843,-7.82312],[110.42704,-7.82906],[110.43068,-7.8304],[110.43,-7.8359],[110.43414,-7.83662],[110.43712,-7.82816],[110.44056,-7.82935],[110.44049,-7.82768],[110.44427,-7.82834],[110.44349,-7.82601],[110.44487,-7.82246],[110.45264,-7.82462],[110.45396,-7.82039],[110.4543,-7.82225],[110.46053,-7.82127],[110.46082,-7.82463],[110.4617,-7.82174],[110.46428,-7.82201],[110.46736,-7.82513],[110.46771,-7.82811],[110.47284,-7.82314],[110.47605,-7.82377],[110.47584,-7.8254],[110.47702,-7.82403],[110.47948,-7.82479],[110.48142,-7.81738],[110.48549,-7.81833],[110.48432,-7.82155],[110.48628,-7.82116],[110.48598,-7.82244],[110.48693,-7.82125],[110.4932,-7.82312],[110.50165,-7.82256],[110.51712,-7.82786],[110.51735,-7.83036],[110.52117,-7.83206],[110.52131,-7.83365],[110.51627,-7.8376],[110.49784,-7.83786],[110.49448,-7.83933],[110.48891,-7.83776],[110.48731,-7.84079],[110.48065,-7.84451],[110.47546,-7.8515],[110.47272,-7.86131],[110.47025,-7.8622],[110.46754,-7.86667],[110.46715,-7.86975],[110.47504,-7.88488],[110.47567,-7.88926],[110.49498,-7.89064],[110.49785,-7.90032],[110.49596,-7.91407],[110.49124,-7.92531],[110.49315,-7.93153],[110.49195,-7.93837],[110.48865,-7.93924],[110.48959,-7.94237],[110.48801,-7.94518],[110.48229,-7.94214],[110.47642,-7.94268],[110.47804,-7.95026],[110.47261,-7.95357],[110.47594,-7.9645],[110.47507,-7.96672],[110.47262,-7.96731],[110.47723,-7.9714],[110.46919,-7.9698],[110.4673,-7.9712],[110.46336,-7.96842],[110.46448,-7.96666],[110.46772,-7.96653],[110.47068,-7.96273],[110.46499,-7.95936],[110.46457,-7.95722],[110.46724,-7.95551],[110.46654,-7.95419],[110.45674,-7.95799],[110.45741,-7.96528],[110.45464,-7.96723],[110.45063,-7.9606],[110.45125,-7.95534],[110.45485,-7.95161],[110.45177,-7.94731],[110.44944,-7.94692],[110.4436,-7.95129],[110.44467,-7.95759],[110.44347,-7.96676],[110.43565,-7.96679],[110.43186,-7.96297],[110.4212,-7.97327],[110.40902,-7.97166],[110.40465,-7.96826],[110.39699,-7.96714],[110.39574,-7.96821],[110.39637,-7.97382],[110.39934,-7.97862],[110.39734,-7.9807],[110.37408,-7.97929],[110.36565,-7.97245],[110.36287,-7.98149],[110.36099,-7.9824],[110.34855,-7.97422],[110.34825,-7.9758],[110.35263,-7.9807],[110.34951,-7.98816],[110.35072,-7.98975],[110.35332,-7.98765],[110.35287,-7.99263],[110.35125,-7.99387],[110.34045,-7.99178],[110.33279,-7.99656],[110.33073,-8.0063]]]}},{"type":"Feature","properties":{"n":"Lumajang","p":"Jawa Timur"},"geometry":{"type":"MultiPolygon","coordinates":[[[[112.94954,-8.35717],[112.94893,-8.35747],[112.94905,-8.35678],[112.94954,-8.35717]]],[[[112.96543,-8.33661],[112.95756,-8.35102],[112.94911,-8.35605],[112.94687,-8.35445],[112.94585,-8.35035],[112.94793,-8.34667],[112.94735,-8.34304],[112.93858,-8.33818],[112.93744,-8.33448],[112.93635,-8.32331],[112.9407,-8.31861],[112.94117,-8.31561],[112.93742,-8.31051],[112.92957,-8.30744],[112.92637,-8.30409],[112.92358,-8.29987],[112.92204,-8.29222],[112.91375,-8.28158],[112.91455,-8.27765],[112.91188,-8.27051],[112.91262,-8.26476],[112.9174,-8.26017],[112.91778,-8.25438],[112.92013,-8.2501],[112.92016,-8.24534],[112.92227,-8.24544],[112.92127,-8.24233],[112.9227,-8.23971],[112.91717,-8.23257],[112.91547,-8.22709],[112.91671,-8.22215],[112.91266,-8.21969],[112.91393,-8.21393],[112.91207,-8.21085],[112.91279,-8.20838],[112.90987,-8.20493],[112.90908,-8.20096],[112.90605,-8.2001],[112.90703,-8.19672],[112.90421,-8.19221],[112.9059,-8.18661],[112.90904,-8.18292],[112.90879,-8.179],[112.91299,-8.16634],[112.9117,-8.16345],[112.91578,-8.15846],[112.91515,-8.15124],[112.92018,-8.13969],[112.9204,-8.12173],[112.92661,-8.11415],[112.92594,-8.11044],[112.92348,-8.108],[112.92206,-8.10888],[112.92034,-8.08786],[112.91625,-8.08698],[112.91342,-8.08073],[112.90908,-8.08228],[112.90539,-8.08089],[112.90164,-8.07306],[112.90026,-8.0609],[112.90279,-8.0565],[112.90908,-8.05172],[112.90818,-8.04232],[112.91055,-8.03863],[112.91357,-8.03661],[112.91562,-8.03234],[112.92256,-8.032],[112.92771,-8.01872],[112.93342,-8.01453],[112.93341,-8.01253],[112.93069,-8.01226],[112.93101,-8.00568],[112.92505,-8.00079],[112.93028,-7.99869],[112.93276,-8.00066],[112.9366,-7.99863],[112.93864,-7.99915],[112.93889,-7.99451],[112.94237,-7.98701],[112.94073,-7.98194],[112.94384,-7.98557],[112.9501,-7.98703],[112.97245,-7.981],[112.98416,-7.9711],[112.99347,-7.95999],[113.00082,-7.96298],[113.00896,-7.96339],[113.01452,-7.96889],[113.02265,-7.9695],[113.03177,-7.97923],[113.03614,-7.98056],[113.04261,-7.98854],[113.04411,-7.99395],[113.05044,-7.99911],[113.05239,-8.00357],[113.0569,-8.00653],[113.05913,-8.01045],[113.0624,-8.00988],[113.065,-7.99926],[113.07875,-7.98416],[113.10587,-7.98432],[113.11263,-7.99525],[113.12093,-7.99128],[113.12576,-7.98241],[113.13163,-7.98063],[113.13598,-7.97646],[113.14953,-7.97976],[113.15361,-7.97163],[113.16589,-7.96556],[113.16795,-7.96208],[113.17154,-7.96153],[113.17979,-7.95304],[113.17997,-7.95006],[113.18751,-7.9448],[113.19035,-7.94506],[113.19943,-7.92963],[113.20619,-7.92561],[113.20604,-7.91943],[113.20751,-7.91597],[113.21055,-7.91496],[113.21168,-7.90992],[113.21081,-7.90781],[113.20887,-7.90747],[113.20738,-7.89988],[113.21838,-7.90278],[113.23565,-7.90351],[113.24844,-7.90652],[113.24849,-7.90774],[113.25045,-7.90645],[113.25457,-7.90732],[113.25731,-7.90624],[113.25778,-7.90044],[113.26182,-7.89897],[113.26253,-7.89591],[113.26795,-7.90308],[113.26799,-7.91774],[113.27402,-7.91867],[113.27472,-7.92531],[113.29498,-7.92801],[113.29443,-7.92411],[113.30374,-7.92491],[113.3136,-7.9284],[113.31432,-7.93144],[113.32876,-7.93561],[113.32766,-7.93967],[113.33059,-7.94263],[113.33241,-7.94282],[113.33474,-7.93996],[113.34129,-7.94247],[113.34181,-7.9526],[113.34626,-7.96252],[113.3458,-7.97521],[113.34792,-7.97652],[113.34817,-7.9844],[113.35875,-7.99971],[113.35805,-8.0162],[113.36049,-8.02014],[113.36145,-8.02782],[113.35502,-8.03529],[113.35604,-8.03762],[113.35468,-8.04297],[113.35245,-8.04466],[113.35186,-8.05082],[113.34869,-8.05473],[113.35123,-8.06062],[113.34991,-8.06095],[113.35,-8.0632],[113.35368,-8.06671],[113.35408,-8.07068],[113.35734,-8.07256],[113.35736,-8.07872],[113.36039,-8.08117],[113.36206,-8.08073],[113.36177,-8.08377],[113.36488,-8.08391],[113.36674,-8.0859],[113.36543,-8.09023],[113.36298,-8.09148],[113.36416,-8.10078],[113.36193,-8.10072],[113.36837,-8.11087],[113.36234,-8.11815],[113.36749,-8.12011],[113.36752,-8.12209],[113.37015,-8.12775],[113.376,-8.13102],[113.37656,-8.13558],[113.37295,-8.1414],[113.37236,-8.14637],[113.37612,-8.14916],[113.37911,-8.14866],[113.37953,-8.15776],[113.37758,-8.16179],[113.37449,-8.16354],[113.37495,-8.16503],[113.36599,-8.16836],[113.36624,-8.17425],[113.36861,-8.17973],[113.36799,-8.18514],[113.36329,-8.18946],[113.36072,-8.18934],[113.35285,-8.2005],[113.35326,-8.2036],[113.34814,-8.20734],[113.33871,-8.20618],[113.33337,-8.20827],[113.33059,-8.21261],[113.33136,-8.21549],[113.32773,-8.2173],[113.32684,-8.22126],[113.32014,-8.22664],[113.31777,-8.22608],[113.31736,-8.22754],[113.31306,-8.22883],[113.31173,-8.23372],[113.31558,-8.23822],[113.31528,-8.24798],[113.31956,-8.25871],[113.31982,-8.26509],[113.3121,-8.2921],[113.30827,-8.30112],[113.30354,-8.30721],[113.27099,-8.29281],[113.24679,-8.28673],[113.22649,-8.28383],[113.16553,-8.28295],[113.14687,-8.2855],[113.14302,-8.28784],[113.12468,-8.29119],[113.10893,-8.29086],[113.09367,-8.28727],[113.08351,-8.28675],[113.07059,-8.29082],[113.0662,-8.29436],[113.0658,-8.29694],[113.04141,-8.29995],[113.03245,-8.30434],[113.02022,-8.30702],[112.99786,-8.31527],[112.99574,-8.3176],[112.98364,-8.32088],[112.97577,-8.32588],[112.96543,-8.33661]]],[[[113.36846,-8.12342],[113.36846,-8.12342],[113.36846,-8.12342],[113.36846,-8.12342]]]]}},{"type":"Feature","properties":{"n":"Sragen","p":"Jawa Tengah"},"geometry":{"type":"Polygon","coordinates":[[[110.86398,-7.47325],[110.85708,-7.47294],[110.85761,-7.46971],[110.85637,-7.4687],[110.85318,-7.46994],[110.8511,-7.46764],[110.84781,-7.46872],[110.84718,-7.47162],[110.84466,-7.46494],[110.84237,-7.46415],[110.84113,-7.46089],[110.83865,-7.46139],[110.83786,-7.45917],[110.83349,-7.45812],[110.82589,-7.45851],[110.82448,-7.45611],[110.82343,-7.45795],[110.81859,-7.45955],[110.81362,-7.45888],[110.81268,-7.46033],[110.80929,-7.45819],[110.80157,-7.45917],[110.80006,-7.46077],[110.79744,-7.45978],[110.79659,-7.46163],[110.79337,-7.46065],[110.79189,-7.4573],[110.78923,-7.45857],[110.78492,-7.45414],[110.78087,-7.45311],[110.78068,-7.44993],[110.7777,-7.44562],[110.77384,-7.44463],[110.77053,-7.44057],[110.7745,-7.43577],[110.78088,-7.43619],[110.78218,-7.43284],[110.77445,-7.42956],[110.76909,-7.41805],[110.76906,-7.41533],[110.77268,-7.41676],[110.77325,-7.41563],[110.77272,-7.39231],[110.7764,-7.388],[110.77835,-7.38869],[110.77843,-7.38646],[110.78148,-7.38633],[110.78815,-7.37994],[110.78856,-7.37751],[110.80224,-7.36844],[110.79538,-7.36685],[110.7947,-7.36466],[110.79053,-7.36545],[110.78659,-7.36348],[110.79022,-7.35864],[110.79064,-7.35428],[110.79983,-7.34898],[110.79956,-7.33802],[110.80323,-7.32752],[110.80147,-7.31732],[110.79766,-7.31169],[110.79627,-7.30144],[110.79362,-7.29537],[110.79485,-7.29253],[110.79268,-7.28944],[110.79439,-7.28404],[110.793,-7.27805],[110.80237,-7.26355],[110.80895,-7.2622],[110.82372,-7.26513],[110.83881,-7.26261],[110.85842,-7.27181],[110.86749,-7.26515],[110.87119,-7.26915],[110.86973,-7.27312],[110.87435,-7.27621],[110.87699,-7.27728],[110.87697,-7.27508],[110.87876,-7.27422],[110.88919,-7.27267],[110.89505,-7.27384],[110.90084,-7.27591],[110.90075,-7.28201],[110.90469,-7.28321],[110.90775,-7.28144],[110.91735,-7.28201],[110.9197,-7.28049],[110.92224,-7.26959],[110.92521,-7.27508],[110.92885,-7.27765],[110.93194,-7.27611],[110.93847,-7.27783],[110.94498,-7.2772],[110.94792,-7.28135],[110.95483,-7.28267],[110.95768,-7.28228],[110.96145,-7.27876],[110.97236,-7.28161],[110.97198,-7.27806],[110.97454,-7.27637],[110.98157,-7.27731],[110.9854,-7.27645],[110.98643,-7.27442],[110.99499,-7.27394],[110.99649,-7.26753],[111.00559,-7.26608],[111.00726,-7.26085],[111.01303,-7.26216],[111.01808,-7.25887],[111.02096,-7.2607],[111.02339,-7.25816],[111.02987,-7.25673],[111.03312,-7.25789],[111.03198,-7.2645],[111.04135,-7.26696],[111.04567,-7.26611],[111.05785,-7.27061],[111.06547,-7.26715],[111.07224,-7.26713],[111.07487,-7.2626],[111.07925,-7.26204],[111.07872,-7.25739],[111.0802,-7.25427],[111.08511,-7.25484],[111.08896,-7.25106],[111.09147,-7.25287],[111.09531,-7.25246],[111.09811,-7.2491],[111.10108,-7.24943],[111.10268,-7.24729],[111.11192,-7.24916],[111.12164,-7.24805],[111.12574,-7.25095],[111.12745,-7.25799],[111.13407,-7.25965],[111.136,-7.26177],[111.14375,-7.26167],[111.1463,-7.26451],[111.14867,-7.26436],[111.15002,-7.26785],[111.14788,-7.27545],[111.14128,-7.2813],[111.14005,-7.29013],[111.13521,-7.29458],[111.13436,-7.29774],[111.13616,-7.29788],[111.13522,-7.29902],[111.14074,-7.30846],[111.14574,-7.30667],[111.15528,-7.31333],[111.14932,-7.32083],[111.14931,-7.3237],[111.14336,-7.32889],[111.1419,-7.33236],[111.14278,-7.33729],[111.141,-7.34177],[111.14268,-7.34697],[111.1403,-7.35207],[111.14111,-7.35689],[111.14262,-7.35772],[111.14103,-7.36051],[111.14442,-7.35946],[111.14414,-7.36185],[111.14148,-7.36321],[111.14402,-7.36476],[111.14347,-7.3672],[111.14528,-7.36848],[111.14132,-7.37305],[111.14324,-7.37438],[111.13896,-7.37883],[111.13708,-7.3789],[111.13658,-7.38254],[111.13929,-7.38555],[111.1334,-7.39126],[111.13083,-7.3963],[111.1293,-7.39541],[111.12819,-7.39693],[111.12747,-7.39857],[111.12964,-7.40158],[111.12685,-7.40484],[111.12342,-7.40559],[111.12452,-7.40891],[111.11954,-7.4097],[111.12034,-7.4119],[111.11842,-7.41488],[111.11966,-7.41716],[111.11906,-7.42526],[111.12209,-7.42664],[111.12398,-7.43441],[111.12288,-7.43925],[111.12508,-7.43943],[111.12606,-7.44278],[111.12584,-7.44436],[111.12414,-7.44426],[111.12516,-7.45026],[111.12976,-7.45313],[111.13099,-7.45698],[111.12861,-7.46107],[111.13209,-7.46098],[111.13212,-7.46431],[111.13463,-7.46197],[111.13717,-7.46549],[111.13442,-7.46837],[111.13512,-7.47345],[111.13321,-7.47457],[111.13676,-7.47989],[111.13699,-7.48203],[111.13515,-7.4836],[111.13937,-7.4868],[111.14149,-7.48631],[111.14483,-7.49337],[111.14825,-7.49412],[111.15268,-7.49953],[111.15343,-7.50569],[111.15215,-7.50731],[111.15368,-7.5096],[111.15045,-7.51115],[111.14824,-7.51653],[111.15073,-7.51785],[111.15043,-7.52049],[111.15208,-7.52231],[111.14804,-7.5254],[111.13596,-7.514],[111.12763,-7.51095],[111.12424,-7.51395],[111.12394,-7.51913],[111.11952,-7.52245],[111.11475,-7.5207],[111.10975,-7.52389],[111.11313,-7.5294],[111.11157,-7.53153],[111.09832,-7.52938],[111.09238,-7.53127],[111.08838,-7.52839],[111.08141,-7.5276],[111.07883,-7.52476],[111.08076,-7.52186],[111.07925,-7.51734],[111.08308,-7.51315],[111.08023,-7.51137],[111.08131,-7.50862],[111.07929,-7.50799],[111.08007,-7.50336],[111.07838,-7.49724],[111.07333,-7.49661],[111.0711,-7.49836],[111.06384,-7.49686],[111.06222,-7.49878],[111.06238,-7.50366],[111.05752,-7.50411],[111.0571,-7.50946],[111.05275,-7.50916],[111.05219,-7.50783],[111.04833,-7.50962],[111.04486,-7.50906],[111.04066,-7.51142],[111.04126,-7.52087],[111.04593,-7.52748],[111.04953,-7.53743],[111.03175,-7.53417],[111.0243,-7.52784],[111.0223,-7.53394],[111.01501,-7.52817],[111.01015,-7.52643],[111.00782,-7.5279],[111.00196,-7.52452],[110.98905,-7.5213],[110.97548,-7.51571],[110.96403,-7.50747],[110.95412,-7.50358],[110.95157,-7.50023],[110.93947,-7.49495],[110.92058,-7.491],[110.91796,-7.49618],[110.89252,-7.49327],[110.8909,-7.49075],[110.88304,-7.49202],[110.88321,-7.48784],[110.881,-7.48622],[110.87704,-7.4884],[110.87467,-7.48648],[110.8722,-7.48903],[110.87201,-7.48543],[110.86565,-7.483],[110.86565,-7.48064],[110.86366,-7.47956],[110.86512,-7.47633],[110.86398,-7.47325]]]}},{"type":"Feature","properties":{"n":"Rembang","p":"Jawa Tengah"},"geometry":{"type":"MultiPolygon","coordinates":[[[[111.32871,-6.86884],[111.31365,-6.86511],[111.29738,-6.86529],[111.29522,-6.86817],[111.29242,-6.86548],[111.28476,-6.86513],[111.27197,-6.85826],[111.26338,-6.85576],[111.26286,-6.85401],[111.2643,-6.85402],[111.26219,-6.85131],[111.26398,-6.847],[111.26214,-6.84327],[111.26009,-6.84379],[111.25988,-6.83967],[111.25785,-6.83858],[111.25719,-6.83962],[111.25584,-6.83666],[111.25899,-6.8345],[111.26196,-6.83525],[111.26343,-6.83264],[111.26508,-6.83413],[111.26708,-6.83349],[111.27046,-6.83133],[111.27088,-6.82873],[111.26883,-6.82886],[111.26851,-6.82458],[111.26548,-6.82502],[111.26437,-6.82055],[111.26043,-6.81629],[111.26136,-6.81479],[111.25691,-6.81199],[111.25512,-6.80825],[111.25049,-6.80811],[111.25017,-6.80167],[111.24649,-6.79961],[111.24671,-6.79786],[111.24459,-6.79622],[111.2472,-6.78911],[111.24926,-6.78851],[111.24682,-6.78693],[111.24912,-6.78347],[111.24743,-6.78226],[111.2486,-6.78075],[111.24723,-6.77891],[111.24926,-6.778],[111.24703,-6.77774],[111.24559,-6.77952],[111.2454,-6.7777],[111.24339,-6.77718],[111.24667,-6.77469],[111.24546,-6.77176],[111.24748,-6.76708],[111.24579,-6.76529],[111.24699,-6.76423],[111.24378,-6.76162],[111.24411,-6.7603],[111.24199,-6.76062],[111.23964,-6.75778],[111.23691,-6.75965],[111.23766,-6.75592],[111.23394,-6.75275],[111.2387,-6.74992],[111.23786,-6.74761],[111.23921,-6.74657],[111.2376,-6.74633],[111.23911,-6.74526],[111.23765,-6.74334],[111.23643,-6.74516],[111.23462,-6.74479],[111.23541,-6.74312],[111.2339,-6.74098],[111.23796,-6.74012],[111.23681,-6.73736],[111.23852,-6.73254],[111.23585,-6.72661],[111.23788,-6.72235],[111.23933,-6.72258],[111.23791,-6.72032],[111.24044,-6.71845],[111.24045,-6.71079],[111.2428,-6.70746],[111.23835,-6.70347],[111.23782,-6.69856],[111.23543,-6.69838],[111.23418,-6.68728],[111.24094,-6.69069],[111.24667,-6.69104],[111.2547,-6.68971],[111.25981,-6.68699],[111.27161,-6.68968],[111.29178,-6.68784],[111.30561,-6.69628],[111.3218,-6.69784],[111.33261,-6.70153],[111.3376,-6.70058],[111.33849,-6.69291],[111.34031,-6.69324],[111.33801,-6.70151],[111.34231,-6.70289],[111.35293,-6.70297],[111.35751,-6.70459],[111.36596,-6.70238],[111.36967,-6.70371],[111.37474,-6.70173],[111.37878,-6.70272],[111.38471,-6.6989],[111.39002,-6.69847],[111.39147,-6.6962],[111.39063,-6.69408],[111.40585,-6.69011],[111.44303,-6.67084],[111.46099,-6.66477],[111.46733,-6.65756],[111.46658,-6.64852],[111.46422,-6.64699],[111.46542,-6.64561],[111.46491,-6.64134],[111.47072,-6.63801],[111.48122,-6.62765],[111.48942,-6.62458],[111.48959,-6.62166],[111.49215,-6.6205],[111.50874,-6.6325],[111.51592,-6.63267],[111.52042,-6.6317],[111.52151,-6.63],[111.52673,-6.62975],[111.53836,-6.63399],[111.54143,-6.63056],[111.54451,-6.63502],[111.54758,-6.63573],[111.54904,-6.63172],[111.55017,-6.6323],[111.54913,-6.6365],[111.56232,-6.63927],[111.61925,-6.69239],[111.63026,-6.7019],[111.633,-6.70232],[111.64169,-6.71244],[111.69139,-6.75417],[111.68652,-6.76398],[111.68771,-6.76524],[111.6848,-6.77121],[111.67864,-6.76983],[111.67842,-6.77324],[111.67515,-6.77524],[111.67548,-6.77282],[111.67757,-6.77191],[111.67683,-6.7692],[111.67389,-6.77032],[111.67543,-6.76548],[111.66945,-6.76342],[111.66413,-6.77324],[111.66442,-6.77727],[111.66075,-6.77691],[111.65949,-6.7854],[111.66152,-6.78593],[111.66576,-6.79979],[111.66813,-6.80173],[111.66277,-6.81475],[111.6592,-6.82087],[111.65699,-6.82203],[111.65644,-6.82632],[111.65188,-6.82599],[111.64898,-6.82951],[111.64274,-6.82786],[111.63553,-6.82879],[111.6192,-6.82167],[111.61399,-6.83301],[111.61487,-6.84355],[111.61183,-6.85437],[111.61509,-6.86237],[111.61414,-6.86437],[111.61129,-6.86451],[111.61049,-6.8682],[111.61356,-6.87297],[111.61217,-6.88159],[111.60972,-6.88717],[111.6056,-6.88976],[111.60705,-6.89057],[111.6076,-6.89461],[111.60383,-6.89667],[111.60431,-6.89821],[111.60741,-6.89876],[111.60798,-6.90285],[111.60234,-6.91171],[111.59713,-6.91347],[111.59005,-6.91344],[111.5884,-6.90855],[111.58556,-6.90627],[111.57662,-6.90497],[111.57166,-6.90886],[111.5674,-6.90842],[111.56325,-6.905],[111.56016,-6.90603],[111.55519,-6.90457],[111.55038,-6.90674],[111.55116,-6.90778],[111.54383,-6.90901],[111.54205,-6.90757],[111.54526,-6.90414],[111.54295,-6.90297],[111.54087,-6.90398],[111.5389,-6.90215],[111.5396,-6.89608],[111.533,-6.88922],[111.51981,-6.89044],[111.51413,-6.88926],[111.5075,-6.89447],[111.5031,-6.89263],[111.49791,-6.89405],[111.49611,-6.89347],[111.4955,-6.88832],[111.48812,-6.88123],[111.4818,-6.88347],[111.47986,-6.88641],[111.47668,-6.88654],[111.47027,-6.88277],[111.4599,-6.88301],[111.4602,-6.87883],[111.45831,-6.87928],[111.4592,-6.87813],[111.45345,-6.87583],[111.4488,-6.87864],[111.44682,-6.8829],[111.4379,-6.88571],[111.43217,-6.8921],[111.43043,-6.89142],[111.42544,-6.89414],[111.41359,-6.89005],[111.41418,-6.88433],[111.41299,-6.88245],[111.40835,-6.88585],[111.40522,-6.8848],[111.40532,-6.88745],[111.40235,-6.888],[111.39968,-6.89117],[111.38961,-6.89274],[111.38118,-6.89008],[111.37772,-6.89155],[111.36388,-6.88456],[111.36002,-6.88635],[111.35667,-6.88502],[111.34792,-6.88631],[111.34118,-6.88075],[111.34239,-6.87781],[111.32871,-6.86884]]],[[[111.2587,-6.66679],[111.25929,-6.66615],[111.25976,-6.66677],[111.2587,-6.66679]]],[[[111.29005,-6.65338],[111.29106,-6.65206],[111.29042,-6.65371],[111.29005,-6.65338]]],[[[111.38337,-6.68164],[111.38377,-6.68217],[111.38347,-6.6824],[111.38337,-6.68164]]]]}},{"type":"Feature","properties":{"n":"Nganjuk","p":"Jawa Timur"},"geometry":{"type":"Polygon","coordinates":[[[111.88571,-7.75486],[111.88157,-7.7636],[111.86278,-7.77603],[111.85398,-7.78636],[111.84306,-7.79269],[111.82472,-7.81122],[111.81401,-7.81297],[111.81329,-7.82266],[111.8045,-7.82865],[111.7992,-7.83657],[111.78581,-7.83347],[111.78475,-7.82978],[111.77666,-7.8202],[111.77499,-7.82128],[111.77295,-7.82033],[111.76883,-7.82411],[111.7671,-7.82323],[111.76542,-7.81547],[111.76009,-7.81366],[111.75546,-7.80303],[111.74183,-7.79035],[111.73644,-7.78802],[111.72535,-7.77661],[111.72455,-7.77136],[111.72696,-7.76379],[111.72674,-7.75873],[111.72944,-7.75407],[111.73092,-7.74496],[111.72952,-7.73728],[111.73294,-7.7263],[111.74144,-7.71759],[111.7418,-7.71446],[111.74594,-7.71219],[111.74962,-7.70656],[111.75281,-7.70528],[111.75235,-7.70352],[111.75415,-7.70281],[111.75751,-7.69336],[111.75752,-7.68956],[111.75582,-7.6889],[111.75701,-7.68159],[111.76215,-7.67812],[111.76228,-7.67548],[111.76671,-7.67127],[111.76893,-7.66454],[111.77159,-7.66537],[111.77041,-7.66171],[111.77766,-7.65532],[111.77881,-7.6559],[111.78094,-7.65128],[111.78294,-7.65044],[111.78121,-7.64829],[111.78373,-7.64743],[111.78359,-7.63983],[111.78484,-7.63546],[111.78625,-7.63556],[111.78461,-7.63412],[111.78409,-7.63103],[111.78572,-7.62937],[111.78434,-7.62695],[111.78528,-7.62246],[111.78938,-7.62049],[111.78847,-7.61705],[111.79,-7.61421],[111.78572,-7.60303],[111.79087,-7.59617],[111.79233,-7.59612],[111.79204,-7.59374],[111.79458,-7.58993],[111.79385,-7.58412],[111.79512,-7.58014],[111.79389,-7.57651],[111.79559,-7.57436],[111.79434,-7.57408],[111.79573,-7.57083],[111.79872,-7.56958],[111.79786,-7.56792],[111.80153,-7.5566],[111.80418,-7.55487],[111.80204,-7.54897],[111.80446,-7.54767],[111.80419,-7.54557],[111.80654,-7.54365],[111.81437,-7.54193],[111.81763,-7.54843],[111.82578,-7.54457],[111.8331,-7.54881],[111.83878,-7.54037],[111.8379,-7.5286],[111.84038,-7.51924],[111.84327,-7.5139],[111.84958,-7.50914],[111.84622,-7.50332],[111.84058,-7.50309],[111.8386,-7.49803],[111.82563,-7.49526],[111.81863,-7.48305],[111.81858,-7.47763],[111.82171,-7.47478],[111.82131,-7.47229],[111.81338,-7.46324],[111.80379,-7.45973],[111.80059,-7.46066],[111.80124,-7.45902],[111.80581,-7.45392],[111.81487,-7.45068],[111.821,-7.43955],[111.8446,-7.43983],[111.86157,-7.43591],[111.86788,-7.4393],[111.87763,-7.44097],[111.88238,-7.43736],[111.89392,-7.43773],[111.90536,-7.43332],[111.92296,-7.43549],[111.93464,-7.44037],[111.94036,-7.44012],[111.9474,-7.43424],[111.95857,-7.42964],[111.95981,-7.42688],[111.95798,-7.42445],[111.95995,-7.42302],[111.95952,-7.42157],[111.956,-7.41631],[111.94645,-7.41124],[111.94243,-7.41096],[111.94154,-7.40924],[111.94321,-7.40907],[111.94238,-7.40732],[111.94366,-7.40612],[111.95071,-7.40741],[111.95802,-7.41332],[111.96342,-7.40893],[111.96783,-7.4085],[111.97126,-7.40498],[111.97719,-7.40469],[111.97843,-7.40681],[111.98404,-7.40743],[111.99867,-7.40338],[112.0125,-7.40571],[112.01965,-7.40983],[112.02024,-7.39991],[112.02419,-7.39559],[112.02817,-7.39707],[112.02979,-7.40018],[112.03518,-7.40184],[112.04787,-7.39961],[112.0463,-7.39378],[112.06929,-7.39702],[112.07233,-7.39957],[112.06874,-7.40322],[112.07079,-7.40383],[112.07159,-7.4062],[112.06264,-7.41743],[112.06334,-7.42155],[112.06529,-7.42558],[112.06777,-7.42653],[112.06921,-7.43099],[112.06827,-7.43566],[112.074,-7.43642],[112.07315,-7.44122],[112.07741,-7.44356],[112.0777,-7.44906],[112.08089,-7.45221],[112.07616,-7.46011],[112.07879,-7.46288],[112.07948,-7.47359],[112.08356,-7.47468],[112.08685,-7.4726],[112.08663,-7.47078],[112.09155,-7.47036],[112.09109,-7.46867],[112.09359,-7.46925],[112.09464,-7.46736],[112.093,-7.46507],[112.09828,-7.46401],[112.09813,-7.46098],[112.10058,-7.46323],[112.10385,-7.46323],[112.10448,-7.45983],[112.10658,-7.46242],[112.1105,-7.46215],[112.11241,-7.46518],[112.11256,-7.46255],[112.11433,-7.46389],[112.11662,-7.45934],[112.12001,-7.46201],[112.12357,-7.46243],[112.1225,-7.4594],[112.1242,-7.45852],[112.12344,-7.45487],[112.12519,-7.45207],[112.12762,-7.45326],[112.12794,-7.45798],[112.13393,-7.4588],[112.1344,-7.46082],[112.13841,-7.46063],[112.13991,-7.45891],[112.14127,-7.46133],[112.14268,-7.46007],[112.1435,-7.46153],[112.15092,-7.46205],[112.15224,-7.46602],[112.15485,-7.46325],[112.15479,-7.46482],[112.15703,-7.46581],[112.15603,-7.46776],[112.15923,-7.47067],[112.15713,-7.47192],[112.15978,-7.47423],[112.15783,-7.47658],[112.16074,-7.47725],[112.15936,-7.47919],[112.16241,-7.47991],[112.16229,-7.47739],[112.1643,-7.47854],[112.1639,-7.48446],[112.16601,-7.48545],[112.16427,-7.48981],[112.16784,-7.4883],[112.16911,-7.48977],[112.16638,-7.49548],[112.15842,-7.49997],[112.15911,-7.50187],[112.15209,-7.50611],[112.15279,-7.51356],[112.15079,-7.52925],[112.14421,-7.53535],[112.13801,-7.53403],[112.13414,-7.53534],[112.13173,-7.54115],[112.11931,-7.55302],[112.11433,-7.56374],[112.11161,-7.5659],[112.11522,-7.57958],[112.1134,-7.58936],[112.10954,-7.59512],[112.10909,-7.6039],[112.10309,-7.60947],[112.10389,-7.61435],[112.10085,-7.62833],[112.10131,-7.63435],[112.09821,-7.63974],[112.09835,-7.64411],[112.09175,-7.64958],[112.09029,-7.65566],[112.08548,-7.65815],[112.08201,-7.66696],[112.08278,-7.67291],[112.07859,-7.67489],[112.07587,-7.67876],[112.07656,-7.68535],[112.07514,-7.69307],[112.07631,-7.7015],[112.06578,-7.71166],[112.06269,-7.72053],[112.05907,-7.72352],[112.04909,-7.72627],[112.03974,-7.72439],[112.03192,-7.72637],[112.02722,-7.72569],[112.02061,-7.74254],[112.02228,-7.76195],[112.01793,-7.76219],[112.0097,-7.76],[112.004,-7.75549],[112.00118,-7.7445],[111.99824,-7.74292],[111.99928,-7.74174],[111.99756,-7.7293],[111.99332,-7.72838],[111.98825,-7.7238],[111.98224,-7.71096],[111.98377,-7.70869],[111.98239,-7.7055],[111.98287,-7.69572],[111.98572,-7.69162],[111.98506,-7.68636],[111.9813,-7.68333],[111.97157,-7.68329],[111.95813,-7.67907],[111.95426,-7.67957],[111.95245,-7.68648],[111.94998,-7.68592],[111.94576,-7.69404],[111.94231,-7.69405],[111.9394,-7.7007],[111.93795,-7.7007],[111.93185,-7.70877],[111.93187,-7.71617],[111.92805,-7.72256],[111.91934,-7.72576],[111.9074,-7.73384],[111.88571,-7.75486]]]}},{"type":"Feature","properties":{"n":"Wonosobo","p":"Jawa Tengah"},"geometry":{"type":"Polygon","coordinates":[[[109.80878,-7.60275],[109.80331,-7.61138],[109.79508,-7.61196],[109.77683,-7.60523],[109.77306,-7.60632],[109.76322,-7.60327],[109.75926,-7.6004],[109.75524,-7.59429],[109.7553,-7.59126],[109.75116,-7.58333],[109.74824,-7.58278],[109.74909,-7.5797],[109.74228,-7.57478],[109.73896,-7.56786],[109.73837,-7.56071],[109.73049,-7.55942],[109.73814,-7.55353],[109.73861,-7.53989],[109.73684,-7.53661],[109.74112,-7.53089],[109.74894,-7.53062],[109.75132,-7.52779],[109.75159,-7.52436],[109.76128,-7.52364],[109.76976,-7.51865],[109.77356,-7.5186],[109.77283,-7.51624],[109.76729,-7.51317],[109.76622,-7.50516],[109.76364,-7.50525],[109.7626,-7.5013],[109.75503,-7.49618],[109.76057,-7.48886],[109.76134,-7.47889],[109.75419,-7.46556],[109.75395,-7.4554],[109.75618,-7.44995],[109.75219,-7.44627],[109.76721,-7.43616],[109.77114,-7.4409],[109.77564,-7.44075],[109.77906,-7.4442],[109.78775,-7.44801],[109.8246,-7.44834],[109.83278,-7.44654],[109.83176,-7.42574],[109.83299,-7.42284],[109.82863,-7.4216],[109.82949,-7.41978],[109.82265,-7.42136],[109.81732,-7.41569],[109.80836,-7.41406],[109.80506,-7.41202],[109.79532,-7.41049],[109.79288,-7.41217],[109.79097,-7.4087],[109.78567,-7.40588],[109.78106,-7.40647],[109.77961,-7.40256],[109.77274,-7.39903],[109.77157,-7.39661],[109.768,-7.39494],[109.7682,-7.393],[109.76252,-7.39265],[109.7577,-7.38869],[109.75058,-7.39083],[109.75342,-7.38394],[109.75588,-7.3858],[109.76076,-7.38617],[109.76128,-7.38277],[109.7643,-7.38266],[109.76859,-7.37148],[109.77238,-7.36958],[109.77493,-7.36415],[109.77922,-7.36504],[109.78305,-7.36284],[109.7832,-7.36036],[109.78689,-7.35614],[109.78552,-7.35004],[109.78741,-7.34117],[109.79259,-7.33761],[109.79278,-7.33325],[109.79663,-7.32733],[109.79982,-7.32457],[109.80226,-7.32521],[109.80687,-7.32344],[109.81005,-7.31557],[109.81494,-7.31343],[109.81925,-7.30514],[109.82548,-7.30192],[109.82567,-7.299],[109.82842,-7.29734],[109.83057,-7.29801],[109.83015,-7.29684],[109.83542,-7.29136],[109.83615,-7.2875],[109.84024,-7.286],[109.84321,-7.28039],[109.84174,-7.27633],[109.84357,-7.27486],[109.84154,-7.27272],[109.84518,-7.2693],[109.85049,-7.25484],[109.84971,-7.25131],[109.8526,-7.25087],[109.85494,-7.24084],[109.86173,-7.23282],[109.86445,-7.23044],[109.86764,-7.23047],[109.87001,-7.22687],[109.87517,-7.22506],[109.87767,-7.22598],[109.88083,-7.22444],[109.8836,-7.22564],[109.8892,-7.2235],[109.89558,-7.22388],[109.90226,-7.22141],[109.9066,-7.22164],[109.91002,-7.21615],[109.91217,-7.21532],[109.90937,-7.20687],[109.91108,-7.20341],[109.91068,-7.19998],[109.91378,-7.19923],[109.91771,-7.19322],[109.91691,-7.18985],[109.91733,-7.19106],[109.92136,-7.18905],[109.92268,-7.18679],[109.93112,-7.19519],[109.93296,-7.19962],[109.93903,-7.20373],[109.94044,-7.20784],[109.94717,-7.20845],[109.9495,-7.21476],[109.95432,-7.21647],[109.95656,-7.22768],[109.96069,-7.22985],[109.96724,-7.23789],[109.97027,-7.23854],[109.97346,-7.24377],[109.98739,-7.25187],[109.98841,-7.25672],[109.99439,-7.26033],[109.99487,-7.26311],[109.99022,-7.26918],[109.9901,-7.28085],[109.99632,-7.30096],[110.00405,-7.30685],[110.00784,-7.31463],[110.01897,-7.32201],[110.01852,-7.32435],[110.02264,-7.33438],[110.02989,-7.34272],[110.02861,-7.34453],[110.03158,-7.34805],[110.03498,-7.34627],[110.04414,-7.35288],[110.05372,-7.36262],[110.05781,-7.36921],[110.07166,-7.37855],[110.06973,-7.38047],[110.06973,-7.38395],[110.0743,-7.38514],[110.07273,-7.39037],[110.0641,-7.40472],[110.05955,-7.42182],[110.05866,-7.42816],[110.06003,-7.43854],[110.05884,-7.44287],[110.0602,-7.44557],[110.05905,-7.45234],[110.06496,-7.45951],[110.05188,-7.48252],[110.0539,-7.49276],[110.04859,-7.5027],[110.05057,-7.50541],[110.05012,-7.50747],[110.04699,-7.50966],[110.04907,-7.51377],[110.04606,-7.51959],[110.04443,-7.52013],[110.04346,-7.5275],[110.0451,-7.5288],[110.04433,-7.53091],[110.04579,-7.53453],[110.03837,-7.53207],[110.03383,-7.53292],[110.03324,-7.5359],[110.03792,-7.54056],[110.03541,-7.55222],[110.03409,-7.55427],[110.02843,-7.55313],[110.02754,-7.55534],[110.02377,-7.55676],[110.01423,-7.56634],[110.01647,-7.56769],[110.01686,-7.57338],[110.01429,-7.58261],[110.01656,-7.58284],[110.01709,-7.58607],[110.01002,-7.58632],[110.00657,-7.58838],[109.99726,-7.58986],[109.99524,-7.58716],[109.99636,-7.58223],[109.99538,-7.5754],[109.98938,-7.5781],[109.97893,-7.57687],[109.9771,-7.57215],[109.97174,-7.5688],[109.96829,-7.5629],[109.96989,-7.55858],[109.96747,-7.55415],[109.9702,-7.55398],[109.973,-7.54724],[109.9738,-7.54055],[109.97521,-7.53965],[109.97281,-7.53779],[109.97371,-7.53504],[109.96242,-7.53405],[109.95041,-7.52989],[109.94598,-7.53351],[109.94111,-7.53401],[109.93576,-7.52849],[109.92944,-7.52723],[109.92679,-7.52472],[109.92199,-7.52457],[109.91516,-7.52123],[109.90124,-7.51769],[109.89578,-7.5224],[109.89405,-7.52178],[109.89049,-7.52433],[109.88867,-7.52808],[109.88662,-7.52775],[109.88464,-7.53046],[109.88053,-7.53098],[109.88065,-7.53324],[109.87825,-7.53264],[109.87477,-7.52652],[109.86762,-7.5313],[109.86683,-7.53544],[109.8737,-7.54401],[109.87243,-7.54789],[109.8583,-7.56059],[109.84861,-7.56206],[109.84493,-7.56533],[109.84238,-7.57124],[109.83879,-7.57386],[109.84025,-7.57784],[109.83455,-7.57868],[109.82642,-7.58899],[109.81833,-7.59061],[109.81519,-7.59659],[109.8165,-7.59818],[109.81557,-7.60021],[109.80878,-7.60275]]]}},{"type":"Feature","properties":{"n":"Ngawi","p":"Jawa Timur"},"geometry":{"type":"MultiPolygon","coordinates":[[[[111.19301,-7.60404],[111.16833,-7.59022],[111.16068,-7.5736],[111.15235,-7.56142],[111.15213,-7.55122],[111.15383,-7.54922],[111.15069,-7.54382],[111.15247,-7.5416],[111.15117,-7.54065],[111.15205,-7.53931],[111.14989,-7.53142],[111.14635,-7.5273],[111.15208,-7.52231],[111.15043,-7.52049],[111.15073,-7.51785],[111.14824,-7.51653],[111.15045,-7.51115],[111.15368,-7.5096],[111.15215,-7.50731],[111.15343,-7.50569],[111.15268,-7.49953],[111.14825,-7.49412],[111.14483,-7.49337],[111.14149,-7.48631],[111.13937,-7.4868],[111.13515,-7.4836],[111.13699,-7.48203],[111.13676,-7.47989],[111.13321,-7.47457],[111.13512,-7.47345],[111.13442,-7.46837],[111.13717,-7.46549],[111.13463,-7.46197],[111.13212,-7.46431],[111.13209,-7.46098],[111.12861,-7.46107],[111.13099,-7.45698],[111.12976,-7.45313],[111.12516,-7.45026],[111.12414,-7.44426],[111.12584,-7.44436],[111.12606,-7.44278],[111.12508,-7.43943],[111.12288,-7.43925],[111.12398,-7.43441],[111.12209,-7.42664],[111.11906,-7.42526],[111.11857,-7.41994],[111.11966,-7.41716],[111.11858,-7.41394],[111.12042,-7.41146],[111.11954,-7.4097],[111.12452,-7.40891],[111.12342,-7.40559],[111.12685,-7.40484],[111.12964,-7.40158],[111.12747,-7.39857],[111.12819,-7.39693],[111.1293,-7.39541],[111.13083,-7.3963],[111.1334,-7.39126],[111.13929,-7.38555],[111.13658,-7.38254],[111.13708,-7.3789],[111.13896,-7.37883],[111.14324,-7.37438],[111.14132,-7.37305],[111.14528,-7.36848],[111.14347,-7.3672],[111.14402,-7.36476],[111.14148,-7.36321],[111.14414,-7.36185],[111.14442,-7.35946],[111.14103,-7.36051],[111.14262,-7.35772],[111.14111,-7.35689],[111.1403,-7.35207],[111.14268,-7.34697],[111.141,-7.34177],[111.14278,-7.33729],[111.1419,-7.33236],[111.14336,-7.32889],[111.14931,-7.3237],[111.14932,-7.32083],[111.15528,-7.31333],[111.14574,-7.30667],[111.14074,-7.30846],[111.13522,-7.29902],[111.13616,-7.29788],[111.13436,-7.29774],[111.13521,-7.29458],[111.14005,-7.29013],[111.14128,-7.2813],[111.14788,-7.27545],[111.15002,-7.26785],[111.14872,-7.26446],[111.15004,-7.26058],[111.15573,-7.25806],[111.1668,-7.26055],[111.16829,-7.26348],[111.17481,-7.2628],[111.17776,-7.26455],[111.18268,-7.25961],[111.18978,-7.25983],[111.19418,-7.25628],[111.19988,-7.25587],[111.1998,-7.24858],[111.19781,-7.24695],[111.20061,-7.24505],[111.2049,-7.24466],[111.21115,-7.24905],[111.21935,-7.25019],[111.22426,-7.2567],[111.22416,-7.26144],[111.22873,-7.26762],[111.2343,-7.26924],[111.23997,-7.2757],[111.23942,-7.27703],[111.24172,-7.27828],[111.24144,-7.28155],[111.24389,-7.28526],[111.24831,-7.28625],[111.24873,-7.28381],[111.25111,-7.28387],[111.25389,-7.28444],[111.25484,-7.28757],[111.25798,-7.28814],[111.2639,-7.28716],[111.26678,-7.28766],[111.26799,-7.28956],[111.27525,-7.28981],[111.27907,-7.28788],[111.28062,-7.29047],[111.2822,-7.28892],[111.28655,-7.28922],[111.28788,-7.29022],[111.28677,-7.29123],[111.2934,-7.29562],[111.29332,-7.29791],[111.29507,-7.29912],[111.29364,-7.30006],[111.29559,-7.29996],[111.29551,-7.30164],[111.29741,-7.30013],[111.30057,-7.30195],[111.30338,-7.2996],[111.30425,-7.30279],[111.30605,-7.30231],[111.30633,-7.30042],[111.30852,-7.30213],[111.30986,-7.30635],[111.31537,-7.30488],[111.31911,-7.30911],[111.32229,-7.30939],[111.32183,-7.31193],[111.32672,-7.31529],[111.32611,-7.31655],[111.33007,-7.31503],[111.3314,-7.31744],[111.33301,-7.31733],[111.33315,-7.32078],[111.33481,-7.32046],[111.3343,-7.31848],[111.33568,-7.3203],[111.34006,-7.31817],[111.34453,-7.319],[111.34688,-7.32273],[111.34517,-7.32788],[111.34811,-7.33008],[111.34481,-7.33486],[111.34711,-7.33483],[111.34705,-7.33623],[111.35368,-7.3321],[111.36075,-7.33007],[111.36753,-7.33314],[111.37199,-7.3406],[111.3925,-7.34505],[111.40071,-7.34402],[111.40763,-7.34568],[111.42019,-7.34567],[111.42686,-7.35013],[111.42905,-7.36061],[111.43303,-7.36521],[111.45325,-7.37136],[111.46249,-7.37812],[111.46325,-7.37122],[111.45697,-7.36905],[111.45607,-7.36727],[111.46176,-7.36061],[111.46411,-7.36332],[111.46557,-7.36136],[111.46737,-7.36173],[111.46653,-7.35994],[111.4709,-7.35769],[111.47392,-7.35744],[111.47657,-7.35968],[111.47721,-7.35847],[111.48242,-7.35931],[111.48515,-7.35818],[111.4883,-7.3602],[111.49629,-7.36118],[111.49696,-7.36445],[111.50517,-7.36178],[111.51305,-7.36277],[111.5194,-7.36612],[111.52354,-7.37151],[111.52785,-7.37219],[111.53814,-7.36919],[111.54511,-7.37015],[111.54887,-7.36629],[111.54996,-7.36119],[111.55373,-7.35865],[111.56081,-7.35996],[111.56284,-7.35755],[111.56647,-7.35995],[111.56714,-7.35531],[111.57491,-7.34856],[111.58014,-7.35471],[111.58349,-7.35293],[111.59167,-7.35707],[111.59273,-7.35911],[111.59624,-7.35894],[111.60493,-7.36362],[111.61009,-7.36784],[111.61125,-7.37063],[111.61378,-7.36981],[111.61628,-7.3794],[111.62352,-7.38223],[111.63072,-7.38974],[111.65471,-7.39913],[111.67361,-7.41066],[111.6701,-7.41596],[111.66846,-7.42316],[111.66335,-7.42398],[111.65966,-7.42722],[111.65843,-7.43361],[111.65487,-7.4367],[111.65522,-7.43851],[111.65061,-7.43867],[111.65238,-7.44467],[111.65081,-7.44584],[111.65168,-7.45101],[111.64178,-7.45098],[111.64217,-7.45481],[111.63714,-7.46278],[111.63443,-7.4615],[111.63143,-7.46388],[111.62905,-7.46334],[111.62681,-7.46713],[111.62355,-7.46722],[111.62274,-7.46881],[111.62184,-7.46695],[111.61644,-7.46477],[111.61265,-7.46661],[111.61481,-7.468],[111.61236,-7.46902],[111.61048,-7.47607],[111.60896,-7.47564],[111.60745,-7.47881],[111.60671,-7.47557],[111.60492,-7.47677],[111.60474,-7.48027],[111.60248,-7.48084],[111.60376,-7.48374],[111.60028,-7.48269],[111.60064,-7.48522],[111.60291,-7.48491],[111.59966,-7.48638],[111.59924,-7.4889],[111.59782,-7.48853],[111.59985,-7.48931],[111.59942,-7.49097],[111.59781,-7.48954],[111.5967,-7.49083],[111.59578,-7.49422],[111.59776,-7.49552],[111.59371,-7.49775],[111.5943,-7.49907],[111.59167,-7.50244],[111.58999,-7.5011],[111.59078,-7.50695],[111.58872,-7.50546],[111.58711,-7.50715],[111.58812,-7.5087],[111.58589,-7.5083],[111.58412,-7.51172],[111.58205,-7.51096],[111.58187,-7.51273],[111.58039,-7.51248],[111.57978,-7.51522],[111.58658,-7.51777],[111.58715,-7.52128],[111.58427,-7.52161],[111.58326,-7.52325],[111.58151,-7.52105],[111.57496,-7.5204],[111.57472,-7.52149],[111.57192,-7.52112],[111.57222,-7.5231],[111.57149,-7.5218],[111.56964,-7.52426],[111.5696,-7.52273],[111.56627,-7.5245],[111.564,-7.5232],[111.56244,-7.52608],[111.55915,-7.52548],[111.55391,-7.53062],[111.5531,-7.5282],[111.55041,-7.52701],[111.55315,-7.53391],[111.55199,-7.53471],[111.5501,-7.53196],[111.54855,-7.53205],[111.5492,-7.53427],[111.54751,-7.53763],[111.55318,-7.53837],[111.55399,-7.53631],[111.55984,-7.53643],[111.55952,-7.54102],[111.56329,-7.5412],[111.5615,-7.54676],[111.55,-7.54503],[111.54802,-7.54224],[111.54821,-7.53892],[111.54522,-7.53924],[111.54109,-7.53585],[111.54025,-7.53793],[111.53605,-7.53819],[111.53543,-7.54543],[111.53021,-7.54671],[111.52473,-7.54444],[111.52274,-7.53836],[111.51814,-7.54011],[111.50817,-7.53689],[111.51181,-7.52361],[111.50203,-7.51864],[111.50322,-7.51603],[111.50203,-7.51517],[111.49729,-7.51329],[111.49408,-7.51719],[111.48839,-7.51379],[111.48475,-7.51681],[111.47922,-7.51711],[111.47918,-7.51543],[111.47636,-7.51583],[111.47506,-7.513],[111.46511,-7.50882],[111.46099,-7.50984],[111.46186,-7.51338],[111.4603,-7.51411],[111.46148,-7.51538],[111.46021,-7.51762],[111.45227,-7.51518],[111.44508,-7.51797],[111.43918,-7.51737],[111.43585,-7.52052],[111.43276,-7.52978],[111.42921,-7.53179],[111.4258,-7.53054],[111.42469,-7.53445],[111.42235,-7.53365],[111.42038,-7.53651],[111.41837,-7.5363],[111.41909,-7.53363],[111.4159,-7.53319],[111.41578,-7.53647],[111.41437,-7.53731],[111.40206,-7.53862],[111.40025,-7.54094],[111.39733,-7.54121],[111.38356,-7.53713],[111.37807,-7.54188],[111.37802,-7.54447],[111.37356,-7.54678],[111.37168,-7.55241],[111.36801,-7.55514],[111.37102,-7.55984],[111.37326,-7.5586],[111.37425,-7.56072],[111.37172,-7.56296],[111.37203,-7.56751],[111.36951,-7.57385],[111.36572,-7.57307],[111.366,-7.57025],[111.35439,-7.57041],[111.3532,-7.57276],[111.33015,-7.58175],[111.32917,-7.58426],[111.3222,-7.58418],[111.31599,-7.58905],[111.31495,-7.58296],[111.30924,-7.58565],[111.30151,-7.58682],[111.29816,-7.59359],[111.29546,-7.59342],[111.29681,-7.59529],[111.29618,-7.59926],[111.29111,-7.60369],[111.2884,-7.60245],[111.27502,-7.60343],[111.27561,-7.60171],[111.27392,-7.60049],[111.2585,-7.59848],[111.25294,-7.6032],[111.24899,-7.60026],[111.23199,-7.60992],[111.2269,-7.60948],[111.21696,-7.61444],[111.19979,-7.61601],[111.19509,-7.62009],[111.19402,-7.61836],[111.19671,-7.61061],[111.19301,-7.60404]]],[[[111.41698,-7.54118],[111.41744,-7.54411],[111.41404,-7.54641],[111.41361,-7.54108],[111.41698,-7.54118]]]]}},{"type":"Feature","properties":{"n":"Kota Salatiga","p":"Jawa Tengah"},"geometry":{"type":"Polygon","coordinates":[[[110.49737,-7.38868],[110.49241,-7.39041],[110.4915,-7.38557],[110.48871,-7.38427],[110.49059,-7.38216],[110.48886,-7.37688],[110.48219,-7.38071],[110.47849,-7.37524],[110.47575,-7.37465],[110.47712,-7.36907],[110.47329,-7.35508],[110.47573,-7.34992],[110.47028,-7.35017],[110.47123,-7.34188],[110.46929,-7.34139],[110.46908,-7.33936],[110.4702,-7.33262],[110.47197,-7.33159],[110.47177,-7.32599],[110.47411,-7.32429],[110.47259,-7.31337],[110.47511,-7.31528],[110.47589,-7.31283],[110.46962,-7.30573],[110.47333,-7.30314],[110.47324,-7.30086],[110.46927,-7.30004],[110.46628,-7.29698],[110.46696,-7.29523],[110.46777,-7.29682],[110.46976,-7.29623],[110.47339,-7.29369],[110.47371,-7.29116],[110.47637,-7.29137],[110.48397,-7.28605],[110.48651,-7.28688],[110.48498,-7.28873],[110.48896,-7.29221],[110.49372,-7.28871],[110.49712,-7.28854],[110.49683,-7.29233],[110.49845,-7.29275],[110.50233,-7.30215],[110.50692,-7.30001],[110.5104,-7.30207],[110.51305,-7.29388],[110.51473,-7.29467],[110.51783,-7.29285],[110.51771,-7.28919],[110.52259,-7.29161],[110.52049,-7.29418],[110.52085,-7.30234],[110.51812,-7.30391],[110.51695,-7.30905],[110.51674,-7.32021],[110.52676,-7.32821],[110.53113,-7.34097],[110.52921,-7.3437],[110.53039,-7.34457],[110.52716,-7.34691],[110.53015,-7.34512],[110.52954,-7.35032],[110.53324,-7.3484],[110.53422,-7.35207],[110.53263,-7.35422],[110.53518,-7.35383],[110.53412,-7.362],[110.53191,-7.36195],[110.5282,-7.36516],[110.52416,-7.36266],[110.51969,-7.3644],[110.51544,-7.36286],[110.51561,-7.36626],[110.51425,-7.36627],[110.51509,-7.37576],[110.50906,-7.37803],[110.51129,-7.38343],[110.51494,-7.38332],[110.51488,-7.38555],[110.50608,-7.38683],[110.50061,-7.38938],[110.49737,-7.38868]]]}},{"type":"Feature","properties":{"n":"Kota Blitar","p":"Jawa Timur"},"geometry":{"type":"Polygon","coordinates":[[[112.16891,-8.12185],[112.17025,-8.12568],[112.16766,-8.13137],[112.16356,-8.13421],[112.16032,-8.13422],[112.16016,-8.13572],[112.15645,-8.13487],[112.15961,-8.12664],[112.15771,-8.12589],[112.15655,-8.12805],[112.14898,-8.12757],[112.15028,-8.12119],[112.14378,-8.11989],[112.14412,-8.11831],[112.14222,-8.11778],[112.14335,-8.11357],[112.14566,-8.11378],[112.14756,-8.10947],[112.1439,-8.11134],[112.14504,-8.10802],[112.14364,-8.10756],[112.14087,-8.1112],[112.13594,-8.10904],[112.13584,-8.10674],[112.13702,-8.10691],[112.13833,-8.10297],[112.13989,-8.1031],[112.1416,-8.09994],[112.1394,-8.09883],[112.14023,-8.09617],[112.13206,-8.09108],[112.1335,-8.08363],[112.14427,-8.07668],[112.14704,-8.07692],[112.14754,-8.08011],[112.15142,-8.08254],[112.1576,-8.0832],[112.15706,-8.0862],[112.16132,-8.08492],[112.16511,-8.07608],[112.16842,-8.0734],[112.17213,-8.05819],[112.18107,-8.0609],[112.18217,-8.05733],[112.18628,-8.05608],[112.18898,-8.05811],[112.18729,-8.06545],[112.18891,-8.06592],[112.19027,-8.06353],[112.1985,-8.06537],[112.19445,-8.07243],[112.19502,-8.07525],[112.19233,-8.07676],[112.19308,-8.08068],[112.19085,-8.08533],[112.19558,-8.08778],[112.19557,-8.0907],[112.20051,-8.09282],[112.19753,-8.09375],[112.19378,-8.10064],[112.193,-8.0997],[112.19047,-8.10293],[112.18453,-8.10471],[112.18294,-8.11035],[112.18085,-8.11026],[112.17759,-8.115],[112.1761,-8.12037],[112.17176,-8.11799],[112.16891,-8.12185]]]}},{"type":"Feature","properties":{"n":"Karawang","p":"Jawa Barat"},"geometry":{"type":"Polygon","coordinates":[[[107.2645,-6.55544],[107.25359,-6.56487],[107.25006,-6.57304],[107.23513,-6.57777],[107.22385,-6.58562],[107.22051,-6.59075],[107.21352,-6.5905],[107.20512,-6.58703],[107.19311,-6.57829],[107.18959,-6.56161],[107.18596,-6.56084],[107.18434,-6.55555],[107.17869,-6.55197],[107.17654,-6.53298],[107.17452,-6.53274],[107.17516,-6.52946],[107.17125,-6.52317],[107.16929,-6.52282],[107.16854,-6.51724],[107.1664,-6.51613],[107.16763,-6.51147],[107.16487,-6.51131],[107.16424,-6.50198],[107.1666,-6.4972],[107.17006,-6.49656],[107.16972,-6.49233],[107.17426,-6.49081],[107.17377,-6.48441],[107.17149,-6.48052],[107.18076,-6.47812],[107.18114,-6.47498],[107.17874,-6.47368],[107.18282,-6.47348],[107.18224,-6.4678],[107.18573,-6.46722],[107.18427,-6.47085],[107.18614,-6.47136],[107.18916,-6.46975],[107.18959,-6.46389],[107.19511,-6.46383],[107.19605,-6.46091],[107.19875,-6.46368],[107.1991,-6.46051],[107.20168,-6.46113],[107.20891,-6.46817],[107.21488,-6.46444],[107.21687,-6.46136],[107.21265,-6.45496],[107.20538,-6.45193],[107.20789,-6.44928],[107.21107,-6.45245],[107.21171,-6.44928],[107.20704,-6.44106],[107.202,-6.43609],[107.20668,-6.43489],[107.20371,-6.42608],[107.19767,-6.42495],[107.19621,-6.42299],[107.20013,-6.42203],[107.20348,-6.42352],[107.20543,-6.42165],[107.20196,-6.41395],[107.21218,-6.41723],[107.21297,-6.40922],[107.22141,-6.40806],[107.22212,-6.40039],[107.21987,-6.39625],[107.22122,-6.38424],[107.21871,-6.38344],[107.21907,-6.38064],[107.21444,-6.37963],[107.21278,-6.37454],[107.21046,-6.37959],[107.2048,-6.37567],[107.20551,-6.36925],[107.21037,-6.36589],[107.2075,-6.36153],[107.21067,-6.3613],[107.21325,-6.36381],[107.21531,-6.36182],[107.21308,-6.35671],[107.21499,-6.34989],[107.22298,-6.35189],[107.2266,-6.34916],[107.22364,-6.3354],[107.22055,-6.33449],[107.2187,-6.33113],[107.21472,-6.32996],[107.21914,-6.32595],[107.21861,-6.32139],[107.22474,-6.32056],[107.22312,-6.31838],[107.21861,-6.31825],[107.2174,-6.31515],[107.21992,-6.31315],[107.22178,-6.31659],[107.22394,-6.31634],[107.22461,-6.31021],[107.2276,-6.30934],[107.22417,-6.30779],[107.22381,-6.3061],[107.22943,-6.3022],[107.23302,-6.30373],[107.23314,-6.29901],[107.23507,-6.30066],[107.2355,-6.3071],[107.2385,-6.30609],[107.23932,-6.30371],[107.23645,-6.29667],[107.24201,-6.29667],[107.24571,-6.29963],[107.24776,-6.29829],[107.24867,-6.2933],[107.25499,-6.29483],[107.25505,-6.29055],[107.26113,-6.28611],[107.2643,-6.28603],[107.26189,-6.28195],[107.26326,-6.28009],[107.26711,-6.28461],[107.26795,-6.2807],[107.26526,-6.27845],[107.26609,-6.27442],[107.27615,-6.26705],[107.27602,-6.26312],[107.27341,-6.25837],[107.27784,-6.2536],[107.27451,-6.24121],[107.26913,-6.23199],[107.27442,-6.23357],[107.28209,-6.22892],[107.28368,-6.22588],[107.28072,-6.22344],[107.27495,-6.22248],[107.27222,-6.21688],[107.27863,-6.21537],[107.29104,-6.21698],[107.29308,-6.21417],[107.29397,-6.20662],[107.29662,-6.20295],[107.29598,-6.20132],[107.29083,-6.20061],[107.29214,-6.19015],[107.2862,-6.18389],[107.28597,-6.17532],[107.27937,-6.17109],[107.27859,-6.16202],[107.2812,-6.15733],[107.28845,-6.15632],[107.28921,-6.1493],[107.29266,-6.14143],[107.29105,-6.1405],[107.28896,-6.14192],[107.28577,-6.1487],[107.28242,-6.14804],[107.28104,-6.14483],[107.28392,-6.13725],[107.28342,-6.13537],[107.27947,-6.13337],[107.28119,-6.1276],[107.27789,-6.12703],[107.27282,-6.13053],[107.27063,-6.12968],[107.26939,-6.11556],[107.26533,-6.11134],[107.26245,-6.11102],[107.25147,-6.11617],[107.2485,-6.1161],[107.24815,-6.10369],[107.2468,-6.10109],[107.24335,-6.10096],[107.23749,-6.10437],[107.23014,-6.10263],[107.22163,-6.10386],[107.21173,-6.09968],[107.20256,-6.09354],[107.18913,-6.08925],[107.18704,-6.08632],[107.18806,-6.07901],[107.18568,-6.07656],[107.18215,-6.07729],[107.17702,-6.08172],[107.1719,-6.07593],[107.15964,-6.06767],[107.15682,-6.06793],[107.15157,-6.07283],[107.14359,-6.0713],[107.14041,-6.06362],[107.14054,-6.05717],[107.13892,-6.0573],[107.13442,-6.06349],[107.13034,-6.06153],[107.13271,-6.05573],[107.13685,-6.05563],[107.13616,-6.04964],[107.12851,-6.05461],[107.12659,-6.05432],[107.12436,-6.05089],[107.12782,-6.04739],[107.12653,-6.04611],[107.12168,-6.04708],[107.11912,-6.03959],[107.1133,-6.03884],[107.11132,-6.0289],[107.10513,-6.02878],[107.0993,-6.02504],[107.09609,-6.02793],[107.09395,-6.0274],[107.09501,-6.02205],[107.10158,-6.01624],[107.09966,-6.01446],[107.09356,-6.01428],[107.09204,-6.00576],[107.08462,-6.00228],[107.08835,-5.99545],[107.0875,-5.9928],[107.08438,-5.99082],[107.08722,-5.98721],[107.08489,-5.98492],[107.08775,-5.98533],[107.08992,-5.98353],[107.08763,-5.98227],[107.08862,-5.98007],[107.08563,-5.97947],[107.09003,-5.97644],[107.08846,-5.97561],[107.09099,-5.97268],[107.08949,-5.96863],[107.09714,-5.96132],[107.09358,-5.95787],[107.09822,-5.93988],[107.1331,-5.97609],[107.15025,-5.98459],[107.1678,-5.98877],[107.18518,-5.98839],[107.19379,-5.9854],[107.20069,-5.98094],[107.20674,-5.98075],[107.2103,-5.97892],[107.21915,-5.97957],[107.22174,-5.97588],[107.23324,-5.97727],[107.2337,-5.97284],[107.26637,-5.96066],[107.29193,-5.95873],[107.30161,-5.9603],[107.30405,-5.9583],[107.31799,-5.96374],[107.34274,-5.97019],[107.36018,-5.98544],[107.389,-6.01741],[107.40666,-6.04305],[107.43043,-6.09111],[107.43428,-6.09122],[107.44095,-6.10255],[107.44535,-6.1014],[107.44652,-6.10784],[107.44904,-6.10897],[107.46101,-6.13189],[107.47325,-6.14859],[107.48717,-6.15752],[107.49008,-6.15599],[107.54251,-6.17851],[107.54823,-6.17837],[107.56264,-6.18167],[107.58224,-6.18783],[107.599,-6.18609],[107.62044,-6.18749],[107.62388,-6.18991],[107.62664,-6.19606],[107.63408,-6.20566],[107.64279,-6.21419],[107.64294,-6.21552],[107.63359,-6.22396],[107.62656,-6.22519],[107.62389,-6.22274],[107.61092,-6.23646],[107.60644,-6.23656],[107.60207,-6.23882],[107.6018,-6.24843],[107.59923,-6.2512],[107.59943,-6.253],[107.59212,-6.2509],[107.5858,-6.25243],[107.58064,-6.25642],[107.58389,-6.26028],[107.58218,-6.26141],[107.58173,-6.26632],[107.5782,-6.26783],[107.57983,-6.27126],[107.57889,-6.28045],[107.58227,-6.2885],[107.58459,-6.28928],[107.58473,-6.29332],[107.58614,-6.29445],[107.58476,-6.29847],[107.58016,-6.30065],[107.58138,-6.30696],[107.5799,-6.30882],[107.58273,-6.31241],[107.5799,-6.31374],[107.57903,-6.32235],[107.57558,-6.32733],[107.57634,-6.32837],[107.57156,-6.33047],[107.57036,-6.33277],[107.57279,-6.33301],[107.56805,-6.3363],[107.56852,-6.33885],[107.57074,-6.33732],[107.57047,-6.34097],[107.56293,-6.34989],[107.56543,-6.35265],[107.56222,-6.35511],[107.56204,-6.35865],[107.55946,-6.35885],[107.55807,-6.36461],[107.55576,-6.36509],[107.555,-6.36273],[107.55351,-6.36328],[107.55339,-6.36581],[107.54861,-6.3714],[107.54954,-6.37389],[107.5483,-6.37954],[107.54296,-6.38192],[107.54211,-6.3847],[107.53777,-6.38697],[107.53972,-6.4034],[107.53709,-6.40498],[107.53484,-6.41501],[107.53239,-6.41486],[107.53036,-6.41831],[107.52095,-6.41818],[107.50855,-6.41329],[107.50281,-6.4082],[107.50033,-6.40838],[107.49816,-6.41183],[107.49687,-6.41132],[107.49163,-6.41507],[107.49058,-6.41936],[107.48047,-6.42702],[107.48032,-6.43015],[107.47825,-6.43191],[107.47442,-6.43215],[107.47142,-6.42858],[107.46138,-6.42659],[107.45986,-6.43236],[107.46141,-6.43405],[107.45443,-6.44046],[107.45286,-6.44159],[107.44505,-6.43856],[107.44247,-6.44521],[107.43602,-6.45005],[107.43507,-6.45808],[107.43326,-6.45951],[107.38629,-6.46871],[107.37322,-6.4683],[107.37202,-6.47068],[107.37286,-6.47475],[107.3807,-6.48055],[107.38271,-6.48868],[107.38957,-6.49185],[107.39178,-6.50377],[107.39045,-6.5112],[107.37732,-6.50472],[107.36982,-6.49754],[107.36332,-6.49507],[107.35011,-6.48475],[107.3507,-6.48128],[107.34868,-6.47979],[107.32891,-6.48018],[107.32628,-6.48525],[107.30582,-6.49105],[107.30122,-6.4955],[107.28914,-6.50173],[107.28767,-6.50748],[107.28979,-6.51469],[107.28904,-6.52083],[107.2857,-6.52387],[107.28406,-6.53079],[107.2781,-6.53538],[107.27308,-6.53607],[107.27201,-6.54024],[107.26703,-6.54659],[107.26685,-6.55153],[107.2645,-6.55544]]]}},{"type":"Feature","properties":{"n":"Bangkalan","p":"Jawa Timur"},"geometry":{"type":"MultiPolygon","coordinates":[[[[112.72824,-7.17043],[112.72596,-7.17194],[112.72763,-7.17391],[112.72736,-7.17442],[112.72601,-7.17224],[112.72294,-7.17613],[112.7215,-7.17493],[112.72116,-7.17591],[112.72014,-7.17339],[112.71856,-7.17434],[112.71868,-7.17154],[112.70346,-7.16574],[112.69128,-7.15408],[112.69284,-7.14432],[112.69776,-7.13655],[112.69696,-7.13453],[112.70609,-7.10527],[112.70639,-7.09808],[112.70598,-7.0959],[112.7033,-7.09616],[112.70448,-7.0951],[112.70187,-7.09286],[112.70013,-7.09431],[112.69261,-7.09497],[112.69184,-7.09759],[112.68605,-7.0955],[112.68672,-7.09298],[112.68536,-7.09066],[112.6867,-7.08924],[112.68303,-7.08243],[112.67351,-7.07278],[112.67542,-7.0666],[112.67379,-7.05967],[112.6766,-7.05683],[112.67714,-7.05232],[112.67611,-7.04611],[112.67806,-7.04313],[112.67946,-7.04362],[112.68251,-7.03195],[112.68551,-7.03268],[112.6884,-7.02979],[112.68924,-7.0315],[112.69768,-7.03407],[112.70345,-7.03866],[112.70786,-7.03836],[112.71126,-7.04056],[112.71586,-7.03839],[112.7188,-7.03972],[112.72359,-7.03885],[112.73633,-7.02635],[112.74103,-7.01855],[112.74726,-7.01639],[112.75349,-7.0106],[112.77177,-7.00053],[112.77776,-6.9939],[112.78206,-6.99185],[112.79042,-6.98066],[112.79312,-6.97958],[112.79321,-6.97684],[112.79203,-6.97704],[112.79093,-6.97397],[112.79304,-6.97445],[112.79721,-6.97175],[112.81097,-6.95662],[112.81804,-6.94677],[112.82325,-6.93513],[112.82903,-6.92948],[112.82655,-6.92751],[112.82856,-6.92108],[112.82972,-6.92116],[112.82217,-6.91194],[112.82669,-6.90908],[112.8272,-6.90703],[112.83018,-6.90584],[112.83229,-6.90677],[112.8356,-6.9161],[112.83714,-6.91494],[112.84123,-6.91565],[112.84786,-6.90987],[112.84835,-6.90336],[112.85275,-6.90309],[112.84697,-6.89925],[112.84961,-6.89681],[112.8636,-6.89205],[112.87191,-6.89222],[112.87079,-6.89389],[112.87545,-6.89809],[112.87905,-6.8967],[112.87768,-6.89173],[112.87928,-6.89095],[112.89329,-6.89081],[112.89588,-6.8921],[112.90074,-6.89074],[112.90025,-6.89417],[112.90331,-6.89355],[112.90395,-6.89168],[112.92077,-6.89407],[112.92527,-6.89038],[112.93217,-6.89169],[112.93857,-6.88878],[112.94103,-6.88998],[112.95149,-6.88714],[112.95994,-6.88918],[112.96369,-6.88683],[112.96641,-6.88698],[112.96943,-6.88907],[112.98153,-6.88553],[112.98748,-6.88686],[112.99166,-6.8842],[112.99466,-6.88581],[112.99978,-6.8818],[112.99941,-6.88631],[113.00207,-6.88728],[113.00612,-6.88114],[113.00756,-6.8825],[113.01047,-6.88103],[113.02861,-6.88356],[113.03381,-6.87949],[113.04361,-6.88031],[113.05215,-6.88532],[113.06364,-6.882],[113.07601,-6.88477],[113.07733,-6.88371],[113.08272,-6.8872],[113.08628,-6.88673],[113.08599,-6.8885],[113.08754,-6.88903],[113.10811,-6.88856],[113.10766,-6.89267],[113.11042,-6.89446],[113.11785,-6.89462],[113.11872,-6.89035],[113.12121,-6.89002],[113.12469,-6.89296],[113.12483,-6.89561],[113.12864,-6.89718],[113.12668,-6.90613],[113.12088,-6.90549],[113.11807,-6.90857],[113.11631,-6.91783],[113.11904,-6.92564],[113.11794,-6.93298],[113.11486,-6.93355],[113.11301,-6.93213],[113.10444,-6.93749],[113.10026,-6.93824],[113.09701,-6.93572],[113.09595,-6.93781],[113.09606,-6.94258],[113.09734,-6.94284],[113.09968,-6.95152],[113.10163,-6.9531],[113.09936,-6.95726],[113.10182,-6.95801],[113.10373,-6.95677],[113.10161,-6.95998],[113.10259,-6.9641],[113.10514,-6.96901],[113.10664,-6.96896],[113.10664,-6.97297],[113.10925,-6.9741],[113.10724,-6.97915],[113.11044,-6.98711],[113.11256,-6.98347],[113.12179,-6.98556],[113.12589,-6.97706],[113.12838,-6.97686],[113.13042,-6.97925],[113.13456,-6.97867],[113.13614,-6.98009],[113.13651,-6.98223],[113.14183,-6.9858],[113.14184,-6.98954],[113.14745,-6.99003],[113.14624,-6.99791],[113.14079,-6.99976],[113.13852,-7.00527],[113.14048,-7.00759],[113.13942,-7.00948],[113.14233,-7.0114],[113.13917,-7.01663],[113.13717,-7.01657],[113.13635,-7.02199],[113.13448,-7.02207],[113.13244,-7.0267],[113.13404,-7.02883],[113.13281,-7.03282],[113.12793,-7.03656],[113.11742,-7.0318],[113.11432,-7.03202],[113.11146,-7.02912],[113.11034,-7.03014],[113.1117,-7.03443],[113.11029,-7.04233],[113.11207,-7.04391],[113.11059,-7.04786],[113.11297,-7.05199],[113.11233,-7.05802],[113.11731,-7.06147],[113.1158,-7.06386],[113.12003,-7.06767],[113.12196,-7.07458],[113.1198,-7.08068],[113.11814,-7.0795],[113.11688,-7.08146],[113.11482,-7.08095],[113.11492,-7.07904],[113.11191,-7.07987],[113.10996,-7.07849],[113.10783,-7.08101],[113.11065,-7.08583],[113.11204,-7.09449],[113.10842,-7.09548],[113.10814,-7.09752],[113.10938,-7.10051],[113.11547,-7.10161],[113.11585,-7.10455],[113.11351,-7.10418],[113.11259,-7.10595],[113.11456,-7.10764],[113.11379,-7.11236],[113.1154,-7.116],[113.11285,-7.11484],[113.11156,-7.11655],[113.10926,-7.11314],[113.1078,-7.11317],[113.10784,-7.10764],[113.10562,-7.1099],[113.10789,-7.11346],[113.10717,-7.1164],[113.10557,-7.11625],[113.10703,-7.12178],[113.10623,-7.12447],[113.10322,-7.12846],[113.10011,-7.12647],[113.09785,-7.12719],[113.09308,-7.13272],[113.09596,-7.14823],[113.09317,-7.15053],[113.0972,-7.15382],[113.09749,-7.15709],[113.09425,-7.15829],[113.08685,-7.1564],[113.08156,-7.15125],[113.07286,-7.1492],[113.07056,-7.15819],[113.0673,-7.16062],[113.06751,-7.1638],[113.06176,-7.16576],[113.0573,-7.16371],[113.05497,-7.17476],[113.04989,-7.17837],[113.04837,-7.18439],[113.04966,-7.18649],[113.05293,-7.18766],[113.05676,-7.18682],[113.06017,-7.18934],[113.06014,-7.19785],[113.0575,-7.19854],[113.05397,-7.19708],[113.04695,-7.19957],[113.04046,-7.21278],[113.02319,-7.20993],[113.01698,-7.20809],[113.01389,-7.2054],[113.0068,-7.20647],[113.00127,-7.20954],[112.9977,-7.2087],[112.99607,-7.20451],[112.98803,-7.20109],[112.97099,-7.19878],[112.96524,-7.20039],[112.951,-7.19264],[112.94837,-7.19377],[112.92272,-7.18579],[112.91861,-7.18309],[112.91339,-7.18516],[112.90694,-7.17939],[112.90238,-7.18059],[112.89163,-7.17799],[112.87823,-7.16824],[112.86501,-7.16213],[112.85268,-7.16546],[112.85009,-7.16443],[112.84511,-7.16569],[112.83435,-7.16224],[112.82348,-7.16141],[112.82043,-7.15932],[112.81721,-7.16015],[112.81273,-7.15824],[112.80082,-7.15756],[112.79311,-7.15897],[112.791,-7.16085],[112.77647,-7.15946],[112.75105,-7.17116],[112.7491,-7.16994],[112.73857,-7.1713],[112.72824,-7.17043]]],[[[112.84636,-6.89739],[112.84695,-6.89801],[112.8466,-6.89818],[112.84636,-6.89739]]]]}},{"type":"Feature","properties":{"n":"Grobogan","p":"Jawa Tengah"},"geometry":{"type":"Polygon","coordinates":[[[110.66171,-7.22525],[110.65459,-7.2258],[110.65593,-7.22489],[110.65488,-7.22283],[110.64804,-7.22306],[110.64407,-7.21905],[110.63511,-7.21918],[110.62997,-7.21951],[110.62314,-7.22255],[110.62066,-7.22674],[110.61731,-7.22861],[110.61054,-7.22655],[110.6143,-7.21695],[110.61166,-7.21237],[110.61259,-7.20735],[110.61155,-7.20529],[110.61351,-7.20249],[110.61299,-7.1993],[110.61437,-7.19902],[110.61356,-7.19755],[110.61096,-7.19854],[110.60641,-7.19489],[110.60084,-7.19515],[110.60082,-7.19993],[110.59159,-7.19873],[110.59282,-7.20229],[110.59179,-7.20314],[110.58771,-7.19588],[110.58636,-7.1989],[110.58251,-7.19869],[110.5811,-7.20073],[110.57836,-7.19632],[110.57641,-7.19872],[110.57605,-7.19479],[110.57043,-7.18896],[110.56908,-7.1893],[110.57012,-7.19223],[110.56875,-7.19438],[110.5658,-7.18997],[110.56371,-7.19103],[110.56228,-7.18781],[110.56167,-7.19184],[110.55966,-7.19267],[110.55519,-7.18694],[110.55412,-7.18905],[110.55662,-7.19046],[110.55426,-7.19021],[110.55391,-7.19376],[110.55149,-7.19274],[110.5509,-7.19414],[110.54601,-7.19493],[110.54404,-7.18855],[110.54564,-7.18523],[110.54376,-7.18492],[110.54494,-7.18243],[110.53896,-7.18266],[110.53703,-7.17654],[110.54186,-7.17775],[110.54944,-7.16733],[110.55594,-7.16993],[110.55917,-7.16944],[110.55926,-7.16345],[110.56318,-7.15973],[110.57003,-7.16279],[110.57058,-7.15682],[110.57408,-7.15273],[110.5699,-7.14816],[110.57656,-7.13235],[110.57593,-7.12902],[110.5807,-7.12466],[110.58175,-7.1193],[110.5793,-7.11554],[110.57866,-7.11039],[110.57151,-7.09899],[110.56578,-7.0986],[110.56499,-7.09325],[110.56184,-7.09418],[110.56261,-7.0863],[110.561,-7.08412],[110.5646,-7.08232],[110.56315,-7.0801],[110.56648,-7.07429],[110.57372,-7.0738],[110.57533,-7.07011],[110.57852,-7.07045],[110.58088,-7.06872],[110.58105,-7.07002],[110.58545,-7.07001],[110.58494,-7.07151],[110.58725,-7.07077],[110.5883,-7.07289],[110.59124,-7.07048],[110.59202,-7.06706],[110.59392,-7.06763],[110.59493,-7.05596],[110.59655,-7.05272],[110.60045,-7.05071],[110.60557,-7.05064],[110.6258,-7.01054],[110.62919,-6.99382],[110.6294,-6.98432],[110.62365,-6.98178],[110.62444,-6.97557],[110.62955,-6.97733],[110.62976,-6.97558],[110.63143,-6.97607],[110.63387,-6.97907],[110.63787,-6.97466],[110.64508,-6.97727],[110.64879,-6.9737],[110.65237,-6.97602],[110.65415,-6.97322],[110.65853,-6.97253],[110.6652,-6.97596],[110.67156,-6.97587],[110.67161,-6.97788],[110.6693,-6.97923],[110.67103,-6.98082],[110.66821,-6.98301],[110.67488,-6.98729],[110.67846,-6.98722],[110.67678,-6.99127],[110.68034,-6.9971],[110.67537,-7.00477],[110.67325,-7.00561],[110.67318,-7.00815],[110.67754,-7.01179],[110.68008,-7.01176],[110.68038,-7.01376],[110.68802,-7.01424],[110.69078,-7.01727],[110.69085,-7.02179],[110.68978,-7.02508],[110.68177,-7.03271],[110.68331,-7.0349],[110.68149,-7.03548],[110.6803,-7.03408],[110.67942,-7.03791],[110.67558,-7.03763],[110.67408,-7.04181],[110.67041,-7.04284],[110.66925,-7.04714],[110.67053,-7.04901],[110.66809,-7.05027],[110.66929,-7.05418],[110.67186,-7.05153],[110.6746,-7.05229],[110.67703,-7.04984],[110.67828,-7.04772],[110.67725,-7.04607],[110.69003,-7.03202],[110.69367,-7.01825],[110.72917,-7.03293],[110.76263,-7.02187],[110.75311,-7.01813],[110.7574,-7.01558],[110.76389,-7.01886],[110.7654,-7.01432],[110.76844,-7.0139],[110.76884,-7.01097],[110.76411,-7.00417],[110.76593,-7.00301],[110.7719,-7.00452],[110.77567,-7.00193],[110.77445,-6.99901],[110.76388,-7.00007],[110.76381,-6.99748],[110.76851,-6.99625],[110.76689,-6.9907],[110.77205,-6.99122],[110.77273,-6.98985],[110.7682,-6.98478],[110.76278,-6.98623],[110.76124,-6.98322],[110.76232,-6.97959],[110.76865,-6.98001],[110.77416,-6.97563],[110.77352,-6.97391],[110.76506,-6.97139],[110.76453,-6.96892],[110.76713,-6.96611],[110.77651,-6.96398],[110.77396,-6.95868],[110.7734,-6.95253],[110.77859,-6.94873],[110.78396,-6.95037],[110.7868,-6.9553],[110.79264,-6.95677],[110.80348,-6.97739],[110.80255,-6.98277],[110.80437,-6.99021],[110.80879,-6.99275],[110.80932,-6.99697],[110.81208,-6.99884],[110.81222,-7.00069],[110.81446,-7.00011],[110.81459,-6.99734],[110.81679,-6.99786],[110.81943,-6.99601],[110.82774,-7.00201],[110.83254,-6.99825],[110.83554,-6.99106],[110.84057,-6.99338],[110.84527,-6.99021],[110.84775,-6.9979],[110.85155,-6.99985],[110.85689,-6.98583],[110.85815,-6.98461],[110.86326,-6.9857],[110.86753,-6.97544],[110.86942,-6.97431],[110.87222,-6.97605],[110.87903,-6.97065],[110.88378,-6.97499],[110.88384,-6.97719],[110.89038,-6.97924],[110.89303,-6.9847],[110.90575,-6.98265],[110.90698,-6.97494],[110.91292,-6.97172],[110.91512,-6.96114],[110.91689,-6.96282],[110.91578,-6.96598],[110.92051,-6.96743],[110.92038,-6.96952],[110.92349,-6.96919],[110.92554,-6.97213],[110.92892,-6.97147],[110.93145,-6.97276],[110.93963,-6.97202],[110.94209,-6.969],[110.94457,-6.96928],[110.94806,-6.96375],[110.95137,-6.96629],[110.95876,-6.9677],[110.96027,-6.97318],[110.96269,-6.97331],[110.96562,-6.97175],[110.9714,-6.97244],[110.97491,-6.97042],[110.98434,-6.97067],[110.98675,-6.968],[110.99165,-6.97023],[111.00497,-6.9693],[111.00657,-6.97136],[111.00977,-6.97187],[111.02614,-6.96984],[111.03307,-6.97235],[111.04495,-6.96926],[111.06048,-6.9696],[111.06856,-6.96694],[111.07118,-6.96141],[111.08591,-6.96195],[111.08685,-6.9519],[111.08442,-6.94846],[111.08004,-6.94603],[111.08425,-6.94384],[111.08434,-6.9401],[111.08787,-6.93649],[111.08926,-6.93175],[111.09658,-6.92966],[111.1004,-6.93285],[111.10229,-6.93271],[111.10429,-6.93862],[111.10234,-6.94337],[111.10456,-6.94593],[111.10438,-6.95158],[111.1071,-6.95776],[111.10691,-6.96206],[111.11178,-6.97877],[111.12251,-6.97653],[111.13273,-6.97729],[111.13922,-6.98045],[111.14706,-6.98066],[111.15484,-6.98363],[111.1614,-6.98442],[111.16181,-6.98263],[111.16937,-6.984],[111.17347,-6.99098],[111.17987,-6.99315],[111.1878,-7.00658],[111.19453,-7.01047],[111.20679,-7.02132],[111.21092,-7.01962],[111.21424,-7.02247],[111.21802,-7.03053],[111.21665,-7.04619],[111.21879,-7.05019],[111.21536,-7.06091],[111.21725,-7.07102],[111.21267,-7.07538],[111.21826,-7.0835],[111.21547,-7.09039],[111.21615,-7.09667],[111.21949,-7.09929],[111.22658,-7.09758],[111.2251,-7.10632],[111.22665,-7.11395],[111.23794,-7.13789],[111.24046,-7.13852],[111.24144,-7.16591],[111.24294,-7.16928],[111.24791,-7.172],[111.24921,-7.17711],[111.24537,-7.1856],[111.2458,-7.19269],[111.23945,-7.22549],[111.24239,-7.23206],[111.24323,-7.23871],[111.23691,-7.24163],[111.22293,-7.25488],[111.21964,-7.25034],[111.21115,-7.24905],[111.204,-7.24451],[111.19785,-7.24676],[111.1998,-7.24858],[111.19988,-7.25587],[111.19418,-7.25628],[111.18978,-7.25983],[111.18268,-7.25961],[111.17776,-7.26455],[111.17481,-7.2628],[111.16829,-7.26348],[111.16725,-7.26084],[111.16243,-7.26051],[111.15966,-7.25802],[111.15032,-7.26022],[111.1493,-7.26407],[111.14648,-7.26452],[111.14375,-7.26167],[111.13613,-7.2618],[111.13407,-7.25965],[111.12712,-7.25779],[111.12574,-7.25095],[111.12164,-7.24805],[111.11192,-7.24916],[111.10268,-7.24729],[111.10108,-7.24943],[111.09811,-7.2491],[111.09531,-7.25246],[111.09147,-7.25287],[111.08896,-7.25106],[111.08511,-7.25484],[111.0802,-7.25427],[111.07872,-7.25739],[111.07987,-7.26133],[111.07487,-7.2626],[111.07224,-7.26713],[111.06547,-7.26715],[111.05785,-7.27061],[111.04567,-7.26611],[111.03953,-7.26668],[111.03198,-7.2645],[111.03312,-7.25789],[111.02987,-7.25673],[111.02339,-7.25816],[111.02096,-7.2607],[111.01808,-7.25887],[111.01303,-7.26216],[111.00726,-7.26085],[111.00559,-7.26608],[110.99649,-7.26753],[110.99499,-7.27394],[110.98643,-7.27442],[110.9854,-7.27645],[110.98157,-7.27731],[110.97454,-7.27637],[110.97198,-7.27806],[110.97236,-7.28161],[110.96145,-7.27876],[110.95768,-7.28228],[110.95483,-7.28267],[110.94792,-7.28135],[110.94498,-7.2772],[110.93847,-7.27783],[110.93194,-7.27611],[110.92885,-7.27765],[110.92521,-7.27508],[110.92224,-7.26959],[110.9197,-7.28049],[110.91735,-7.28201],[110.90775,-7.28144],[110.90447,-7.28321],[110.90075,-7.28201],[110.90084,-7.27591],[110.89505,-7.27384],[110.88919,-7.27267],[110.87876,-7.27422],[110.87697,-7.27508],[110.87699,-7.27728],[110.87435,-7.27621],[110.86973,-7.27312],[110.87119,-7.26915],[110.86749,-7.26515],[110.85842,-7.27181],[110.84021,-7.26358],[110.82787,-7.24858],[110.82859,-7.23945],[110.8362,-7.23123],[110.83986,-7.22283],[110.84266,-7.2227],[110.84368,-7.21642],[110.84735,-7.21519],[110.85269,-7.21735],[110.85523,-7.21434],[110.85876,-7.21315],[110.84954,-7.20166],[110.84584,-7.20277],[110.84501,-7.20056],[110.83853,-7.19854],[110.83094,-7.19762],[110.83033,-7.20102],[110.82716,-7.20283],[110.8242,-7.21231],[110.81203,-7.21873],[110.80879,-7.2233],[110.80803,-7.22866],[110.79358,-7.24043],[110.78878,-7.24348],[110.78085,-7.24531],[110.76679,-7.24444],[110.77192,-7.23543],[110.77016,-7.22651],[110.77194,-7.22642],[110.77302,-7.22366],[110.77774,-7.22209],[110.7767,-7.21929],[110.78091,-7.21062],[110.7793,-7.20941],[110.78142,-7.20684],[110.78103,-7.20385],[110.78551,-7.19387],[110.78163,-7.1892],[110.77945,-7.18906],[110.77859,-7.19127],[110.77566,-7.19074],[110.77675,-7.18428],[110.77044,-7.18645],[110.76024,-7.18635],[110.75949,-7.18363],[110.76181,-7.17975],[110.7673,-7.18005],[110.76801,-7.17661],[110.76402,-7.17419],[110.76036,-7.17546],[110.75709,-7.16907],[110.75236,-7.16681],[110.74782,-7.16685],[110.74384,-7.16428],[110.74325,-7.1559],[110.74727,-7.15314],[110.74785,-7.14993],[110.74996,-7.14878],[110.74567,-7.14047],[110.74236,-7.13913],[110.74162,-7.14099],[110.73519,-7.14297],[110.73264,-7.14575],[110.7274,-7.15393],[110.72631,-7.16282],[110.71929,-7.16913],[110.71803,-7.17206],[110.71612,-7.17176],[110.70516,-7.18317],[110.70205,-7.18297],[110.69018,-7.18935],[110.6892,-7.19175],[110.69099,-7.19332],[110.69137,-7.19833],[110.69306,-7.19905],[110.69282,-7.20529],[110.70242,-7.20903],[110.70359,-7.21206],[110.70544,-7.21227],[110.70584,-7.2151],[110.69428,-7.22428],[110.69307,-7.22924],[110.69464,-7.23075],[110.69199,-7.23834],[110.69299,-7.24111],[110.68389,-7.24157],[110.67922,-7.2401],[110.6738,-7.23757],[110.67219,-7.2342],[110.66689,-7.23098],[110.66902,-7.22883],[110.66493,-7.22493],[110.66305,-7.22523],[110.66201,-7.22361],[110.66171,-7.22525]]]}},{"type":"Feature","properties":{"n":"Bandung Barat","p":"Jawa Barat"},"geometry":{"type":"Polygon","coordinates":[[[107.36532,-7.09569],[107.36373,-7.09601],[107.36366,-7.09331],[107.35898,-7.09026],[107.35729,-7.09622],[107.35471,-7.09824],[107.35049,-7.09782],[107.34832,-7.09927],[107.33759,-7.09736],[107.33714,-7.09581],[107.33366,-7.09851],[107.33059,-7.09822],[107.32656,-7.10587],[107.32029,-7.1071],[107.31429,-7.0974],[107.31031,-7.09559],[107.31077,-7.09213],[107.30691,-7.09062],[107.30685,-7.08756],[107.30444,-7.0856],[107.29987,-7.08645],[107.29839,-7.0837],[107.29641,-7.08325],[107.29147,-7.08699],[107.28557,-7.0852],[107.28422,-7.07968],[107.28303,-7.07969],[107.28386,-7.07856],[107.27505,-7.0748],[107.26894,-7.06987],[107.26422,-7.06154],[107.2597,-7.06059],[107.26019,-7.05861],[107.25644,-7.05757],[107.25795,-7.0557],[107.25748,-7.05328],[107.25427,-7.05269],[107.25217,-7.04826],[107.24902,-7.05046],[107.24556,-7.05045],[107.24551,-7.04915],[107.23785,-7.04671],[107.23395,-7.04848],[107.23426,-7.04992],[107.22979,-7.05117],[107.22934,-7.04943],[107.22858,-7.05051],[107.22445,-7.04914],[107.22279,-7.05036],[107.22403,-7.05224],[107.22236,-7.05285],[107.22335,-7.0583],[107.22153,-7.05789],[107.22185,-7.05678],[107.21698,-7.058],[107.21683,-7.05653],[107.21208,-7.05465],[107.20997,-7.05623],[107.20909,-7.0541],[107.208,-7.05635],[107.20584,-7.05564],[107.20476,-7.05708],[107.20295,-7.05417],[107.20225,-7.05652],[107.19977,-7.05605],[107.19831,-7.05894],[107.19548,-7.05765],[107.19512,-7.05883],[107.19116,-7.05879],[107.19182,-7.0609],[107.19018,-7.06195],[107.18629,-7.05809],[107.18516,-7.05933],[107.18194,-7.05813],[107.18423,-7.05532],[107.18421,-7.05279],[107.18705,-7.05138],[107.18565,-7.0502],[107.18845,-7.04652],[107.18704,-7.04473],[107.18926,-7.04415],[107.18804,-7.04249],[107.19127,-7.02846],[107.19398,-7.02706],[107.19346,-7.02244],[107.19563,-7.02111],[107.19142,-7.0165],[107.19101,-7.01325],[107.18806,-7.01157],[107.18944,-7.00855],[107.18718,-7.00659],[107.18457,-6.99602],[107.18525,-6.99467],[107.18958,-6.99501],[107.19019,-6.99285],[107.18852,-6.98919],[107.18602,-6.98903],[107.18486,-6.98274],[107.18654,-6.97281],[107.19082,-6.97208],[107.19023,-6.96811],[107.19657,-6.96302],[107.20079,-6.9631],[107.20236,-6.96027],[107.21414,-6.95348],[107.22813,-6.94031],[107.24645,-6.93238],[107.2509,-6.92852],[107.25545,-6.92707],[107.26475,-6.9289],[107.26639,-6.92625],[107.27169,-6.92613],[107.27432,-6.92435],[107.27839,-6.92547],[107.27935,-6.92375],[107.28321,-6.9233],[107.29174,-6.91588],[107.2935,-6.91007],[107.30154,-6.90962],[107.31168,-6.90397],[107.31506,-6.90008],[107.31448,-6.89656],[107.32324,-6.88788],[107.32666,-6.88711],[107.33089,-6.8885],[107.34114,-6.88574],[107.34306,-6.87895],[107.34136,-6.87494],[107.34373,-6.87357],[107.34385,-6.87148],[107.34702,-6.87042],[107.34933,-6.86582],[107.34687,-6.86097],[107.35001,-6.85655],[107.34945,-6.85352],[107.34788,-6.85242],[107.34289,-6.85338],[107.34399,-6.84962],[107.34286,-6.84896],[107.338,-6.85763],[107.33492,-6.8532],[107.33025,-6.85633],[107.32914,-6.85203],[107.32592,-6.85296],[107.32428,-6.8518],[107.3241,-6.8495],[107.32682,-6.84891],[107.32735,-6.84639],[107.32246,-6.83955],[107.32264,-6.82486],[107.31616,-6.82254],[107.31621,-6.81973],[107.32008,-6.8141],[107.3149,-6.80815],[107.31416,-6.80071],[107.30219,-6.79385],[107.2958,-6.78696],[107.29124,-6.7884],[107.28924,-6.78104],[107.28443,-6.77438],[107.28406,-6.77074],[107.28576,-6.76045],[107.29162,-6.74978],[107.28912,-6.74161],[107.29086,-6.7356],[107.29743,-6.72998],[107.32368,-6.72264],[107.33084,-6.71347],[107.33841,-6.6987],[107.34207,-6.69511],[107.35017,-6.69426],[107.3708,-6.70105],[107.37112,-6.6966],[107.37299,-6.69445],[107.37165,-6.68959],[107.37415,-6.69112],[107.38013,-6.69034],[107.38676,-6.69381],[107.39597,-6.69565],[107.39977,-6.69484],[107.40945,-6.68851],[107.41729,-6.69124],[107.42514,-6.70002],[107.43549,-6.70212],[107.43562,-6.70052],[107.43802,-6.70015],[107.43964,-6.70279],[107.44179,-6.70121],[107.44144,-6.69952],[107.44827,-6.70156],[107.45212,-6.70031],[107.46186,-6.71066],[107.46415,-6.71083],[107.46664,-6.71635],[107.46979,-6.71698],[107.47122,-6.7198],[107.47476,-6.7194],[107.47744,-6.72596],[107.4847,-6.73028],[107.48388,-6.73142],[107.48616,-6.73217],[107.48536,-6.73335],[107.48729,-6.73538],[107.49452,-6.73497],[107.50159,-6.73657],[107.51257,-6.75442],[107.51851,-6.75732],[107.52747,-6.756],[107.53149,-6.76131],[107.54029,-6.76394],[107.5496,-6.77292],[107.55482,-6.77456],[107.562,-6.77188],[107.564,-6.7641],[107.56235,-6.76068],[107.56216,-6.75302],[107.56803,-6.74766],[107.57097,-6.73615],[107.57773,-6.72966],[107.58386,-6.72676],[107.59377,-6.72854],[107.60004,-6.73137],[107.60236,-6.73611],[107.60181,-6.73945],[107.60418,-6.74924],[107.60014,-6.7563],[107.60067,-6.76139],[107.6106,-6.75918],[107.61847,-6.76027],[107.6174,-6.76332],[107.62066,-6.76448],[107.62902,-6.77413],[107.64262,-6.7743],[107.64931,-6.77239],[107.66251,-6.77411],[107.66932,-6.77722],[107.6711,-6.77634],[107.67204,-6.78067],[107.67829,-6.78884],[107.68802,-6.79835],[107.69908,-6.79489],[107.70111,-6.79296],[107.70765,-6.79294],[107.7114,-6.79761],[107.72423,-6.80237],[107.72624,-6.80506],[107.72621,-6.81088],[107.73035,-6.81165],[107.73354,-6.81427],[107.7391,-6.81274],[107.74616,-6.81365],[107.74388,-6.81831],[107.7381,-6.81953],[107.73668,-6.82351],[107.73312,-6.82491],[107.73247,-6.82751],[107.72853,-6.82973],[107.72721,-6.83267],[107.72336,-6.83244],[107.71758,-6.83471],[107.71418,-6.83313],[107.70851,-6.83378],[107.7034,-6.84026],[107.69976,-6.83696],[107.69191,-6.83468],[107.68925,-6.83544],[107.68999,-6.82924],[107.68737,-6.83096],[107.68283,-6.83011],[107.6823,-6.83138],[107.67891,-6.83174],[107.67811,-6.83052],[107.6774,-6.8317],[107.67628,-6.83045],[107.67234,-6.83242],[107.66066,-6.83214],[107.65998,-6.83424],[107.65472,-6.83703],[107.65191,-6.84202],[107.64395,-6.84643],[107.64265,-6.85008],[107.63898,-6.85276],[107.63683,-6.85251],[107.6367,-6.85494],[107.62829,-6.85568],[107.62705,-6.85791],[107.62495,-6.85824],[107.625,-6.86075],[107.62288,-6.863],[107.62186,-6.85604],[107.61885,-6.85078],[107.61604,-6.84981],[107.61604,-6.84714],[107.61142,-6.84986],[107.60918,-6.85524],[107.60454,-6.85935],[107.60479,-6.85699],[107.60093,-6.85529],[107.60405,-6.84216],[107.59647,-6.84186],[107.59808,-6.83708],[107.59759,-6.83689],[107.59254,-6.847],[107.58948,-6.84989],[107.59039,-6.85321],[107.58877,-6.85358],[107.58916,-6.85724],[107.57671,-6.86556],[107.57399,-6.87712],[107.57052,-6.88278],[107.57021,-6.87751],[107.56503,-6.87585],[107.56182,-6.87297],[107.56286,-6.86879],[107.56582,-6.86579],[107.56249,-6.86471],[107.5636,-6.863],[107.5617,-6.86094],[107.56324,-6.85608],[107.5557,-6.85458],[107.55551,-6.85064],[107.5515,-6.84725],[107.55557,-6.84034],[107.54936,-6.83855],[107.55175,-6.82935],[107.54691,-6.82738],[107.54669,-6.8299],[107.54339,-6.83249],[107.5396,-6.83205],[107.53729,-6.8433],[107.53471,-6.84674],[107.53752,-6.84911],[107.53551,-6.8519],[107.53692,-6.85545],[107.53606,-6.85798],[107.53355,-6.86213],[107.52776,-6.86533],[107.52382,-6.86474],[107.52229,-6.86553],[107.52436,-6.8657],[107.52597,-6.86842],[107.5236,-6.86953],[107.52295,-6.87327],[107.51962,-6.87577],[107.51979,-6.87914],[107.5133,-6.88525],[107.51032,-6.89818],[107.51089,-6.9012],[107.51645,-6.90541],[107.51618,-6.90857],[107.51903,-6.90902],[107.51567,-6.9125],[107.51798,-6.91744],[107.52566,-6.92121],[107.52284,-6.9279],[107.52233,-6.93558],[107.53095,-6.93901],[107.53092,-6.94201],[107.52515,-6.94531],[107.52413,-6.95192],[107.51606,-6.95946],[107.50908,-6.97079],[107.50784,-6.97696],[107.50584,-6.97971],[107.50414,-6.97932],[107.5049,-6.98179],[107.50332,-6.98291],[107.50254,-6.98067],[107.50053,-6.98078],[107.49799,-6.97755],[107.48765,-6.97983],[107.48519,-6.9895],[107.48768,-6.99503],[107.48648,-6.99997],[107.47793,-6.99461],[107.46937,-6.99846],[107.47719,-7.00482],[107.47466,-7.00843],[107.47713,-7.01288],[107.47463,-7.01852],[107.48165,-7.02254],[107.48192,-7.03542],[107.48028,-7.03827],[107.47564,-7.04076],[107.47549,-7.05118],[107.47703,-7.05203],[107.47774,-7.05718],[107.47361,-7.05233],[107.47224,-7.05349],[107.46834,-7.05036],[107.46448,-7.05373],[107.46053,-7.05166],[107.45396,-7.05171],[107.44869,-7.04844],[107.43864,-7.04857],[107.43765,-7.04604],[107.4275,-7.05128],[107.42481,-7.05103],[107.42242,-7.05551],[107.41942,-7.05672],[107.42171,-7.06329],[107.4199,-7.06732],[107.42214,-7.07516],[107.41782,-7.07923],[107.41579,-7.07912],[107.41546,-7.08314],[107.41158,-7.08407],[107.41035,-7.08591],[107.41022,-7.0882],[107.40707,-7.09142],[107.40895,-7.09689],[107.40145,-7.09187],[107.39623,-7.09218],[107.39374,-7.09754],[107.39097,-7.0996],[107.38576,-7.09752],[107.38116,-7.09296],[107.37619,-7.09221],[107.37719,-7.09699],[107.37075,-7.10352],[107.36532,-7.09569]]]}},{"type":"Feature","properties":{"n":"Kota Kediri","p":"Jawa Timur"},"geometry":{"type":"Polygon","coordinates":[[[112.02485,-7.8592],[112.01271,-7.85463],[112.01192,-7.85677],[112.01034,-7.85688],[111.99785,-7.85088],[112.00658,-7.84337],[112.00805,-7.84037],[111.99767,-7.83743],[111.997,-7.83924],[111.99299,-7.83832],[111.98701,-7.83958],[111.98353,-7.83728],[111.98393,-7.82625],[111.97997,-7.82781],[111.97793,-7.82701],[111.97658,-7.82866],[111.9745,-7.82516],[111.97291,-7.82508],[111.97304,-7.82307],[111.96747,-7.82483],[111.96714,-7.82327],[111.96474,-7.82421],[111.95809,-7.82286],[111.95783,-7.81888],[111.95491,-7.81485],[111.95548,-7.80632],[111.95902,-7.80613],[111.9628,-7.80293],[111.96661,-7.79595],[111.97397,-7.79546],[111.97415,-7.79253],[111.97794,-7.79468],[111.9813,-7.79378],[111.98039,-7.79262],[111.9832,-7.78213],[111.99266,-7.78406],[111.99238,-7.77694],[111.99426,-7.7778],[111.99707,-7.77596],[111.99865,-7.77144],[112.00487,-7.77319],[112.00778,-7.77314],[112.00849,-7.7713],[112.01021,-7.77216],[112.00793,-7.78164],[112.00193,-7.78528],[112.0031,-7.78987],[112.01064,-7.78938],[112.01591,-7.79082],[112.01603,-7.79567],[112.01916,-7.80003],[112.02475,-7.80088],[112.02844,-7.79894],[112.0313,-7.80029],[112.02929,-7.80959],[112.03089,-7.80861],[112.03769,-7.81056],[112.03328,-7.81883],[112.0427,-7.82043],[112.04302,-7.82675],[112.0558,-7.83152],[112.05423,-7.83355],[112.05587,-7.83437],[112.05779,-7.83155],[112.06697,-7.83589],[112.07064,-7.82954],[112.07695,-7.83219],[112.07572,-7.83742],[112.07853,-7.84234],[112.08241,-7.84309],[112.07755,-7.84961],[112.06927,-7.84396],[112.06734,-7.85033],[112.0689,-7.85156],[112.06741,-7.85446],[112.0658,-7.85447],[112.06647,-7.85788],[112.07121,-7.8617],[112.07034,-7.86482],[112.07188,-7.87228],[112.07487,-7.87401],[112.07428,-7.8758],[112.06945,-7.87501],[112.06674,-7.8681],[112.05781,-7.86432],[112.05667,-7.86523],[112.05309,-7.86376],[112.05251,-7.86563],[112.05131,-7.86515],[112.04834,-7.8728],[112.04547,-7.87269],[112.04239,-7.87005],[112.03874,-7.87053],[112.0374,-7.86826],[112.03063,-7.86741],[112.02377,-7.86225],[112.02485,-7.8592]]]}},{"type":"Feature","properties":{"n":"Jember","p":"Jawa Timur"},"geometry":{"type":"MultiPolygon","coordinates":[[[[113.31438,-8.50792],[113.31496,-8.50785],[113.31456,-8.50837],[113.31438,-8.50792]]],[[[113.29924,-8.50562],[113.29845,-8.50496],[113.29857,-8.50482],[113.29924,-8.50562]]],[[[113.33312,-8.50412],[113.33347,-8.50419],[113.33327,-8.50449],[113.33312,-8.50412]]],[[[113.27841,-8.50088],[113.27762,-8.50219],[113.27787,-8.50106],[113.27841,-8.50088]]],[[[113.27439,-8.49854],[113.27423,-8.49846],[113.27429,-8.49829],[113.27439,-8.49854]]],[[[113.40492,-8.4936],[113.4048,-8.4937],[113.40429,-8.49346],[113.40492,-8.4936]]],[[[113.26927,-8.4909],[113.26824,-8.49428],[113.26735,-8.49188],[113.26927,-8.4909]]],[[[113.29747,-8.44447],[113.3011,-8.446],[113.30102,-8.44804],[113.30361,-8.44984],[113.30803,-8.45078],[113.3102,-8.4495],[113.3165,-8.45278],[113.32588,-8.45285],[113.32864,-8.449],[113.33218,-8.44849],[113.33513,-8.4526],[113.34034,-8.45368],[113.34251,-8.45802],[113.34456,-8.45757],[113.34549,-8.45543],[113.34955,-8.45484],[113.35017,-8.45162],[113.35318,-8.44911],[113.35942,-8.45303],[113.36492,-8.45253],[113.36808,-8.45055],[113.36815,-8.45495],[113.37174,-8.45863],[113.37326,-8.45729],[113.37624,-8.45901],[113.37862,-8.45657],[113.38251,-8.45856],[113.3855,-8.45702],[113.38743,-8.45831],[113.39029,-8.45378],[113.39394,-8.45591],[113.39735,-8.45505],[113.40246,-8.46001],[113.40338,-8.46703],[113.4064,-8.46582],[113.40428,-8.47201],[113.41091,-8.46705],[113.41359,-8.47049],[113.41604,-8.47028],[113.41656,-8.46798],[113.42025,-8.47021],[113.41618,-8.47481],[113.41366,-8.47218],[113.41235,-8.47275],[113.4126,-8.47529],[113.41059,-8.47678],[113.41027,-8.48607],[113.40883,-8.48727],[113.4104,-8.49069],[113.4073,-8.49273],[113.40416,-8.49082],[113.40433,-8.48906],[113.40312,-8.48897],[113.40348,-8.49016],[113.40191,-8.48923],[113.40425,-8.49339],[113.40117,-8.49328],[113.40163,-8.49525],[113.39934,-8.49634],[113.3949,-8.49347],[113.39325,-8.49528],[113.39095,-8.49406],[113.39013,-8.49585],[113.38683,-8.49613],[113.38623,-8.49473],[113.3847,-8.49639],[113.38216,-8.49627],[113.38028,-8.49505],[113.381,-8.49659],[113.37585,-8.49858],[113.375,-8.49598],[113.37261,-8.49814],[113.37377,-8.49893],[113.36905,-8.50062],[113.36758,-8.49796],[113.36529,-8.49902],[113.36447,-8.50182],[113.36127,-8.49854],[113.35756,-8.50134],[113.3517,-8.50256],[113.35093,-8.50507],[113.34966,-8.50238],[113.34799,-8.50335],[113.34141,-8.50016],[113.33779,-8.50221],[113.33502,-8.50094],[113.33088,-8.50356],[113.33047,-8.50224],[113.3289,-8.50355],[113.32722,-8.50181],[113.32732,-8.50372],[113.32436,-8.50267],[113.31628,-8.50657],[113.31435,-8.50534],[113.3102,-8.50927],[113.3118,-8.50248],[113.31449,-8.50101],[113.31259,-8.49926],[113.31225,-8.50107],[113.30947,-8.50194],[113.30996,-8.50384],[113.30713,-8.50906],[113.3056,-8.50744],[113.30342,-8.50839],[113.30277,-8.5066],[113.30436,-8.50667],[113.3044,-8.50492],[113.30295,-8.50381],[113.30125,-8.50482],[113.29956,-8.50245],[113.29698,-8.50371],[113.29598,-8.50783],[113.29418,-8.50804],[113.29528,-8.50521],[113.29201,-8.50404],[113.29014,-8.50576],[113.28925,-8.50424],[113.29054,-8.50225],[113.28801,-8.50299],[113.28785,-8.50079],[113.28645,-8.50236],[113.28664,-8.49882],[113.28248,-8.49798],[113.28215,-8.49991],[113.28001,-8.49872],[113.27914,-8.50037],[113.27553,-8.4968],[113.27155,-8.49777],[113.27054,-8.49555],[113.26899,-8.49689],[113.27059,-8.49016],[113.26537,-8.48946],[113.2633,-8.48659],[113.27004,-8.47004],[113.26889,-8.46756],[113.27504,-8.4637],[113.28463,-8.46335],[113.28785,-8.46148],[113.29094,-8.45794],[113.29298,-8.45105],[113.29429,-8.45108],[113.29336,-8.44753],[113.29075,-8.44742],[113.29122,-8.44572],[113.29747,-8.44447]]],[[[113.41396,-8.47435],[113.41544,-8.47447],[113.41591,-8.47496],[113.41396,-8.47435]]],[[[113.2679,-8.46895],[113.26817,-8.46923],[113.26777,-8.46926],[113.2679,-8.46895]]],[[[113.47569,-8.38619],[113.4747,-8.38683],[113.47527,-8.38492],[113.47188,-8.38314],[113.45465,-8.37835],[113.4342,-8.37856],[113.41868,-8.38278],[113.39445,-8.39893],[113.38864,-8.40031],[113.3725,-8.3689],[113.3598,-8.35122],[113.33499,-8.32683],[113.31737,-8.31465],[113.31595,-8.31149],[113.31242,-8.31196],[113.30354,-8.30721],[113.30827,-8.30112],[113.3121,-8.2921],[113.31982,-8.26509],[113.31956,-8.25871],[113.31528,-8.24798],[113.31558,-8.23822],[113.31173,-8.23372],[113.31306,-8.22883],[113.31736,-8.22754],[113.31777,-8.22608],[113.32014,-8.22664],[113.32684,-8.22126],[113.32773,-8.2173],[113.33136,-8.21549],[113.33059,-8.21261],[113.33337,-8.20827],[113.33871,-8.20618],[113.34814,-8.20734],[113.35326,-8.2036],[113.35285,-8.2005],[113.36072,-8.18934],[113.36329,-8.18946],[113.36799,-8.18514],[113.36861,-8.17973],[113.36624,-8.17425],[113.36599,-8.16836],[113.37495,-8.16503],[113.37449,-8.16354],[113.37758,-8.16179],[113.37953,-8.15776],[113.37911,-8.14866],[113.37612,-8.14916],[113.37236,-8.14637],[113.37295,-8.1414],[113.37656,-8.13558],[113.376,-8.13102],[113.37015,-8.12775],[113.36752,-8.12209],[113.36749,-8.12011],[113.36234,-8.11815],[113.36837,-8.11087],[113.36193,-8.10072],[113.36416,-8.10078],[113.36298,-8.09148],[113.36543,-8.09023],[113.36674,-8.0859],[113.36488,-8.08391],[113.36177,-8.08377],[113.36206,-8.08073],[113.36039,-8.08117],[113.35717,-8.07843],[113.35734,-8.07256],[113.35408,-8.07068],[113.35368,-8.06671],[113.35007,-8.06342],[113.34991,-8.06095],[113.35123,-8.06062],[113.34869,-8.05473],[113.35186,-8.05082],[113.35245,-8.04466],[113.35468,-8.04297],[113.35604,-8.03762],[113.35508,-8.0352],[113.3567,-8.03485],[113.36104,-8.02781],[113.36666,-8.0277],[113.36664,-8.02587],[113.36941,-8.02532],[113.36976,-8.0227],[113.37196,-8.02332],[113.37185,-8.02142],[113.37531,-8.02319],[113.37893,-8.02046],[113.37982,-8.0187],[113.37867,-8.0178],[113.3823,-8.01111],[113.38696,-8.00699],[113.39098,-7.99717],[113.39631,-8.00027],[113.39727,-8.00362],[113.405,-8.00346],[113.40663,-8.008],[113.41219,-8.00517],[113.41719,-8.00938],[113.42027,-8.00857],[113.42193,-8.00998],[113.42277,-8.00779],[113.44021,-8.01522],[113.44225,-8.0226],[113.44485,-8.02518],[113.44926,-8.02606],[113.45038,-8.01998],[113.45403,-8.01954],[113.45657,-8.0228],[113.46543,-8.0275],[113.47591,-8.02549],[113.47507,-8.02033],[113.48157,-8.0095],[113.48026,-7.99736],[113.4822,-7.99401],[113.48293,-7.99646],[113.49003,-7.99695],[113.49064,-7.99948],[113.49242,-7.99893],[113.49283,-8.00151],[113.49471,-8.00221],[113.49463,-8.00496],[113.49933,-8.00213],[113.50044,-8.00362],[113.50597,-8.00367],[113.50729,-8.00542],[113.51465,-8.0015],[113.52022,-8.00542],[113.52188,-8.00372],[113.52467,-8.0043],[113.52667,-8.0084],[113.5331,-8.00917],[113.53441,-8.00665],[113.53979,-8.00661],[113.54284,-8.00046],[113.55107,-7.99921],[113.55949,-7.99469],[113.56284,-7.98271],[113.56869,-7.98342],[113.57462,-7.98008],[113.57731,-7.98065],[113.58028,-7.98443],[113.58444,-7.98275],[113.59033,-7.9834],[113.59116,-7.97639],[113.59527,-7.97603],[113.59969,-7.97901],[113.6022,-7.97794],[113.6035,-7.98698],[113.60539,-7.98999],[113.61135,-7.99032],[113.61371,-7.98876],[113.61397,-7.99214],[113.61912,-7.98832],[113.62005,-7.9834],[113.62384,-7.98209],[113.62423,-7.98009],[113.62622,-7.98092],[113.62887,-7.97566],[113.63432,-7.97473],[113.63839,-7.97197],[113.64846,-7.97368],[113.65054,-7.97017],[113.65808,-7.96796],[113.66042,-7.9689],[113.66143,-7.96637],[113.66259,-7.96824],[113.67013,-7.96798],[113.66933,-7.97447],[113.67075,-7.98283],[113.67265,-7.9845],[113.67169,-7.98595],[113.67867,-7.9963],[113.68113,-7.99772],[113.68643,-8.00688],[113.68724,-8.01151],[113.69559,-8.01039],[113.71019,-8.01122],[113.72024,-8.02168],[113.72619,-8.02357],[113.72801,-8.02825],[113.7333,-8.03362],[113.73551,-8.03965],[113.73897,-8.04212],[113.73961,-8.04679],[113.74612,-8.05134],[113.74515,-8.05471],[113.74756,-8.06498],[113.74892,-8.06535],[113.75189,-8.06083],[113.74925,-8.04943],[113.75161,-8.04932],[113.75298,-8.0526],[113.7563,-8.04738],[113.76022,-8.05079],[113.76437,-8.04353],[113.77101,-8.0397],[113.77288,-8.03677],[113.77501,-8.03783],[113.7758,-8.04184],[113.78136,-8.04657],[113.7819,-8.05014],[113.79176,-8.05135],[113.79561,-8.05555],[113.79998,-8.05523],[113.80219,-8.05767],[113.80568,-8.05649],[113.80755,-8.05021],[113.80988,-8.04981],[113.81259,-8.04613],[113.82414,-8.04535],[113.82986,-8.0479],[113.83561,-8.04601],[113.8441,-8.04726],[113.84989,-8.04565],[113.85139,-8.04318],[113.85388,-8.04414],[113.85703,-8.04169],[113.85832,-8.03894],[113.85128,-8.03378],[113.8503,-8.03199],[113.85154,-8.03091],[113.84741,-8.03053],[113.84376,-8.0206],[113.85328,-8.02415],[113.8552,-8.01933],[113.85782,-8.01866],[113.85948,-8.02714],[113.86799,-8.03208],[113.87203,-8.03253],[113.87279,-8.02782],[113.88497,-8.0299],[113.88643,-8.02606],[113.8836,-8.02489],[113.88544,-8.01899],[113.88696,-8.01845],[113.88696,-8.01643],[113.89322,-8.01549],[113.89588,-8.01824],[113.90276,-8.01831],[113.9037,-8.02024],[113.90687,-8.02059],[113.91317,-8.0247],[113.91861,-8.02497],[113.92513,-8.03122],[113.92859,-8.03228],[113.92883,-8.03454],[113.93764,-8.03912],[113.93865,-8.04236],[113.94788,-8.04488],[113.9534,-8.05185],[113.95865,-8.05507],[113.97085,-8.0552],[113.97846,-8.06204],[113.98922,-8.06712],[113.99156,-8.07003],[114.00285,-8.0743],[114.01473,-8.08691],[114.01557,-8.09311],[114.02535,-8.10491],[114.02525,-8.10872],[114.02763,-8.1127],[114.03382,-8.11413],[114.03988,-8.11351],[114.04685,-8.12425],[114.04112,-8.13718],[114.03566,-8.14102],[114.02692,-8.13942],[114.02205,-8.14187],[114.00422,-8.16222],[114.0039,-8.16549],[113.99028,-8.18295],[113.98083,-8.18748],[113.97075,-8.18959],[113.96599,-8.19824],[113.95752,-8.20649],[113.96812,-8.22061],[113.96531,-8.22553],[113.9667,-8.23227],[113.96285,-8.24042],[113.9536,-8.24884],[113.94977,-8.26072],[113.941,-8.26857],[113.935,-8.2708],[113.93436,-8.28136],[113.93078,-8.28471],[113.92901,-8.29222],[113.92538,-8.29423],[113.92115,-8.30845],[113.92366,-8.31015],[113.92558,-8.31767],[113.92837,-8.31996],[113.92572,-8.32337],[113.9264,-8.32653],[113.92406,-8.33141],[113.92422,-8.33491],[113.91333,-8.33994],[113.90901,-8.34686],[113.91156,-8.34788],[113.91151,-8.35002],[113.91582,-8.34812],[113.9159,-8.35317],[113.919,-8.35369],[113.92122,-8.35732],[113.91871,-8.35849],[113.92253,-8.36346],[113.92165,-8.3699],[113.92443,-8.37508],[113.92716,-8.3752],[113.92775,-8.37671],[113.92721,-8.38003],[113.92367,-8.38426],[113.93042,-8.38885],[113.93301,-8.3888],[113.93596,-8.39288],[113.94427,-8.39739],[113.94727,-8.40182],[113.93744,-8.40913],[113.93442,-8.42324],[113.91027,-8.44197],[113.90542,-8.44006],[113.89924,-8.43443],[113.90033,-8.42397],[113.8942,-8.41346],[113.89041,-8.4104],[113.88196,-8.41727],[113.87437,-8.41642],[113.85465,-8.42998],[113.84819,-8.45456],[113.84828,-8.46237],[113.84221,-8.49446],[113.84314,-8.50353],[113.84738,-8.50906],[113.85552,-8.51553],[113.85512,-8.51963],[113.85302,-8.52616],[113.84714,-8.53334],[113.8439,-8.5459],[113.83759,-8.55368],[113.83448,-8.55039],[113.83741,-8.54734],[113.83489,-8.54517],[113.83413,-8.54136],[113.83872,-8.53622],[113.8379,-8.53338],[113.83529,-8.53373],[113.83737,-8.52987],[113.83451,-8.52758],[113.82964,-8.52721],[113.82748,-8.52813],[113.82541,-8.54265],[113.82364,-8.54144],[113.82223,-8.54309],[113.82177,-8.54161],[113.8201,-8.54484],[113.8156,-8.54613],[113.81671,-8.55416],[113.81474,-8.55837],[113.81119,-8.55764],[113.81121,-8.55518],[113.80763,-8.55611],[113.80804,-8.55382],[113.80588,-8.55427],[113.80744,-8.54736],[113.81037,-8.54755],[113.81279,-8.54539],[113.81216,-8.54238],[113.81496,-8.54157],[113.81288,-8.53804],[113.81655,-8.53619],[113.81514,-8.5334],[113.80904,-8.5332],[113.80797,-8.53098],[113.80959,-8.52875],[113.80817,-8.52859],[113.80913,-8.52677],[113.80744,-8.52529],[113.80815,-8.52042],[113.80736,-8.51933],[113.80445,-8.5204],[113.80674,-8.51738],[113.81032,-8.51695],[113.81087,-8.51306],[113.80861,-8.51213],[113.80824,-8.5093],[113.80583,-8.5093],[113.8059,-8.50764],[113.80768,-8.50521],[113.81074,-8.50518],[113.81244,-8.50231],[113.80888,-8.49639],[113.79612,-8.4894],[113.79163,-8.4878],[113.7871,-8.49191],[113.78778,-8.49857],[113.78635,-8.49868],[113.78696,-8.49633],[113.78515,-8.49515],[113.78352,-8.49656],[113.78083,-8.49552],[113.76798,-8.50466],[113.76501,-8.50039],[113.76286,-8.50069],[113.76174,-8.50348],[113.75898,-8.50209],[113.75563,-8.50617],[113.75504,-8.50997],[113.75754,-8.5122],[113.76062,-8.51246],[113.76178,-8.51453],[113.76025,-8.51585],[113.75927,-8.51475],[113.75607,-8.51859],[113.74977,-8.51811],[113.74918,-8.52049],[113.74421,-8.52071],[113.74327,-8.52279],[113.7389,-8.52385],[113.73873,-8.52606],[113.73481,-8.52574],[113.73332,-8.52386],[113.73427,-8.51691],[113.73183,-8.51481],[113.7272,-8.51718],[113.72559,-8.5206],[113.72404,-8.517],[113.72154,-8.51775],[113.71795,-8.52115],[113.71878,-8.52237],[113.71656,-8.52328],[113.7163,-8.52706],[113.71248,-8.52821],[113.71081,-8.52257],[113.71408,-8.51994],[113.71308,-8.51505],[113.71973,-8.51203],[113.71714,-8.50843],[113.72223,-8.49667],[113.71869,-8.48996],[113.71955,-8.48743],[113.71817,-8.48492],[113.71026,-8.48153],[113.70315,-8.48251],[113.70071,-8.48686],[113.70325,-8.49046],[113.69504,-8.4951],[113.69386,-8.49943],[113.6953,-8.49991],[113.68957,-8.50502],[113.68633,-8.50176],[113.6877,-8.49724],[113.6842,-8.49113],[113.6812,-8.49347],[113.67823,-8.49139],[113.67328,-8.49188],[113.67033,-8.49409],[113.66947,-8.49788],[113.66541,-8.49675],[113.66083,-8.49776],[113.66016,-8.49507],[113.65637,-8.49337],[113.64655,-8.49441],[113.64633,-8.49091],[113.64454,-8.48998],[113.648,-8.48892],[113.65008,-8.48453],[113.64642,-8.47796],[113.63795,-8.47514],[113.63681,-8.46987],[113.64125,-8.46795],[113.64334,-8.46416],[113.64179,-8.45822],[113.63902,-8.45457],[113.63342,-8.45644],[113.63262,-8.45518],[113.63006,-8.45612],[113.62478,-8.45436],[113.62772,-8.45096],[113.6245,-8.44646],[113.61305,-8.44017],[113.60031,-8.43561],[113.59253,-8.43645],[113.58933,-8.44042],[113.58625,-8.44046],[113.58685,-8.44285],[113.58266,-8.44403],[113.58381,-8.44017],[113.57969,-8.43793],[113.58144,-8.43647],[113.58134,-8.43198],[113.56943,-8.42522],[113.56283,-8.42476],[113.55742,-8.42667],[113.55367,-8.42986],[113.55321,-8.43622],[113.54987,-8.43288],[113.54946,-8.43017],[113.54038,-8.42878],[113.53475,-8.42976],[113.52979,-8.42695],[113.52913,-8.42925],[113.5231,-8.42886],[113.5202,-8.42543],[113.51473,-8.42509],[113.51214,-8.42137],[113.51021,-8.42197],[113.50862,-8.41998],[113.50776,-8.42236],[113.50484,-8.42297],[113.50503,-8.41928],[113.49877,-8.41724],[113.4981,-8.41439],[113.49482,-8.41279],[113.48582,-8.41565],[113.48042,-8.41106],[113.47842,-8.40397],[113.48007,-8.40311],[113.47971,-8.40157],[113.47533,-8.39816],[113.47638,-8.39658],[113.47569,-8.38619]],[[113.36846,-8.12342],[113.36846,-8.12342],[113.36846,-8.12342],[113.36846,-8.12342]]],[[[113.5492,-8.43972],[113.54918,-8.43956],[113.54937,-8.43967],[113.5492,-8.43972]]],[[[113.54896,-8.43962],[113.5489,-8.43941],[113.54901,-8.43962],[113.54896,-8.43962]]],[[[113.54995,-8.4385],[113.5494,-8.4386],[113.54999,-8.4384],[113.54995,-8.4385]]],[[[113.55076,-8.43783],[113.55074,-8.43832],[113.55047,-8.43814],[113.55076,-8.43783]]],[[[113.55219,-8.437],[113.5521,-8.43734],[113.55202,-8.43717],[113.55219,-8.437]]],[[[113.55411,-8.43623],[113.55402,-8.43594],[113.55426,-8.43605],[113.55411,-8.43623]]],[[[113.54728,-8.43347],[113.5478,-8.43389],[113.54745,-8.43391],[113.54728,-8.43347]]],[[[113.5363,-8.43148],[113.53698,-8.4337],[113.53571,-8.43169],[113.5363,-8.43148]]],[[[113.54709,-8.43254],[113.54759,-8.43252],[113.54786,-8.43258],[113.54709,-8.43254]]],[[[113.53517,-8.43223],[113.53575,-8.4325],[113.53521,-8.43266],[113.53517,-8.43223]]],[[[113.53933,-8.4323],[113.53991,-8.43191],[113.54,-8.43248],[113.53933,-8.4323]]],[[[113.53616,-8.43044],[113.53489,-8.43065],[113.53477,-8.43055],[113.53616,-8.43044]]],[[[113.52717,-8.43008],[113.52782,-8.4305],[113.5271,-8.43031],[113.52717,-8.43008]]],[[[113.52959,-8.42841],[113.53024,-8.42947],[113.52976,-8.4297],[113.52959,-8.42841]]],[[[113.51601,-8.42589],[113.51645,-8.42569],[113.51653,-8.42581],[113.51601,-8.42589]]],[[[113.50394,-8.42373],[113.50394,-8.42396],[113.50374,-8.42392],[113.50394,-8.42373]]],[[[113.48019,-8.41414],[113.48057,-8.41425],[113.48025,-8.4143],[113.48019,-8.41414]]],[[[113.47855,-8.41041],[113.47846,-8.40969],[113.479,-8.40993],[113.47855,-8.41041]]],[[[113.47433,-8.39753],[113.47483,-8.39762],[113.47445,-8.39788],[113.47433,-8.39753]]],[[[113.47463,-8.39586],[113.47478,-8.3963],[113.47466,-8.39641],[113.47463,-8.39586]]],[[[113.63373,-8.50302],[113.63316,-8.50451],[113.63293,-8.50319],[113.63373,-8.50302]]],[[[113.61582,-8.50048],[113.61631,-8.49962],[113.61625,-8.50006],[113.61582,-8.50048]]],[[[113.61772,-8.49957],[113.6174,-8.50021],[113.61728,-8.49931],[113.61772,-8.49957]]],[[[113.61514,-8.49952],[113.6146,-8.49964],[113.61444,-8.49949],[113.61514,-8.49952]]],[[[113.61612,-8.4994],[113.61601,-8.49952],[113.616,-8.49945],[113.61612,-8.4994]]],[[[113.61428,-8.49938],[113.61427,-8.49953],[113.61419,-8.49952],[113.61428,-8.49938]]],[[[113.61623,-8.49932],[113.61622,-8.49946],[113.61616,-8.49937],[113.61623,-8.49932]]],[[[113.61655,-8.49907],[113.61665,-8.49941],[113.61631,-8.49929],[113.61655,-8.49907]]],[[[113.6169,-8.49904],[113.6168,-8.49915],[113.61677,-8.49913],[113.6169,-8.49904]]],[[[113.61751,-8.49878],[113.6173,-8.49896],[113.6173,-8.49878],[113.61751,-8.49878]]],[[[113.6196,-8.4975],[113.61761,-8.49837],[113.61847,-8.4968],[113.6196,-8.4975]]],[[[113.62364,-8.47286],[113.62412,-8.4723],[113.62399,-8.47291],[113.62364,-8.47286]]],[[[113.62336,-8.47181],[113.62378,-8.4716],[113.62376,-8.47166],[113.62336,-8.47181]]],[[[113.62376,-8.46962],[113.62411,-8.46956],[113.62406,-8.46966],[113.62376,-8.46962]]],[[[113.58262,-8.44453],[113.583,-8.4449],[113.58259,-8.44488],[113.58262,-8.44453]]],[[[113.58005,-8.44432],[113.57973,-8.44471],[113.57954,-8.44453],[113.58005,-8.44432]]],[[[113.58963,-8.44367],[113.59014,-8.44336],[113.59023,-8.44354],[113.58963,-8.44367]]],[[[113.60436,-8.44379],[113.6044,-8.4433],[113.6051,-8.44295],[113.60436,-8.44379]]],[[[113.58905,-8.44294],[113.58951,-8.44268],[113.58959,-8.44315],[113.58905,-8.44294]]],[[[113.59197,-8.4425],[113.59052,-8.4431],[113.59004,-8.44272],[113.59197,-8.4425]]],[[[113.59283,-8.44244],[113.5922,-8.44247],[113.59212,-8.44226],[113.59283,-8.44244]]],[[[113.59062,-8.44128],[113.59,-8.44199],[113.58972,-8.44191],[113.59062,-8.44128]]],[[[113.57974,-8.4404],[113.57855,-8.44193],[113.5781,-8.44129],[113.57974,-8.4404]]],[[[113.5549,-8.43695],[113.55489,-8.4364],[113.55524,-8.43693],[113.5549,-8.43695]]],[[[113.55586,-8.43609],[113.55623,-8.43598],[113.55603,-8.43625],[113.55586,-8.43609]]],[[[113.55887,-8.43562],[113.55771,-8.43577],[113.55887,-8.43543],[113.55887,-8.43562]]],[[[113.55696,-8.43496],[113.55588,-8.43469],[113.55704,-8.4346],[113.55696,-8.43496]]],[[[113.70883,-8.53142],[113.70957,-8.53354],[113.70726,-8.53219],[113.70386,-8.53273],[113.70616,-8.53093],[113.70883,-8.53142]]],[[[113.70308,-8.53196],[113.70275,-8.53157],[113.70347,-8.53171],[113.70308,-8.53196]]],[[[113.71272,-8.52846],[113.71258,-8.52878],[113.71261,-8.52838],[113.71272,-8.52846]]],[[[113.66534,-8.5067],[113.66475,-8.50669],[113.6653,-8.50647],[113.66534,-8.5067]]],[[[113.68718,-8.5044],[113.68768,-8.50505],[113.68751,-8.50533],[113.68718,-8.5044]]],[[[113.66588,-8.50366],[113.66621,-8.50461],[113.66601,-8.50464],[113.66588,-8.50366]]],[[[113.71354,-8.50464],[113.71428,-8.50335],[113.7152,-8.50343],[113.71498,-8.50445],[113.71354,-8.50464]]],[[[113.66188,-8.50174],[113.66042,-8.50341],[113.66149,-8.49988],[113.66188,-8.50174]]],[[[113.66464,-8.50003],[113.66513,-8.50043],[113.66447,-8.50022],[113.66464,-8.50003]]],[[[113.66142,-8.49945],[113.66262,-8.49884],[113.66144,-8.49976],[113.66142,-8.49945]]],[[[113.64499,-8.49607],[113.64535,-8.49561],[113.64541,-8.49613],[113.64499,-8.49607]]],[[[113.64614,-8.49597],[113.64575,-8.49576],[113.646,-8.49562],[113.64614,-8.49597]]],[[[113.80057,-8.56],[113.80103,-8.55885],[113.80076,-8.56033],[113.80057,-8.56]]],[[[113.80683,-8.55819],[113.80724,-8.55874],[113.80706,-8.55878],[113.80683,-8.55819]]],[[[113.80672,-8.5573],[113.80703,-8.55744],[113.80676,-8.55755],[113.80672,-8.5573]]],[[[113.80879,-8.5569],[113.80878,-8.5574],[113.80834,-8.55701],[113.80879,-8.5569]]],[[[113.80387,-8.55337],[113.80379,-8.5531],[113.8042,-8.55356],[113.80387,-8.55337]]],[[[113.80063,-8.55034],[113.80103,-8.54911],[113.80158,-8.54961],[113.80063,-8.55034]]],[[[113.7443,-8.5453],[113.74319,-8.54656],[113.74285,-8.54659],[113.74326,-8.54576],[113.7443,-8.5453]]],[[[113.74691,-8.54262],[113.7449,-8.54483],[113.74424,-8.54465],[113.74691,-8.54262]]],[[[113.75569,-8.52233],[113.75585,-8.52263],[113.75557,-8.52241],[113.75569,-8.52233]]],[[[113.75531,-8.52074],[113.75535,-8.52124],[113.75479,-8.52091],[113.75531,-8.52074]]],[[[113.78877,-8.51443],[113.79004,-8.51326],[113.79116,-8.51313],[113.79033,-8.51448],[113.78877,-8.51443]]],[[[113.81788,-8.56213],[113.81808,-8.56218],[113.81802,-8.5624],[113.81788,-8.56213]]],[[[113.81154,-8.56156],[113.81131,-8.56151],[113.81157,-8.56133],[113.81154,-8.56156]]],[[[113.81325,-8.56145],[113.81308,-8.56135],[113.81314,-8.56122],[113.81325,-8.56145]]],[[[113.81367,-8.55979],[113.81371,-8.5603],[113.81361,-8.56027],[113.81367,-8.55979]]],[[[113.81715,-8.55997],[113.81674,-8.55893],[113.81746,-8.55925],[113.81715,-8.55997]]],[[[113.81588,-8.55937],[113.81649,-8.55916],[113.81605,-8.55964],[113.81588,-8.55937]]],[[[113.8177,-8.5587],[113.81748,-8.55848],[113.81776,-8.55844],[113.8177,-8.5587]]],[[[113.8238,-8.54324],[113.8235,-8.54353],[113.82359,-8.54308],[113.8238,-8.54324]]],[[[113.83485,-8.5389],[113.8349,-8.5398],[113.83411,-8.53939],[113.83485,-8.5389]]],[[[113.83087,-8.53447],[113.83044,-8.53465],[113.83062,-8.53405],[113.83087,-8.53447]]]]}},{"type":"Feature","properties":{"n":"Wonogiri","p":"Jawa Tengah"},"geometry":{"type":"Polygon","coordinates":[[[110.86252,-8.20677],[110.85705,-8.20472],[110.85316,-8.20595],[110.84755,-8.20374],[110.8424,-8.20545],[110.84147,-8.20335],[110.83776,-8.2062],[110.83765,-8.20296],[110.83493,-8.20305],[110.83312,-8.19884],[110.83328,-8.19263],[110.83881,-8.17911],[110.8378,-8.17677],[110.8329,-8.17409],[110.83233,-8.16894],[110.82509,-8.16828],[110.82266,-8.18165],[110.81388,-8.17982],[110.81566,-8.17617],[110.8144,-8.16824],[110.81614,-8.16579],[110.81294,-8.16053],[110.8156,-8.159],[110.81528,-8.15354],[110.82159,-8.14985],[110.82417,-8.14583],[110.82884,-8.14624],[110.83049,-8.13634],[110.82718,-8.13593],[110.81939,-8.13874],[110.8147,-8.13783],[110.81435,-8.14664],[110.80995,-8.15512],[110.80627,-8.15615],[110.80378,-8.16248],[110.7997,-8.16197],[110.79052,-8.15724],[110.78635,-8.15201],[110.78549,-8.14509],[110.78954,-8.1162],[110.78874,-8.11077],[110.78093,-8.09184],[110.77346,-8.05934],[110.76994,-8.05547],[110.76702,-8.04521],[110.76172,-8.04349],[110.76205,-8.03897],[110.75789,-8.03385],[110.75574,-8.02529],[110.75891,-8.00226],[110.76283,-7.99575],[110.76748,-7.98226],[110.76825,-7.95325],[110.77149,-7.94282],[110.76985,-7.92104],[110.77052,-7.90388],[110.77695,-7.88206],[110.78272,-7.87174],[110.78539,-7.8535],[110.78303,-7.84176],[110.78583,-7.81334],[110.78372,-7.81164],[110.78248,-7.80403],[110.78533,-7.8001],[110.79358,-7.79481],[110.79715,-7.79609],[110.799,-7.79434],[110.80099,-7.7951],[110.80113,-7.79247],[110.80646,-7.791],[110.81008,-7.79111],[110.81087,-7.79263],[110.81216,-7.79178],[110.81468,-7.79422],[110.81622,-7.79328],[110.82373,-7.79465],[110.82706,-7.79722],[110.83284,-7.79535],[110.84148,-7.80011],[110.84083,-7.80538],[110.84895,-7.81637],[110.85229,-7.81792],[110.85351,-7.81387],[110.85743,-7.81001],[110.85581,-7.80144],[110.86006,-7.79619],[110.85468,-7.78469],[110.85822,-7.78016],[110.85676,-7.77599],[110.85925,-7.77],[110.85835,-7.76774],[110.8627,-7.76598],[110.86055,-7.75937],[110.86374,-7.75716],[110.86373,-7.75325],[110.86621,-7.75407],[110.87242,-7.74966],[110.87653,-7.75261],[110.87826,-7.75217],[110.87636,-7.74727],[110.87737,-7.74642],[110.88309,-7.74999],[110.88345,-7.75511],[110.88748,-7.7521],[110.89477,-7.7508],[110.90316,-7.75238],[110.90589,-7.75534],[110.91032,-7.75577],[110.91237,-7.759],[110.91647,-7.76061],[110.91845,-7.76519],[110.92349,-7.77035],[110.92946,-7.77095],[110.93187,-7.77717],[110.93439,-7.7767],[110.93571,-7.78019],[110.93742,-7.77876],[110.94063,-7.76803],[110.94137,-7.73973],[110.95938,-7.73394],[110.96158,-7.73743],[110.96664,-7.73878],[110.9674,-7.74139],[110.9691,-7.7413],[110.97021,-7.74691],[110.96655,-7.75076],[110.97471,-7.75306],[110.97183,-7.76383],[110.96475,-7.76675],[110.96852,-7.77148],[110.96879,-7.76828],[110.97039,-7.769],[110.97334,-7.76535],[110.98012,-7.76186],[110.98627,-7.76125],[110.98635,-7.76388],[110.98905,-7.76361],[110.98975,-7.76728],[110.99588,-7.76401],[110.99956,-7.76711],[111.00312,-7.76558],[111.00425,-7.76339],[111.00569,-7.76494],[111.00881,-7.76238],[111.00939,-7.76356],[111.01847,-7.75953],[111.02188,-7.761],[111.02053,-7.76332],[111.02187,-7.76672],[111.02677,-7.76883],[111.03216,-7.76708],[111.03476,-7.76962],[111.03428,-7.77648],[111.03971,-7.7759],[111.03932,-7.78034],[111.04247,-7.78032],[111.04604,-7.78301],[111.052,-7.77696],[111.04913,-7.7725],[111.04786,-7.76612],[111.05068,-7.75945],[111.05638,-7.75947],[111.05945,-7.75656],[111.0633,-7.75717],[111.06396,-7.75518],[111.07029,-7.75737],[111.07277,-7.75221],[111.07886,-7.74838],[111.09355,-7.75173],[111.10141,-7.74624],[111.10985,-7.73737],[111.11178,-7.74158],[111.10832,-7.74554],[111.11179,-7.74862],[111.12085,-7.7422],[111.12068,-7.73923],[111.12309,-7.73746],[111.12287,-7.73544],[111.12941,-7.72917],[111.12887,-7.72134],[111.12325,-7.72434],[111.12175,-7.7238],[111.12195,-7.72212],[111.13119,-7.71661],[111.14375,-7.71343],[111.14242,-7.7092],[111.151,-7.7114],[111.15605,-7.71493],[111.16376,-7.7143],[111.16633,-7.71647],[111.17417,-7.71201],[111.19076,-7.71149],[111.19944,-7.7201],[111.20574,-7.71996],[111.212,-7.7222],[111.21358,-7.72415],[111.21344,-7.72954],[111.21814,-7.73154],[111.21907,-7.73492],[111.22314,-7.73765],[111.22529,-7.74419],[111.23051,-7.74563],[111.23649,-7.75032],[111.24109,-7.74525],[111.23957,-7.74416],[111.2408,-7.74184],[111.24381,-7.74049],[111.24958,-7.74525],[111.25652,-7.74606],[111.25746,-7.74295],[111.26395,-7.74288],[111.26799,-7.73876],[111.27115,-7.73981],[111.27194,-7.73748],[111.28516,-7.74213],[111.28892,-7.74153],[111.28314,-7.75419],[111.28889,-7.7543],[111.29026,-7.75808],[111.28858,-7.76155],[111.28395,-7.76396],[111.28256,-7.76644],[111.28191,-7.78458],[111.28534,-7.78779],[111.28898,-7.7951],[111.2971,-7.80162],[111.29669,-7.8048],[111.30159,-7.81988],[111.30567,-7.82323],[111.30134,-7.83072],[111.30324,-7.83332],[111.30249,-7.83696],[111.31148,-7.84171],[111.31451,-7.85164],[111.31177,-7.85493],[111.30603,-7.8546],[111.30019,-7.85778],[111.29666,-7.85784],[111.29419,-7.86135],[111.29297,-7.86531],[111.29486,-7.87369],[111.29716,-7.87693],[111.28929,-7.88992],[111.28549,-7.90051],[111.28616,-7.90502],[111.28238,-7.90807],[111.27924,-7.91531],[111.2801,-7.91845],[111.27223,-7.92399],[111.27192,-7.93042],[111.27015,-7.92952],[111.26609,-7.93464],[111.25798,-7.939],[111.25057,-7.94581],[111.23736,-7.94601],[111.23185,-7.9487],[111.23066,-7.94249],[111.22775,-7.93983],[111.22754,-7.9342],[111.22217,-7.93036],[111.21813,-7.93028],[111.21488,-7.93155],[111.21287,-7.93484],[111.20589,-7.93482],[111.20378,-7.93705],[111.2024,-7.93399],[111.19767,-7.93542],[111.19132,-7.93442],[111.19129,-7.93158],[111.19371,-7.9281],[111.19311,-7.92318],[111.18343,-7.91575],[111.17905,-7.91868],[111.16685,-7.91982],[111.16371,-7.92224],[111.15977,-7.9213],[111.15615,-7.92319],[111.15439,-7.92203],[111.15366,-7.92416],[111.15252,-7.9237],[111.14925,-7.92712],[111.14839,-7.93],[111.14127,-7.9342],[111.1402,-7.93691],[111.14031,-7.93962],[111.14556,-7.94855],[111.14464,-7.95267],[111.14107,-7.95318],[111.13993,-7.95551],[111.12979,-7.96252],[111.12973,-7.96751],[111.12572,-7.96986],[111.12734,-7.97572],[111.12328,-7.97996],[111.126,-7.98224],[111.12698,-7.98897],[111.13108,-7.99323],[111.12894,-7.99729],[111.12887,-8.00263],[111.13214,-8.00605],[111.13103,-8.00864],[111.13348,-8.00997],[111.13295,-8.01496],[111.13499,-8.02121],[111.12932,-8.02726],[111.12819,-8.03204],[111.11999,-8.03503],[111.11951,-8.03971],[111.11674,-8.04194],[111.12081,-8.05336],[111.11765,-8.05657],[111.11763,-8.05922],[111.11152,-8.06306],[111.10702,-8.0631],[111.10232,-8.06548],[111.09105,-8.06344],[111.08933,-8.05953],[111.08677,-8.05914],[111.08829,-8.05096],[111.08738,-8.04747],[111.08234,-8.04308],[111.07956,-8.0427],[111.07639,-8.04869],[111.07039,-8.04955],[111.06603,-8.06131],[111.05412,-8.06447],[111.04784,-8.07312],[111.03775,-8.07526],[111.03419,-8.07928],[111.02855,-8.07995],[111.02292,-8.07969],[111.02003,-8.07658],[111.01695,-8.07686],[111.0164,-8.07541],[111.01327,-8.0751],[111.01038,-8.07748],[111.01122,-8.07651],[111.00939,-8.07354],[111.0047,-8.07285],[111.00172,-8.07389],[110.99693,-8.07987],[110.98288,-8.07885],[110.97822,-8.07269],[110.96495,-8.06731],[110.96174,-8.06786],[110.96067,-8.06544],[110.95341,-8.06166],[110.95091,-8.06537],[110.95142,-8.07085],[110.94716,-8.0726],[110.94494,-8.07946],[110.93981,-8.08412],[110.93926,-8.08683],[110.93154,-8.09133],[110.93169,-8.09379],[110.92751,-8.09962],[110.92423,-8.10024],[110.91932,-8.10505],[110.91529,-8.11595],[110.91127,-8.11767],[110.90792,-8.11653],[110.90666,-8.12343],[110.90754,-8.13308],[110.90502,-8.14183],[110.90311,-8.1437],[110.90355,-8.14587],[110.89901,-8.15144],[110.89529,-8.16672],[110.89769,-8.16949],[110.89586,-8.17989],[110.89851,-8.18388],[110.8981,-8.19373],[110.90191,-8.20218],[110.9001,-8.21125],[110.89094,-8.21166],[110.8863,-8.20963],[110.8821,-8.21156],[110.87224,-8.20553],[110.86393,-8.20484],[110.86252,-8.20677]]]}},{"type":"Feature","properties":{"n":"Kuningan","p":"Jawa Barat"},"geometry":{"type":"Polygon","coordinates":[[[108.4501,-7.11817],[108.44519,-7.11928],[108.43945,-7.1179],[108.43599,-7.11229],[108.43871,-7.10653],[108.43692,-7.10561],[108.43434,-7.10796],[108.43354,-7.1037],[108.43031,-7.10379],[108.42856,-7.10158],[108.42625,-7.10232],[108.42585,-7.10097],[108.42847,-7.0986],[108.4262,-7.09764],[108.42552,-7.09492],[108.41678,-7.09291],[108.41579,-7.09577],[108.41377,-7.09634],[108.41674,-7.08917],[108.41177,-7.08938],[108.40536,-7.08456],[108.40163,-7.08568],[108.40105,-7.0818],[108.39793,-7.08206],[108.39636,-7.07951],[108.39271,-7.07858],[108.39207,-7.0753],[108.38828,-7.07308],[108.38574,-7.07351],[108.38567,-7.07029],[108.39133,-7.06311],[108.39064,-7.06091],[108.39314,-7.05709],[108.38917,-7.05149],[108.39019,-7.05021],[108.38902,-7.04597],[108.39057,-7.04265],[108.38333,-7.04264],[108.38318,-7.04138],[108.39396,-7.03186],[108.39282,-7.03089],[108.39351,-7.02756],[108.38383,-7.01127],[108.38314,-7.00665],[108.3834,-6.98499],[108.38582,-6.97635],[108.3839,-6.96868],[108.38652,-6.96369],[108.385,-6.96156],[108.38566,-6.95274],[108.38945,-6.94603],[108.40133,-6.93528],[108.4024,-6.91412],[108.40765,-6.89249],[108.40686,-6.86846],[108.40121,-6.8546],[108.40384,-6.83417],[108.39832,-6.82998],[108.39719,-6.82346],[108.39914,-6.81894],[108.39471,-6.80536],[108.39746,-6.8031],[108.39655,-6.79935],[108.39825,-6.79832],[108.39796,-6.79514],[108.39993,-6.79507],[108.40235,-6.79163],[108.40875,-6.79101],[108.41814,-6.78193],[108.42047,-6.78397],[108.43146,-6.78642],[108.43491,-6.78585],[108.43967,-6.78206],[108.44734,-6.78254],[108.45715,-6.79569],[108.45594,-6.79912],[108.46262,-6.79796],[108.46594,-6.79234],[108.46825,-6.79132],[108.47829,-6.79915],[108.48286,-6.79484],[108.48912,-6.79208],[108.50027,-6.79103],[108.50256,-6.79374],[108.50776,-6.79434],[108.51251,-6.79116],[108.5124,-6.81182],[108.50503,-6.8229],[108.51186,-6.82859],[108.50867,-6.8406],[108.51026,-6.84797],[108.50807,-6.85196],[108.51153,-6.85778],[108.518,-6.85956],[108.52467,-6.85762],[108.52321,-6.87039],[108.52716,-6.8711],[108.52666,-6.86898],[108.52804,-6.8704],[108.53349,-6.87027],[108.53404,-6.86828],[108.53648,-6.86839],[108.53763,-6.87753],[108.54193,-6.87714],[108.54548,-6.88057],[108.55458,-6.88242],[108.55453,-6.88574],[108.55968,-6.88636],[108.561,-6.88502],[108.56608,-6.8907],[108.5767,-6.89318],[108.57668,-6.89572],[108.57919,-6.89557],[108.57893,-6.89877],[108.58102,-6.89684],[108.58659,-6.89937],[108.5894,-6.89816],[108.5915,-6.89968],[108.59305,-6.89804],[108.59338,-6.89998],[108.59586,-6.89928],[108.59929,-6.90179],[108.59952,-6.90386],[108.60237,-6.90155],[108.60423,-6.90366],[108.606,-6.90201],[108.6096,-6.90205],[108.61811,-6.90684],[108.62103,-6.91041],[108.62753,-6.90793],[108.63474,-6.91084],[108.63975,-6.91104],[108.64583,-6.90857],[108.64826,-6.90466],[108.65209,-6.90451],[108.65426,-6.9026],[108.66066,-6.91287],[108.66578,-6.91718],[108.66195,-6.92498],[108.65242,-6.93159],[108.656,-6.9367],[108.66299,-6.94039],[108.66929,-6.9404],[108.66751,-6.93777],[108.67077,-6.93551],[108.6693,-6.93332],[108.67239,-6.93166],[108.67583,-6.93208],[108.67786,-6.9295],[108.67479,-6.9279],[108.67976,-6.92476],[108.68125,-6.92697],[108.68285,-6.92332],[108.68541,-6.92734],[108.68288,-6.92768],[108.68156,-6.92984],[108.68397,-6.93187],[108.68887,-6.92989],[108.7,-6.93391],[108.70683,-6.93694],[108.71545,-6.94384],[108.71552,-6.95339],[108.7256,-6.96272],[108.72243,-6.98915],[108.71748,-6.99432],[108.72662,-6.99823],[108.73658,-7.00628],[108.74268,-7.00026],[108.74204,-6.99502],[108.75634,-6.99253],[108.76047,-6.98802],[108.76696,-6.99058],[108.77,-6.99354],[108.77423,-6.9921],[108.77783,-6.99293],[108.78104,-6.9976],[108.79202,-7.00311],[108.79358,-7.0059],[108.79533,-7.01888],[108.79259,-7.03096],[108.77876,-7.03438],[108.77634,-7.03884],[108.7764,-7.04382],[108.77988,-7.04619],[108.78232,-7.05378],[108.78747,-7.0565],[108.7853,-7.05716],[108.78345,-7.06028],[108.78469,-7.06116],[108.78299,-7.06458],[108.78469,-7.06954],[108.78286,-7.06935],[108.78184,-7.07307],[108.77785,-7.07617],[108.77444,-7.08326],[108.77357,-7.09062],[108.77855,-7.09462],[108.77085,-7.10058],[108.76866,-7.11246],[108.76179,-7.11445],[108.75327,-7.11478],[108.74701,-7.11322],[108.72602,-7.11518],[108.72345,-7.11866],[108.72341,-7.12398],[108.71612,-7.12842],[108.7124,-7.13802],[108.70867,-7.13929],[108.7063,-7.14338],[108.6967,-7.15165],[108.67987,-7.15316],[108.67513,-7.15679],[108.66395,-7.15546],[108.65825,-7.15715],[108.651,-7.14966],[108.6468,-7.14227],[108.63507,-7.1387],[108.58979,-7.15444],[108.57667,-7.16491],[108.56818,-7.16513],[108.56225,-7.17134],[108.56588,-7.18049],[108.564,-7.18315],[108.56296,-7.19439],[108.55527,-7.19349],[108.55518,-7.19067],[108.55131,-7.19093],[108.55116,-7.18861],[108.54142,-7.18445],[108.53724,-7.18522],[108.52587,-7.18106],[108.52628,-7.17406],[108.52895,-7.17106],[108.52457,-7.16963],[108.52127,-7.16384],[108.51695,-7.16568],[108.51943,-7.16045],[108.51316,-7.15925],[108.51206,-7.16128],[108.50847,-7.16086],[108.50986,-7.1562],[108.51321,-7.15526],[108.51629,-7.14133],[108.51492,-7.13943],[108.51303,-7.14201],[108.51192,-7.13928],[108.50706,-7.14133],[108.50569,-7.14044],[108.50613,-7.13801],[108.51205,-7.13782],[108.51131,-7.13188],[108.50716,-7.13525],[108.50553,-7.13143],[108.50214,-7.13232],[108.50227,-7.12891],[108.49909,-7.13153],[108.49577,-7.12734],[108.4939,-7.13001],[108.49222,-7.12764],[108.49093,-7.12997],[108.48881,-7.12975],[108.48056,-7.12051],[108.47601,-7.12417],[108.4739,-7.11945],[108.47313,-7.12283],[108.46954,-7.12306],[108.46801,-7.118],[108.46563,-7.12154],[108.46383,-7.11934],[108.46117,-7.1215],[108.45692,-7.11896],[108.45277,-7.12021],[108.4501,-7.11817]]]}},{"type":"Feature","properties":{"n":"Kota Batu","p":"Jawa Timur"},"geometry":{"type":"Polygon","coordinates":[[[112.54789,-7.9222],[112.5415,-7.923],[112.54139,-7.92631],[112.5266,-7.92542],[112.52242,-7.92768],[112.49895,-7.93198],[112.48445,-7.93124],[112.47463,-7.93937],[112.48405,-7.92418],[112.48199,-7.92021],[112.48372,-7.91373],[112.48146,-7.90885],[112.48291,-7.90569],[112.47805,-7.89765],[112.47734,-7.89202],[112.47892,-7.88624],[112.48778,-7.87759],[112.48872,-7.86127],[112.48681,-7.85867],[112.48983,-7.85897],[112.49185,-7.8551],[112.49462,-7.85399],[112.49296,-7.84548],[112.49673,-7.83642],[112.49365,-7.82753],[112.49893,-7.82125],[112.49961,-7.81566],[112.49762,-7.80722],[112.49776,-7.79629],[112.49138,-7.78574],[112.49189,-7.77917],[112.48946,-7.76554],[112.49468,-7.76185],[112.49843,-7.75529],[112.51237,-7.75155],[112.5144,-7.74171],[112.52485,-7.73964],[112.52791,-7.73507],[112.5385,-7.73782],[112.54422,-7.73591],[112.56174,-7.73787],[112.56483,-7.73509],[112.57062,-7.7347],[112.57484,-7.73258],[112.57781,-7.73708],[112.58199,-7.75146],[112.58756,-7.75355],[112.58771,-7.76248],[112.58977,-7.76496],[112.58339,-7.77091],[112.58285,-7.77825],[112.58471,-7.78055],[112.58037,-7.78819],[112.57767,-7.79952],[112.57827,-7.80658],[112.57164,-7.8173],[112.57192,-7.82498],[112.57331,-7.82632],[112.56921,-7.83786],[112.5692,-7.84656],[112.56789,-7.85033],[112.56547,-7.85098],[112.56477,-7.85288],[112.56586,-7.85827],[112.56435,-7.87948],[112.57247,-7.88918],[112.57569,-7.88671],[112.58334,-7.88847],[112.59569,-7.90398],[112.59425,-7.90691],[112.59161,-7.90818],[112.5894,-7.90669],[112.58247,-7.90932],[112.58007,-7.91188],[112.58017,-7.91752],[112.57503,-7.91805],[112.57491,-7.91476],[112.56775,-7.91279],[112.56301,-7.91382],[112.55934,-7.91809],[112.55543,-7.91813],[112.5541,-7.92025],[112.55183,-7.91926],[112.54789,-7.9222]]]}},{"type":"Feature","properties":{"n":"Tasikmalaya","p":"Jawa Barat"},"geometry":{"type":"MultiPolygon","coordinates":[[[[108.00818,-7.74791],[107.99449,-7.74277],[107.99047,-7.74346],[107.94341,-7.73361],[107.91007,-7.73106],[107.91327,-7.72551],[107.91329,-7.72012],[107.91806,-7.71551],[107.91738,-7.71103],[107.92141,-7.70694],[107.92146,-7.70328],[107.92291,-7.70126],[107.92708,-7.70043],[107.92401,-7.69552],[107.92773,-7.6933],[107.93123,-7.68609],[107.93091,-7.68216],[107.92861,-7.68211],[107.92549,-7.67644],[107.92361,-7.67638],[107.92776,-7.67146],[107.92338,-7.66478],[107.92499,-7.66382],[107.92673,-7.66624],[107.92849,-7.66581],[107.9261,-7.66213],[107.93026,-7.65743],[107.92942,-7.65524],[107.92482,-7.65455],[107.92325,-7.65211],[107.92279,-7.64966],[107.92503,-7.64745],[107.92584,-7.64275],[107.92519,-7.64019],[107.92266,-7.63986],[107.92104,-7.63693],[107.92587,-7.6336],[107.92481,-7.63102],[107.92562,-7.62223],[107.92424,-7.61984],[107.92517,-7.61802],[107.92187,-7.61562],[107.92165,-7.61293],[107.9187,-7.61339],[107.92014,-7.61014],[107.91815,-7.6082],[107.91896,-7.60498],[107.91688,-7.60366],[107.91701,-7.5971],[107.9245,-7.59099],[107.92612,-7.58794],[107.93355,-7.58588],[107.93963,-7.58196],[107.94248,-7.57355],[107.93471,-7.56469],[107.93516,-7.55732],[107.94617,-7.54501],[107.94639,-7.53634],[107.94247,-7.52699],[107.94327,-7.50394],[107.94489,-7.49511],[107.95028,-7.4874],[107.95135,-7.48073],[107.94686,-7.47387],[107.94816,-7.46587],[107.95337,-7.46035],[107.94922,-7.4529],[107.94559,-7.45095],[107.94693,-7.44748],[107.94532,-7.43833],[107.94609,-7.43121],[107.95166,-7.42688],[107.95173,-7.42425],[107.95148,-7.4218],[107.94613,-7.41703],[107.94039,-7.40756],[107.9394,-7.40422],[107.9436,-7.39818],[107.94071,-7.39581],[107.94052,-7.39292],[107.92783,-7.38385],[107.91553,-7.37199],[107.91435,-7.36919],[107.90704,-7.36687],[107.90451,-7.36094],[107.90666,-7.35835],[107.91368,-7.35625],[107.92076,-7.35112],[107.92424,-7.35218],[107.92911,-7.34979],[107.93152,-7.34444],[107.92994,-7.34208],[107.93118,-7.3401],[107.92939,-7.33839],[107.93469,-7.3371],[107.93473,-7.33421],[107.93808,-7.33087],[107.94129,-7.32984],[107.94705,-7.33086],[107.94079,-7.32294],[107.94192,-7.32182],[107.94027,-7.31621],[107.93658,-7.31548],[107.93249,-7.31692],[107.92854,-7.3127],[107.93178,-7.30413],[107.93013,-7.30126],[107.92686,-7.3017],[107.92604,-7.29716],[107.92274,-7.29353],[107.92247,-7.28901],[107.92434,-7.28562],[107.92968,-7.28466],[107.93137,-7.28258],[107.93917,-7.28334],[107.94582,-7.28208],[107.97356,-7.27032],[107.98585,-7.25789],[107.98588,-7.25026],[107.98954,-7.2452],[108.01481,-7.23587],[108.01858,-7.23104],[108.03658,-7.22625],[108.03961,-7.22721],[108.05498,-7.22523],[108.05769,-7.22204],[108.06488,-7.21862],[108.06877,-7.21118],[108.06837,-7.20873],[108.06607,-7.20746],[108.06839,-7.20169],[108.0751,-7.19828],[108.07215,-7.19229],[108.07599,-7.1813],[108.07918,-7.179],[108.07715,-7.17522],[108.07863,-7.17089],[108.0877,-7.16267],[108.08283,-7.15613],[108.08048,-7.14266],[108.07368,-7.13547],[108.07078,-7.13479],[108.06797,-7.13021],[108.08581,-7.10915],[108.09036,-7.10642],[108.09639,-7.1064],[108.09938,-7.10288],[108.10182,-7.1045],[108.10692,-7.10243],[108.10866,-7.10382],[108.11063,-7.10208],[108.11336,-7.10263],[108.11599,-7.10784],[108.12039,-7.11077],[108.12251,-7.11477],[108.126,-7.10215],[108.12118,-7.09531],[108.12109,-7.09368],[108.12358,-7.09211],[108.12342,-7.08593],[108.11799,-7.07806],[108.12345,-7.06973],[108.12511,-7.06903],[108.12769,-7.07122],[108.13635,-7.06037],[108.13409,-7.05525],[108.13565,-7.05008],[108.13271,-7.04913],[108.13187,-7.04637],[108.12627,-7.04514],[108.12796,-7.04321],[108.12552,-7.03848],[108.12623,-7.0372],[108.12941,-7.04072],[108.13191,-7.03895],[108.13779,-7.03878],[108.14001,-7.04023],[108.1394,-7.04226],[108.14582,-7.04769],[108.14673,-7.05229],[108.15375,-7.06142],[108.15583,-7.06671],[108.16703,-7.06349],[108.16743,-7.06713],[108.1713,-7.06892],[108.17685,-7.06766],[108.18067,-7.06993],[108.18305,-7.06952],[108.1852,-7.07178],[108.19104,-7.07003],[108.19371,-7.07078],[108.19645,-7.07513],[108.20425,-7.07713],[108.20523,-7.08053],[108.20384,-7.08286],[108.2074,-7.08207],[108.20858,-7.08316],[108.20883,-7.08797],[108.21964,-7.08794],[108.21956,-7.08966],[108.21598,-7.0904],[108.21827,-7.09735],[108.21549,-7.09881],[108.21707,-7.10049],[108.21905,-7.10012],[108.21794,-7.102],[108.21907,-7.10373],[108.21791,-7.10537],[108.21704,-7.10393],[108.21602,-7.1048],[108.2155,-7.11037],[108.21559,-7.1152],[108.21995,-7.12333],[108.21744,-7.12467],[108.21839,-7.12581],[108.21603,-7.12507],[108.21758,-7.12911],[108.21549,-7.13198],[108.21279,-7.13228],[108.21299,-7.13434],[108.20904,-7.13414],[108.20655,-7.13774],[108.20141,-7.13745],[108.20344,-7.14176],[108.20061,-7.14443],[108.20238,-7.14507],[108.19999,-7.14612],[108.20172,-7.14811],[108.20006,-7.14856],[108.20335,-7.15206],[108.2001,-7.15326],[108.20206,-7.15508],[108.19939,-7.15629],[108.19951,-7.15761],[108.19768,-7.15686],[108.19769,-7.16251],[108.19524,-7.1641],[108.19651,-7.16487],[108.19505,-7.16664],[108.19576,-7.16796],[108.19258,-7.16959],[108.19243,-7.17335],[108.19506,-7.17388],[108.19324,-7.17543],[108.19505,-7.1823],[108.19242,-7.18731],[108.1969,-7.18829],[108.19836,-7.19422],[108.1955,-7.20552],[108.19748,-7.20746],[108.19593,-7.21221],[108.19851,-7.21416],[108.19687,-7.21621],[108.19683,-7.22006],[108.19931,-7.22537],[108.19785,-7.22856],[108.19921,-7.231],[108.19706,-7.23202],[108.19584,-7.23021],[108.19567,-7.23373],[108.19369,-7.23363],[108.19308,-7.23931],[108.19545,-7.24085],[108.19203,-7.24472],[108.19409,-7.2464],[108.19308,-7.24795],[108.19478,-7.25063],[108.1925,-7.2506],[108.19262,-7.25275],[108.19085,-7.25136],[108.18852,-7.25495],[108.18837,-7.26328],[108.19159,-7.26158],[108.19032,-7.26517],[108.19337,-7.26629],[108.19332,-7.26931],[108.19049,-7.27191],[108.18436,-7.26965],[108.1833,-7.27128],[108.17917,-7.27158],[108.1785,-7.27347],[108.18123,-7.27672],[108.1796,-7.27787],[108.18028,-7.28123],[108.17624,-7.28365],[108.17637,-7.28841],[108.17245,-7.28893],[108.16992,-7.28748],[108.15996,-7.29292],[108.15655,-7.28942],[108.15349,-7.29513],[108.15904,-7.30625],[108.15848,-7.31084],[108.16065,-7.31736],[108.15946,-7.32011],[108.16129,-7.32151],[108.15963,-7.32499],[108.15329,-7.3281],[108.15247,-7.3348],[108.16206,-7.34334],[108.16714,-7.34412],[108.16617,-7.34623],[108.16793,-7.3468],[108.16652,-7.3509],[108.16741,-7.35209],[108.1646,-7.35449],[108.16361,-7.36309],[108.17227,-7.37677],[108.17117,-7.38561],[108.17392,-7.38749],[108.17431,-7.39309],[108.18349,-7.39258],[108.18463,-7.39527],[108.18145,-7.39959],[108.18385,-7.40261],[108.17895,-7.40682],[108.18236,-7.41187],[108.18631,-7.41428],[108.18429,-7.41998],[108.1859,-7.42259],[108.18532,-7.42933],[108.18843,-7.43479],[108.18526,-7.43706],[108.18378,-7.44119],[108.18622,-7.44178],[108.18827,-7.43822],[108.19275,-7.43803],[108.19307,-7.44382],[108.1887,-7.4446],[108.18748,-7.44648],[108.19239,-7.45013],[108.19494,-7.44874],[108.19969,-7.4505],[108.20228,-7.44569],[108.20669,-7.44309],[108.21316,-7.43469],[108.23034,-7.43621],[108.2308,-7.43335],[108.24107,-7.43267],[108.24846,-7.42844],[108.25752,-7.42831],[108.26859,-7.42539],[108.27138,-7.4203],[108.27614,-7.41733],[108.27702,-7.41157],[108.27654,-7.40978],[108.27524,-7.41028],[108.27406,-7.40497],[108.2779,-7.40498],[108.27668,-7.40064],[108.278,-7.39946],[108.27656,-7.39713],[108.27389,-7.39665],[108.27558,-7.39476],[108.27128,-7.39336],[108.27405,-7.39222],[108.27285,-7.39084],[108.27564,-7.38745],[108.27882,-7.38931],[108.27877,-7.38695],[108.28138,-7.38661],[108.281,-7.38525],[108.28253,-7.38462],[108.26722,-7.37711],[108.2652,-7.37443],[108.27142,-7.37028],[108.27705,-7.3706],[108.27828,-7.36722],[108.28443,-7.36373],[108.28436,-7.35355],[108.2861,-7.34834],[108.28721,-7.34693],[108.29105,-7.34717],[108.29734,-7.34035],[108.29756,-7.34284],[108.30045,-7.34235],[108.30175,-7.34385],[108.30398,-7.34118],[108.30849,-7.33944],[108.30945,-7.33714],[108.31094,-7.33719],[108.31149,-7.33955],[108.3201,-7.34026],[108.32211,-7.33901],[108.32466,-7.33999],[108.32462,-7.3429],[108.32729,-7.3438],[108.32659,-7.34559],[108.33007,-7.34666],[108.33017,-7.34889],[108.33156,-7.34834],[108.3315,-7.34619],[108.33515,-7.34713],[108.3373,-7.34514],[108.33794,-7.34926],[108.33999,-7.35002],[108.34244,-7.35587],[108.34747,-7.354],[108.35481,-7.35428],[108.35553,-7.35233],[108.36088,-7.35343],[108.36274,-7.35226],[108.36818,-7.35692],[108.37284,-7.35786],[108.37369,-7.35982],[108.3795,-7.35889],[108.37885,-7.35674],[108.38059,-7.35547],[108.38228,-7.35722],[108.38503,-7.35638],[108.38611,-7.35855],[108.38876,-7.35844],[108.39051,-7.3615],[108.39297,-7.35913],[108.39591,-7.36206],[108.39836,-7.3613],[108.402,-7.36269],[108.40574,-7.36033],[108.40798,-7.36526],[108.40775,-7.37069],[108.41494,-7.37703],[108.40019,-7.38926],[108.39608,-7.40879],[108.39893,-7.41683],[108.40488,-7.42193],[108.40945,-7.42304],[108.41687,-7.42082],[108.42061,-7.42308],[108.42348,-7.45226],[108.42769,-7.46193],[108.4287,-7.47859],[108.42471,-7.48414],[108.42543,-7.48628],[108.42981,-7.48962],[108.43207,-7.48839],[108.43364,-7.48978],[108.43914,-7.48981],[108.44257,-7.48834],[108.42771,-7.50079],[108.42741,-7.49774],[108.41967,-7.49222],[108.42031,-7.48983],[108.41673,-7.48913],[108.41662,-7.49452],[108.41045,-7.49792],[108.41055,-7.49421],[108.40705,-7.49355],[108.40722,-7.4889],[108.40425,-7.48587],[108.40227,-7.48667],[108.40136,-7.48411],[108.40266,-7.48228],[108.39989,-7.4794],[108.37403,-7.47895],[108.36126,-7.48572],[108.35203,-7.49802],[108.33969,-7.49482],[108.3343,-7.50749],[108.33338,-7.51593],[108.3345,-7.52439],[108.33662,-7.52776],[108.33446,-7.52947],[108.33331,-7.53854],[108.33464,-7.54277],[108.33319,-7.54863],[108.33403,-7.55086],[108.33931,-7.55418],[108.34062,-7.55307],[108.34389,-7.5548],[108.34803,-7.55969],[108.35384,-7.5622],[108.35229,-7.56367],[108.35387,-7.56516],[108.35258,-7.56629],[108.35523,-7.56719],[108.35305,-7.56868],[108.35642,-7.57185],[108.35493,-7.57437],[108.35712,-7.57863],[108.35586,-7.59129],[108.36143,-7.60049],[108.35907,-7.60105],[108.35889,-7.60811],[108.36164,-7.60504],[108.36736,-7.60871],[108.36246,-7.60769],[108.3661,-7.61203],[108.36319,-7.61289],[108.36124,-7.61167],[108.35928,-7.61376],[108.3611,-7.61587],[108.35895,-7.61697],[108.36478,-7.62258],[108.36307,-7.62357],[108.36023,-7.62057],[108.35752,-7.6223],[108.3584,-7.63519],[108.35465,-7.63757],[108.35547,-7.64244],[108.36244,-7.64456],[108.3608,-7.64818],[108.36216,-7.65058],[108.36076,-7.65441],[108.36362,-7.65829],[108.3664,-7.65875],[108.36029,-7.66455],[108.36221,-7.66545],[108.3619,-7.66816],[108.35842,-7.6679],[108.35669,-7.66972],[108.3583,-7.67137],[108.35443,-7.67228],[108.35523,-7.67501],[108.35345,-7.67858],[108.35557,-7.68335],[108.35108,-7.68312],[108.34993,-7.68519],[108.34886,-7.68273],[108.34036,-7.6817],[108.33663,-7.68616],[108.33202,-7.68594],[108.33502,-7.68859],[108.33165,-7.68865],[108.32993,-7.69089],[108.32372,-7.68286],[108.32202,-7.68502],[108.32449,-7.68813],[108.32181,-7.69082],[108.32507,-7.69175],[108.3248,-7.69299],[108.31734,-7.69318],[108.31683,-7.6903],[108.31445,-7.69023],[108.31696,-7.69483],[108.31665,-7.69771],[108.3238,-7.70248],[108.32431,-7.71474],[108.32902,-7.71266],[108.32925,-7.70947],[108.33201,-7.71216],[108.33122,-7.71588],[108.32448,-7.72001],[108.32075,-7.71409],[108.31973,-7.7146],[108.31881,-7.72043],[108.32188,-7.72297],[108.3205,-7.72598],[108.31293,-7.72459],[108.31798,-7.73805],[108.31592,-7.74782],[108.31776,-7.74959],[108.32077,-7.74832],[108.32417,-7.75723],[108.32091,-7.75969],[108.3235,-7.76201],[108.32305,-7.76837],[108.32513,-7.77898],[108.32319,-7.78363],[108.31903,-7.78466],[108.3181,-7.78662],[108.32353,-7.79057],[108.32374,-7.79562],[108.32849,-7.79629],[108.33368,-7.79995],[108.34349,-7.80314],[108.34169,-7.80679],[108.34239,-7.81122],[108.33915,-7.81507],[108.34077,-7.81682],[108.32803,-7.81491],[108.32438,-7.81553],[108.32321,-7.81719],[108.3206,-7.8164],[108.32173,-7.81581],[108.32052,-7.81448],[108.31937,-7.81594],[108.32005,-7.81467],[108.31614,-7.81326],[108.30445,-7.81148],[108.30005,-7.81482],[108.29657,-7.81212],[108.28889,-7.81013],[108.25003,-7.80355],[108.24752,-7.80199],[108.20892,-7.79702],[108.14083,-7.7851],[108.09686,-7.77278],[108.08987,-7.77156],[108.0876,-7.7727],[108.08857,-7.7714],[108.08712,-7.77287],[108.08274,-7.77256],[108.07932,-7.76949],[108.07167,-7.76668],[108.06239,-7.76664],[108.04772,-7.7577],[108.00818,-7.74791]]],[[[108.2628,-7.37589],[108.26382,-7.37587],[108.26455,-7.37632],[108.26394,-7.37633],[108.2628,-7.37589]]],[[[108.32281,-7.81962],[108.32318,-7.82023],[108.32195,-7.82046],[108.32281,-7.81962]]],[[[108.3223,-7.81895],[108.32259,-7.81939],[108.32161,-7.81967],[108.3223,-7.81895]]],[[[108.32205,-7.81852],[108.32212,-7.81886],[108.32182,-7.81888],[108.32205,-7.81852]]],[[[108.29835,-7.81649],[108.29856,-7.81733],[108.29798,-7.81678],[108.29835,-7.81649]]]]}},{"type":"Feature","properties":{"n":"Karanganyar","p":"Jawa Tengah"},"geometry":{"type":"MultiPolygon","coordinates":[[[[110.94686,-7.61841],[110.91545,-7.61266],[110.90644,-7.61379],[110.90557,-7.61221],[110.91246,-7.58427],[110.86824,-7.56659],[110.86779,-7.56786],[110.8659,-7.567],[110.86353,-7.56826],[110.86112,-7.5672],[110.86253,-7.56036],[110.86685,-7.55769],[110.86904,-7.54751],[110.86596,-7.54559],[110.86348,-7.54816],[110.86188,-7.54758],[110.85776,-7.54983],[110.85729,-7.5461],[110.85956,-7.53993],[110.85469,-7.53856],[110.85921,-7.53508],[110.85833,-7.53388],[110.85424,-7.53532],[110.84837,-7.53308],[110.84302,-7.53461],[110.83752,-7.53102],[110.82778,-7.5282],[110.8172,-7.52877],[110.80631,-7.49151],[110.80463,-7.45917],[110.80929,-7.45819],[110.81268,-7.46033],[110.81362,-7.45888],[110.81859,-7.45955],[110.82343,-7.45795],[110.82416,-7.4561],[110.82589,-7.45851],[110.82808,-7.45749],[110.83786,-7.45917],[110.83854,-7.46132],[110.84113,-7.46089],[110.84237,-7.46415],[110.84466,-7.46494],[110.84718,-7.47162],[110.84781,-7.46872],[110.8511,-7.46764],[110.853,-7.4699],[110.85504,-7.46868],[110.85741,-7.46946],[110.85727,-7.47309],[110.86398,-7.47325],[110.86512,-7.47633],[110.86366,-7.47956],[110.86565,-7.48064],[110.86565,-7.483],[110.87201,-7.48543],[110.8722,-7.48903],[110.87467,-7.48648],[110.87704,-7.4884],[110.881,-7.48622],[110.88321,-7.48784],[110.88304,-7.49202],[110.8909,-7.49075],[110.89252,-7.49327],[110.91796,-7.49618],[110.92058,-7.491],[110.93947,-7.49495],[110.95157,-7.50023],[110.95412,-7.50358],[110.96403,-7.50747],[110.97548,-7.51571],[110.98905,-7.5213],[111.00196,-7.52452],[111.00782,-7.5279],[111.01015,-7.52643],[111.01501,-7.52817],[111.0223,-7.53394],[111.0243,-7.52784],[111.03175,-7.53417],[111.04953,-7.53743],[111.04593,-7.52748],[111.04126,-7.52087],[111.04066,-7.51142],[111.04486,-7.50906],[111.04833,-7.50962],[111.05219,-7.50783],[111.05275,-7.50916],[111.0571,-7.50946],[111.05752,-7.50411],[111.06238,-7.50366],[111.06222,-7.49878],[111.06384,-7.49686],[111.0711,-7.49836],[111.07333,-7.49661],[111.07838,-7.49724],[111.08007,-7.50336],[111.07929,-7.50799],[111.08131,-7.50862],[111.08023,-7.51137],[111.08308,-7.51315],[111.07931,-7.51706],[111.08076,-7.52186],[111.07887,-7.52491],[111.08118,-7.5275],[111.08838,-7.52839],[111.09238,-7.53127],[111.09832,-7.52938],[111.11157,-7.53153],[111.11313,-7.5294],[111.10983,-7.52381],[111.11475,-7.5207],[111.11952,-7.52245],[111.12394,-7.51913],[111.124,-7.51465],[111.12596,-7.5118],[111.13263,-7.51183],[111.14804,-7.5254],[111.14635,-7.52759],[111.14989,-7.53142],[111.15205,-7.53931],[111.15117,-7.54065],[111.15247,-7.5416],[111.15069,-7.54382],[111.15383,-7.54922],[111.15213,-7.55122],[111.15235,-7.56142],[111.16068,-7.5736],[111.16833,-7.59022],[111.19222,-7.60316],[111.19652,-7.6096],[111.19289,-7.61955],[111.19289,-7.62549],[111.18914,-7.62652],[111.18777,-7.64922],[111.18583,-7.65771],[111.1876,-7.66775],[111.19393,-7.67051],[111.19557,-7.67319],[111.18987,-7.67496],[111.18734,-7.68569],[111.18251,-7.68934],[111.18292,-7.69265],[111.18613,-7.69543],[111.18346,-7.70333],[111.18168,-7.70462],[111.18203,-7.71237],[111.17365,-7.71213],[111.16633,-7.71647],[111.16376,-7.7143],[111.15605,-7.71493],[111.151,-7.7114],[111.14242,-7.7092],[111.14375,-7.71343],[111.13119,-7.71661],[111.12195,-7.72212],[111.12175,-7.7238],[111.12325,-7.72434],[111.12887,-7.72134],[111.12941,-7.72917],[111.12287,-7.73544],[111.12309,-7.73746],[111.12068,-7.73923],[111.12085,-7.7422],[111.11179,-7.74862],[111.10832,-7.74554],[111.11178,-7.74158],[111.10985,-7.73737],[111.10141,-7.74624],[111.09355,-7.75173],[111.07886,-7.74838],[111.07277,-7.75221],[111.07029,-7.75737],[111.06396,-7.75518],[111.0633,-7.75717],[111.05945,-7.75656],[111.05638,-7.75947],[111.05068,-7.75945],[111.04786,-7.76612],[111.04913,-7.7725],[111.052,-7.77696],[111.04642,-7.78286],[111.04247,-7.78032],[111.03932,-7.78034],[111.03971,-7.7759],[111.03428,-7.77648],[111.03476,-7.76962],[111.03216,-7.76708],[111.02677,-7.76883],[111.02187,-7.76672],[111.02053,-7.76332],[111.02188,-7.761],[111.01847,-7.75953],[111.00939,-7.76356],[111.00881,-7.76238],[111.00569,-7.76494],[111.00425,-7.76339],[111.00312,-7.76558],[110.99956,-7.76711],[110.99588,-7.76401],[110.98975,-7.76728],[110.98905,-7.76361],[110.98635,-7.76388],[110.98627,-7.76125],[110.98012,-7.76186],[110.97334,-7.76535],[110.97039,-7.769],[110.96879,-7.76828],[110.96852,-7.77148],[110.96475,-7.76675],[110.97183,-7.76383],[110.97471,-7.75306],[110.96655,-7.75076],[110.97021,-7.74691],[110.9691,-7.7413],[110.9674,-7.74139],[110.96664,-7.73878],[110.96158,-7.73743],[110.95938,-7.73394],[110.94137,-7.73973],[110.94962,-7.69509],[110.95414,-7.68332],[110.95787,-7.68452],[110.95841,-7.68275],[110.95837,-7.68403],[110.96044,-7.68408],[110.95855,-7.68149],[110.95348,-7.68085],[110.94784,-7.66996],[110.94711,-7.65921],[110.9485,-7.65537],[110.94662,-7.65308],[110.94485,-7.64116],[110.94248,-7.63754],[110.9449,-7.63648],[110.94762,-7.62933],[110.94803,-7.62347],[110.94562,-7.61959],[110.94686,-7.61841]]],[[[110.80082,-7.53348],[110.79611,-7.54878],[110.78937,-7.54688],[110.78745,-7.54799],[110.78092,-7.54523],[110.77664,-7.54652],[110.77131,-7.54538],[110.76278,-7.54171],[110.76186,-7.5471],[110.75976,-7.54751],[110.7589,-7.54984],[110.75505,-7.5461],[110.74854,-7.54406],[110.74817,-7.54148],[110.74376,-7.54135],[110.7378,-7.53833],[110.73247,-7.53811],[110.73173,-7.53945],[110.72543,-7.53805],[110.71682,-7.54291],[110.70836,-7.54019],[110.70925,-7.53226],[110.72056,-7.53167],[110.72393,-7.5302],[110.72437,-7.52754],[110.7272,-7.52599],[110.73057,-7.52848],[110.74205,-7.52744],[110.74916,-7.52327],[110.76413,-7.52665],[110.77341,-7.52613],[110.7805,-7.52372],[110.79059,-7.52647],[110.79142,-7.52892],[110.7948,-7.5307],[110.79541,-7.53335],[110.80082,-7.53348]]]]}},{"type":"Feature","properties":{"n":"Sidoarjo","p":"Jawa Timur"},"geometry":{"type":"Polygon","coordinates":[[[112.58345,-7.49309],[112.57782,-7.48455],[112.57327,-7.48378],[112.57063,-7.47975],[112.56362,-7.47607],[112.51219,-7.46693],[112.50549,-7.46248],[112.48859,-7.45995],[112.4835,-7.45667],[112.48234,-7.45241],[112.47954,-7.45343],[112.46734,-7.44493],[112.45669,-7.44697],[112.45984,-7.43625],[112.46326,-7.43148],[112.46732,-7.4316],[112.47347,-7.42911],[112.47388,-7.42421],[112.48354,-7.41704],[112.48297,-7.41148],[112.48506,-7.40922],[112.49242,-7.41022],[112.49889,-7.40672],[112.507,-7.40674],[112.52506,-7.39724],[112.52923,-7.40367],[112.53387,-7.40081],[112.54396,-7.40471],[112.54949,-7.40335],[112.55235,-7.40039],[112.56628,-7.39792],[112.56781,-7.39637],[112.56789,-7.38794],[112.57002,-7.38798],[112.57181,-7.39199],[112.57834,-7.38709],[112.57937,-7.38367],[112.58356,-7.38338],[112.58404,-7.37969],[112.58827,-7.3756],[112.58893,-7.37011],[112.59238,-7.37221],[112.59683,-7.37217],[112.61824,-7.36636],[112.62159,-7.36801],[112.625,-7.3668],[112.63024,-7.36779],[112.64271,-7.36081],[112.65342,-7.36218],[112.65417,-7.3589],[112.66236,-7.35161],[112.67864,-7.35035],[112.69623,-7.34299],[112.70428,-7.33651],[112.71603,-7.33996],[112.71567,-7.34189],[112.71998,-7.34311],[112.71976,-7.34441],[112.72426,-7.34586],[112.7258,-7.34834],[112.73315,-7.34813],[112.73677,-7.3448],[112.74198,-7.3452],[112.74303,-7.34082],[112.75346,-7.34223],[112.75541,-7.33674],[112.76636,-7.33833],[112.76806,-7.34158],[112.77017,-7.33921],[112.77742,-7.34009],[112.77941,-7.34463],[112.78334,-7.34545],[112.78905,-7.34394],[112.79358,-7.34638],[112.79875,-7.3449],[112.81252,-7.34639],[112.81923,-7.34348],[112.82732,-7.34317],[112.82894,-7.33774],[112.83335,-7.33235],[112.835,-7.33348],[112.83707,-7.33082],[112.8412,-7.33099],[112.8408,-7.33914],[112.83939,-7.34091],[112.84099,-7.3409],[112.84051,-7.34562],[112.83798,-7.35068],[112.83953,-7.35316],[112.83742,-7.35556],[112.83913,-7.35805],[112.83739,-7.37081],[112.83603,-7.37154],[112.83638,-7.37872],[112.83462,-7.38291],[112.83248,-7.384],[112.83456,-7.38423],[112.83623,-7.38666],[112.83476,-7.40104],[112.83319,-7.40471],[112.83149,-7.40491],[112.83569,-7.40581],[112.83688,-7.40933],[112.83597,-7.42354],[112.83422,-7.42588],[112.83759,-7.44056],[112.84114,-7.48108],[112.8387,-7.4842],[112.83559,-7.48501],[112.8282,-7.47363],[112.82034,-7.4735],[112.81877,-7.47212],[112.81298,-7.47875],[112.81809,-7.48031],[112.82193,-7.49128],[112.82173,-7.4947],[112.8238,-7.49342],[112.82675,-7.49563],[112.83455,-7.5056],[112.83655,-7.51057],[112.84106,-7.51042],[112.85171,-7.5181],[112.86149,-7.52128],[112.85786,-7.52226],[112.85896,-7.52376],[112.85801,-7.52521],[112.86265,-7.52371],[112.86117,-7.52703],[112.86407,-7.52655],[112.86645,-7.52909],[112.86579,-7.53103],[112.87004,-7.53267],[112.86803,-7.53347],[112.87313,-7.53803],[112.86613,-7.54051],[112.8667,-7.5426],[112.86958,-7.54278],[112.86842,-7.54363],[112.86961,-7.54564],[112.86765,-7.54639],[112.86759,-7.55271],[112.87308,-7.55434],[112.87444,-7.55939],[112.8757,-7.55909],[112.87516,-7.56129],[112.87718,-7.5612],[112.87785,-7.56382],[112.87419,-7.56513],[112.86858,-7.56257],[112.86749,-7.56438],[112.8696,-7.57163],[112.86506,-7.57346],[112.86211,-7.57244],[112.86196,-7.57434],[112.85907,-7.57309],[112.85872,-7.57477],[112.85395,-7.57454],[112.84511,-7.57743],[112.83752,-7.5682],[112.83486,-7.55847],[112.83579,-7.55434],[112.83203,-7.55237],[112.81673,-7.55887],[112.8129,-7.55867],[112.81164,-7.55459],[112.80684,-7.555],[112.80514,-7.55611],[112.80508,-7.55911],[112.80236,-7.55905],[112.80144,-7.56205],[112.79983,-7.56186],[112.79846,-7.55831],[112.79826,-7.56119],[112.79625,-7.56044],[112.79049,-7.56443],[112.78318,-7.56307],[112.77406,-7.57147],[112.76996,-7.5714],[112.76926,-7.573],[112.77094,-7.5748],[112.75643,-7.57324],[112.75305,-7.5752],[112.74684,-7.57177],[112.73901,-7.57323],[112.73492,-7.57086],[112.72767,-7.57062],[112.7239,-7.56895],[112.71922,-7.56101],[112.71189,-7.55737],[112.71001,-7.54861],[112.7057,-7.54504],[112.69099,-7.54628],[112.6892,-7.55167],[112.68518,-7.5507],[112.68562,-7.54839],[112.68396,-7.54665],[112.67431,-7.55019],[112.67361,-7.55175],[112.67658,-7.55274],[112.67414,-7.55861],[112.67083,-7.55934],[112.66963,-7.56239],[112.66632,-7.5601],[112.66311,-7.56019],[112.66377,-7.55726],[112.64974,-7.54473],[112.64689,-7.53826],[112.6308,-7.53307],[112.61998,-7.51893],[112.61393,-7.51513],[112.60909,-7.50753],[112.60519,-7.50645],[112.60241,-7.50075],[112.59705,-7.49969],[112.59131,-7.4942],[112.58345,-7.49309]]]}},{"type":"Feature","properties":{"n":"Bekasi","p":"Jawa Barat"},"geometry":{"type":"Polygon","coordinates":[[[107.05173,-6.39441],[107.04719,-6.39798],[107.04611,-6.40285],[107.04153,-6.40694],[107.03802,-6.4051],[107.03492,-6.40543],[107.03074,-6.41128],[107.02956,-6.40979],[107.02681,-6.41014],[107.0268,-6.40879],[107.02346,-6.40944],[107.0231,-6.40757],[107.02159,-6.40762],[107.02431,-6.40487],[107.0224,-6.40509],[107.02242,-6.40375],[107.01995,-6.40469],[107.02004,-6.40047],[107.01406,-6.40168],[107.01354,-6.40303],[107.01255,-6.40091],[107.00868,-6.40159],[107.0085,-6.39548],[107.01226,-6.39129],[107.00813,-6.39111],[107.00727,-6.3886],[107.00662,-6.38948],[107.00626,-6.38777],[107.00319,-6.38662],[107.00637,-6.37803],[107.00439,-6.37771],[107.00365,-6.3758],[107.00187,-6.37894],[106.99756,-6.37884],[106.99927,-6.37695],[106.99694,-6.37643],[106.99686,-6.3744],[106.99363,-6.37205],[106.99469,-6.36613],[106.99096,-6.36345],[106.99299,-6.36046],[106.99637,-6.35914],[106.99962,-6.36049],[107.00087,-6.35914],[106.99971,-6.35555],[107.00195,-6.35378],[107.00502,-6.3554],[107.00439,-6.35665],[107.00674,-6.36029],[107.01073,-6.35769],[107.01633,-6.35789],[107.01749,-6.35109],[107.01565,-6.34955],[107.01511,-6.34595],[107.0164,-6.34461],[107.01298,-6.34255],[107.01545,-6.34111],[107.01249,-6.33955],[107.01651,-6.33039],[107.01941,-6.3304],[107.0208,-6.32778],[107.02897,-6.33014],[107.03036,-6.32545],[107.03725,-6.32135],[107.03787,-6.31245],[107.04099,-6.30894],[107.04117,-6.30744],[107.03847,-6.30633],[107.04112,-6.29556],[107.04021,-6.2875],[107.03757,-6.28633],[107.03661,-6.28269],[107.0302,-6.28153],[107.02754,-6.27786],[107.0222,-6.28068],[107.01547,-6.29125],[107.01563,-6.2874],[107.01406,-6.28643],[107.01436,-6.2797],[107.01771,-6.273],[107.01645,-6.2657],[107.01794,-6.26279],[107.02003,-6.26351],[107.02453,-6.25488],[107.02963,-6.25306],[107.03078,-6.24989],[107.03521,-6.24675],[107.03893,-6.24719],[107.04172,-6.24521],[107.04239,-6.23375],[107.03871,-6.23248],[107.03841,-6.23045],[107.03449,-6.22891],[107.03398,-6.22677],[107.03026,-6.22662],[107.03314,-6.21999],[107.03083,-6.21563],[107.03397,-6.21218],[107.03211,-6.20848],[107.03397,-6.20621],[107.03274,-6.20543],[107.03378,-6.19878],[107.01995,-6.19644],[107.01825,-6.20005],[107.0155,-6.1953],[107.01165,-6.19502],[107.01193,-6.19289],[107.00641,-6.19323],[107.00748,-6.18482],[107.0061,-6.17997],[107.00666,-6.17741],[107.00969,-6.17701],[107.01064,-6.17244],[106.97903,-6.17257],[106.97909,-6.17556],[106.97737,-6.1757],[106.973,-6.17497],[106.97158,-6.16894],[106.9722,-6.15148],[106.9719,-6.15004],[106.97069,-6.15051],[106.97097,-6.14654],[106.97258,-6.14618],[106.96959,-6.13271],[106.97109,-6.12475],[106.96987,-6.11433],[106.97062,-6.08832],[106.97376,-6.08721],[106.97348,-6.08482],[106.97416,-6.08673],[106.98839,-6.08403],[106.99044,-6.0873],[106.99322,-6.0846],[106.99155,-6.0792],[106.99553,-6.08203],[106.99725,-6.08141],[106.99807,-6.07736],[107.00034,-6.07685],[107.00214,-6.07894],[107.00221,-6.08561],[107.00352,-6.08196],[107.0026,-6.07963],[107.00604,-6.0787],[107.00744,-6.07986],[107.00747,-6.07807],[107.01006,-6.07736],[107.00958,-6.07572],[107.01074,-6.07578],[107.0113,-6.07947],[107.01611,-6.07694],[107.0113,-6.07338],[107.00743,-6.07434],[107.00156,-6.06992],[106.99887,-6.06306],[107.00012,-6.06233],[106.99867,-6.05902],[107.00005,-6.05765],[106.99719,-6.0572],[106.99675,-6.0528],[106.99515,-6.05428],[106.9906,-6.0534],[106.98848,-6.05054],[106.98475,-6.05488],[106.97743,-6.05452],[106.97537,-6.05704],[106.97184,-6.05255],[106.9733,-6.05204],[106.97359,-6.04918],[106.97735,-6.04719],[106.9815,-6.05116],[106.98476,-6.05006],[106.98878,-6.04569],[106.99012,-6.04826],[106.99498,-6.0472],[106.99746,-6.04781],[106.9978,-6.04962],[107.00365,-6.04823],[107.00644,-6.04959],[107.0044,-6.04626],[107.00674,-6.04597],[107.00637,-6.04439],[107.00922,-6.04132],[107.00715,-6.03821],[107.01096,-6.03843],[107.01335,-6.03527],[107.01611,-6.03454],[107.01308,-6.02325],[107.01204,-6.02488],[107.01028,-6.02352],[107.00071,-6.02519],[106.99494,-6.02815],[106.99628,-6.02402],[106.99474,-6.02299],[106.9954,-6.01908],[106.99331,-6.01267],[106.99394,-6.01132],[106.9954,-6.01199],[106.99545,-6.0137],[106.99808,-6.01413],[107.00089,-6.01791],[107.00392,-6.01782],[107.00605,-6.0158],[107.00507,-6.01326],[106.99483,-6.00741],[106.99731,-6.00404],[106.99842,-6.00506],[107.00239,-6.00365],[107.00816,-5.99832],[107.00893,-5.99903],[107.00859,-6.00029],[107.00884,-6.00059],[107.00923,-5.99913],[107.00759,-5.99709],[107.00926,-5.99673],[107.00978,-5.99841],[107.00867,-5.9946],[107.01044,-5.9939],[107.01078,-5.98712],[107.01197,-5.98733],[107.01362,-5.98394],[107.0122,-5.98279],[107.01599,-5.98089],[107.01456,-5.97719],[107.01847,-5.97426],[107.01715,-5.97344],[107.01625,-5.95858],[107.01164,-5.94887],[107.00435,-5.94103],[106.99921,-5.93926],[106.99071,-5.94167],[106.99202,-5.93992],[106.99104,-5.93667],[107.001,-5.93122],[107.00865,-5.91998],[107.0145,-5.91842],[107.01565,-5.91869],[107.01147,-5.92362],[107.0159,-5.92681],[107.01843,-5.92676],[107.02201,-5.93166],[107.0236,-5.93007],[107.02483,-5.93135],[107.02842,-5.93103],[107.03228,-5.93594],[107.03603,-5.93643],[107.03661,-5.93101],[107.03371,-5.92939],[107.03007,-5.93108],[107.01967,-5.92107],[107.02029,-5.91869],[107.02209,-5.92121],[107.03073,-5.92572],[107.03377,-5.92523],[107.03551,-5.92259],[107.03706,-5.92307],[107.03402,-5.92784],[107.03812,-5.93217],[107.03991,-5.93127],[107.03941,-5.92845],[107.03616,-5.92798],[107.0392,-5.92786],[107.03811,-5.92384],[107.04092,-5.92633],[107.04327,-5.92598],[107.04024,-5.92661],[107.04175,-5.92921],[107.0408,-5.93211],[107.03711,-5.93369],[107.03754,-5.93661],[107.03927,-5.93747],[107.03706,-5.93706],[107.03581,-5.94522],[107.03119,-5.94824],[107.03304,-5.95063],[107.03262,-5.95616],[107.03638,-5.96023],[107.03875,-5.95886],[107.04678,-5.96253],[107.057,-5.96481],[107.06826,-5.96439],[107.07007,-5.96747],[107.07607,-5.96834],[107.0756,-5.96173],[107.07396,-5.95908],[107.0747,-5.95019],[107.07072,-5.95001],[107.0713,-5.94362],[107.06502,-5.94328],[107.06434,-5.93576],[107.0623,-5.93397],[107.06194,-5.93025],[107.06007,-5.93179],[107.05916,-5.92947],[107.05751,-5.93046],[107.06006,-5.9327],[107.05759,-5.939],[107.05722,-5.93634],[107.0593,-5.93263],[107.05461,-5.92831],[107.05017,-5.93344],[107.05008,-5.93148],[107.052,-5.9301],[107.051,-5.92942],[107.05277,-5.92849],[107.047,-5.92612],[107.05231,-5.92612],[107.05734,-5.93018],[107.05803,-5.92891],[107.06021,-5.9293],[107.07538,-5.93483],[107.09161,-5.93614],[107.09735,-5.93858],[107.09761,-5.94449],[107.09358,-5.95787],[107.09714,-5.96132],[107.08958,-5.96844],[107.09099,-5.97268],[107.08846,-5.97561],[107.09003,-5.97644],[107.08564,-5.97931],[107.08862,-5.98007],[107.08763,-5.98227],[107.08994,-5.98341],[107.08775,-5.98533],[107.08483,-5.98502],[107.08722,-5.98721],[107.08438,-5.99082],[107.0875,-5.9928],[107.08835,-5.99545],[107.08462,-6.00228],[107.09204,-6.00576],[107.09356,-6.01428],[107.09966,-6.01446],[107.10158,-6.01624],[107.09501,-6.02205],[107.09429,-6.02774],[107.09609,-6.02793],[107.0993,-6.02504],[107.10513,-6.02878],[107.11132,-6.0289],[107.1133,-6.03884],[107.11912,-6.03959],[107.12168,-6.04708],[107.12653,-6.04611],[107.12782,-6.04739],[107.12436,-6.05089],[107.12659,-6.05432],[107.12851,-6.05461],[107.13616,-6.04964],[107.13685,-6.05563],[107.13271,-6.05573],[107.1307,-6.06215],[107.13352,-6.06358],[107.13573,-6.06285],[107.13835,-6.05793],[107.14054,-6.05717],[107.14041,-6.06362],[107.14359,-6.0713],[107.15157,-6.07283],[107.15682,-6.06793],[107.15964,-6.06767],[107.1719,-6.07593],[107.17702,-6.08172],[107.18215,-6.07729],[107.18568,-6.07656],[107.18806,-6.07901],[107.18704,-6.08632],[107.18913,-6.08925],[107.20256,-6.09354],[107.21173,-6.09968],[107.22163,-6.10386],[107.23014,-6.10263],[107.23749,-6.10437],[107.24335,-6.10096],[107.2468,-6.10109],[107.24815,-6.10369],[107.2485,-6.1161],[107.25147,-6.11617],[107.26245,-6.11102],[107.26533,-6.11134],[107.26939,-6.11556],[107.27063,-6.12968],[107.27282,-6.13053],[107.27789,-6.12703],[107.28119,-6.1276],[107.27947,-6.13337],[107.28342,-6.13537],[107.28392,-6.13725],[107.28104,-6.14483],[107.28242,-6.14804],[107.28577,-6.1487],[107.28896,-6.14192],[107.29105,-6.1405],[107.29266,-6.14143],[107.28921,-6.1493],[107.28845,-6.15632],[107.2812,-6.15733],[107.27859,-6.16202],[107.27937,-6.17109],[107.28597,-6.17532],[107.2862,-6.18389],[107.29214,-6.19015],[107.29083,-6.20061],[107.29598,-6.20132],[107.29662,-6.20295],[107.29397,-6.20662],[107.29308,-6.21417],[107.29104,-6.21698],[107.27863,-6.21537],[107.27222,-6.21688],[107.27495,-6.22248],[107.28072,-6.22344],[107.28368,-6.22588],[107.28209,-6.22892],[107.27442,-6.23357],[107.26913,-6.23199],[107.27451,-6.24121],[107.27784,-6.2536],[107.27341,-6.25837],[107.27602,-6.26312],[107.27615,-6.26705],[107.26609,-6.27442],[107.26526,-6.27845],[107.26795,-6.2807],[107.26711,-6.28461],[107.26326,-6.28009],[107.26189,-6.28195],[107.2643,-6.28603],[107.26113,-6.28611],[107.25505,-6.29055],[107.25499,-6.29483],[107.24867,-6.2933],[107.24776,-6.29829],[107.24571,-6.29963],[107.24201,-6.29667],[107.23645,-6.29667],[107.23932,-6.30371],[107.2385,-6.30609],[107.2355,-6.3071],[107.23507,-6.30066],[107.23314,-6.29901],[107.23302,-6.30373],[107.22943,-6.3022],[107.22381,-6.3061],[107.22417,-6.30779],[107.2276,-6.30934],[107.22461,-6.31021],[107.22394,-6.31634],[107.22178,-6.31659],[107.21992,-6.31315],[107.2174,-6.31515],[107.21861,-6.31825],[107.22312,-6.31838],[107.22474,-6.32056],[107.21861,-6.32139],[107.21914,-6.32595],[107.21472,-6.32996],[107.2187,-6.33113],[107.22055,-6.33449],[107.22364,-6.3354],[107.2266,-6.34916],[107.22298,-6.35189],[107.21499,-6.34989],[107.21308,-6.35671],[107.21531,-6.36182],[107.21325,-6.36381],[107.21067,-6.3613],[107.2075,-6.36153],[107.21037,-6.36589],[107.20551,-6.36925],[107.2048,-6.37567],[107.21046,-6.37959],[107.21278,-6.37454],[107.21444,-6.37963],[107.21907,-6.38064],[107.21871,-6.38344],[107.22122,-6.38424],[107.21987,-6.39625],[107.22212,-6.40039],[107.22141,-6.40806],[107.21297,-6.40922],[107.21218,-6.41723],[107.20196,-6.41395],[107.20543,-6.42165],[107.20348,-6.42352],[107.20013,-6.42203],[107.19621,-6.42299],[107.19767,-6.42495],[107.20407,-6.4267],[107.20668,-6.43489],[107.202,-6.43609],[107.20704,-6.44106],[107.21177,-6.44961],[107.21107,-6.45245],[107.20789,-6.44928],[107.20538,-6.45193],[107.21233,-6.45475],[107.21529,-6.45802],[107.21687,-6.46136],[107.21488,-6.46444],[107.20856,-6.4682],[107.20047,-6.46069],[107.19894,-6.46062],[107.19875,-6.46368],[107.19605,-6.46091],[107.19511,-6.46383],[107.18959,-6.46389],[107.18896,-6.47008],[107.18507,-6.4715],[107.18573,-6.46722],[107.18166,-6.46845],[107.18282,-6.47348],[107.17874,-6.47368],[107.18114,-6.47498],[107.18076,-6.47812],[107.17149,-6.48052],[107.17145,-6.48175],[107.17326,-6.48309],[107.17395,-6.48583],[107.1617,-6.48078],[107.16197,-6.47925],[107.15416,-6.47481],[107.14671,-6.47171],[107.14616,-6.47287],[107.14084,-6.47165],[107.13225,-6.46362],[107.13291,-6.46858],[107.13143,-6.46808],[107.12928,-6.47001],[107.13093,-6.47105],[107.12913,-6.47176],[107.11996,-6.46817],[107.11871,-6.46547],[107.1135,-6.46463],[107.10661,-6.45957],[107.10525,-6.45679],[107.09049,-6.45047],[107.08953,-6.44871],[107.08548,-6.4485],[107.07914,-6.44247],[107.06388,-6.43424],[107.06121,-6.43394],[107.0576,-6.43668],[107.05527,-6.43563],[107.05943,-6.43357],[107.05781,-6.42963],[107.05455,-6.4293],[107.05892,-6.42673],[107.05716,-6.4242],[107.05841,-6.42307],[107.05669,-6.42235],[107.05642,-6.41762],[107.05455,-6.4194],[107.05516,-6.42072],[107.05121,-6.41723],[107.05221,-6.41535],[107.05549,-6.41659],[107.05765,-6.4156],[107.05438,-6.41265],[107.05833,-6.41052],[107.05683,-6.40707],[107.05438,-6.4068],[107.05447,-6.40512],[107.05897,-6.40305],[107.0588,-6.40077],[107.06127,-6.4015],[107.06249,-6.39908],[107.05514,-6.39719],[107.05173,-6.39441]]]}},{"type":"Feature","properties":{"n":"Temanggung","p":"Jawa Tengah"},"geometry":{"type":"Polygon","coordinates":[[[110.05372,-7.36262],[110.03498,-7.34627],[110.03158,-7.34805],[110.02861,-7.34453],[110.02989,-7.34272],[110.02264,-7.33438],[110.01852,-7.32435],[110.01897,-7.32201],[110.00784,-7.31463],[110.00405,-7.30685],[109.99632,-7.30096],[109.9901,-7.28085],[109.99022,-7.26918],[109.99487,-7.26311],[109.99439,-7.26033],[109.98841,-7.25672],[109.98739,-7.25187],[109.97346,-7.24377],[109.97027,-7.23854],[109.96724,-7.23789],[109.96069,-7.22985],[109.95656,-7.22768],[109.95447,-7.21672],[109.9495,-7.21476],[109.94799,-7.20915],[109.94044,-7.20784],[109.93903,-7.20373],[109.9355,-7.20176],[109.94039,-7.19835],[109.94856,-7.19531],[109.95633,-7.19479],[109.97031,-7.18797],[109.97298,-7.18438],[109.98188,-7.17991],[109.98518,-7.17371],[109.99342,-7.17152],[109.99906,-7.16323],[110.00763,-7.16064],[110.01009,-7.15792],[110.00999,-7.15491],[110.0127,-7.15458],[110.01308,-7.1522],[110.01368,-7.15328],[110.016,-7.15198],[110.01601,-7.14959],[110.01823,-7.14856],[110.01964,-7.15024],[110.02201,-7.14797],[110.02423,-7.14897],[110.0276,-7.14647],[110.02642,-7.14541],[110.02747,-7.14398],[110.02964,-7.14406],[110.03223,-7.13922],[110.03358,-7.14076],[110.03438,-7.13876],[110.03659,-7.13882],[110.03808,-7.13481],[110.04097,-7.13473],[110.04099,-7.13285],[110.04427,-7.1315],[110.04312,-7.13056],[110.04404,-7.12962],[110.04597,-7.13025],[110.04713,-7.12794],[110.04875,-7.12818],[110.04863,-7.12598],[110.05051,-7.12736],[110.04996,-7.12436],[110.05473,-7.12373],[110.0555,-7.12119],[110.05782,-7.12136],[110.05984,-7.11893],[110.06724,-7.11999],[110.06891,-7.12152],[110.07659,-7.1209],[110.08463,-7.11451],[110.0837,-7.11311],[110.08576,-7.10925],[110.08848,-7.11039],[110.09066,-7.10726],[110.0945,-7.10722],[110.09503,-7.10467],[110.09727,-7.10459],[110.09694,-7.10343],[110.10194,-7.09986],[110.11163,-7.09765],[110.11376,-7.095],[110.11767,-7.09542],[110.12017,-7.09313],[110.12511,-7.0955],[110.12527,-7.09746],[110.12798,-7.09786],[110.13009,-7.09607],[110.13254,-7.09938],[110.13309,-7.09736],[110.13819,-7.09673],[110.13928,-7.09849],[110.14295,-7.0974],[110.14481,-7.10045],[110.15249,-7.0986],[110.15492,-7.10005],[110.15733,-7.09884],[110.16175,-7.09989],[110.1648,-7.09915],[110.16505,-7.09779],[110.16333,-7.09727],[110.16524,-7.09607],[110.16734,-7.09971],[110.17022,-7.09739],[110.17538,-7.10105],[110.174,-7.09849],[110.17666,-7.09398],[110.17558,-7.08983],[110.17728,-7.08213],[110.18276,-7.07941],[110.18329,-7.0775],[110.18683,-7.08106],[110.1926,-7.08008],[110.19331,-7.08138],[110.19097,-7.08539],[110.19321,-7.08891],[110.19057,-7.09223],[110.19353,-7.09558],[110.18784,-7.10203],[110.191,-7.10136],[110.19098,-7.10498],[110.19344,-7.10572],[110.18962,-7.10799],[110.17986,-7.11013],[110.17579,-7.1093],[110.17406,-7.11151],[110.16551,-7.11307],[110.16123,-7.11666],[110.15923,-7.12607],[110.15372,-7.12785],[110.15068,-7.12578],[110.14822,-7.12674],[110.14496,-7.12527],[110.14427,-7.13098],[110.1421,-7.12838],[110.14207,-7.13156],[110.13852,-7.13366],[110.14043,-7.13809],[110.14413,-7.13679],[110.14586,-7.13805],[110.14513,-7.14146],[110.14671,-7.14403],[110.15126,-7.14207],[110.16285,-7.14637],[110.17088,-7.14646],[110.177,-7.14971],[110.17795,-7.15323],[110.18492,-7.15165],[110.19282,-7.1651],[110.19125,-7.16926],[110.19254,-7.17248],[110.20142,-7.17662],[110.20671,-7.18108],[110.21135,-7.18171],[110.21352,-7.18563],[110.22105,-7.18408],[110.22983,-7.18758],[110.23998,-7.18782],[110.24555,-7.18439],[110.24903,-7.18785],[110.25219,-7.18826],[110.25236,-7.19045],[110.25675,-7.19425],[110.25456,-7.19828],[110.25012,-7.20139],[110.24832,-7.20752],[110.25089,-7.21132],[110.25321,-7.21137],[110.25376,-7.21851],[110.25834,-7.22152],[110.26362,-7.22217],[110.26479,-7.23361],[110.27294,-7.23701],[110.26958,-7.25339],[110.27479,-7.25187],[110.28088,-7.25376],[110.28409,-7.25807],[110.28311,-7.26227],[110.28962,-7.26039],[110.29065,-7.26537],[110.29441,-7.27158],[110.30774,-7.27531],[110.30893,-7.27822],[110.31655,-7.28068],[110.31813,-7.28581],[110.32359,-7.28892],[110.32734,-7.29571],[110.33283,-7.2963],[110.32678,-7.30507],[110.32018,-7.30384],[110.31578,-7.30606],[110.31408,-7.30985],[110.31733,-7.31223],[110.32198,-7.3101],[110.32311,-7.31222],[110.32745,-7.31411],[110.32543,-7.3277],[110.31877,-7.33161],[110.31783,-7.3375],[110.32316,-7.34057],[110.32248,-7.34436],[110.31408,-7.35419],[110.30388,-7.35619],[110.29795,-7.36026],[110.29567,-7.35933],[110.28135,-7.36674],[110.27987,-7.36954],[110.27505,-7.3712],[110.27469,-7.37296],[110.27016,-7.37553],[110.26862,-7.38075],[110.26657,-7.38193],[110.2611,-7.38012],[110.25733,-7.38034],[110.25488,-7.38223],[110.25252,-7.37039],[110.23506,-7.3727],[110.23284,-7.38337],[110.22846,-7.38343],[110.22907,-7.38459],[110.22614,-7.38596],[110.22425,-7.38217],[110.22248,-7.38217],[110.22456,-7.38678],[110.22381,-7.39294],[110.21611,-7.39596],[110.21453,-7.40396],[110.21217,-7.3984],[110.21408,-7.39046],[110.20967,-7.39119],[110.20624,-7.3873],[110.19543,-7.38094],[110.19078,-7.38421],[110.19264,-7.38582],[110.19061,-7.38546],[110.18877,-7.38809],[110.18614,-7.38577],[110.17446,-7.3819],[110.15942,-7.38674],[110.14511,-7.38462],[110.13789,-7.38805],[110.13322,-7.38846],[110.12371,-7.38347],[110.10498,-7.38588],[110.09035,-7.385],[110.07813,-7.38206],[110.07232,-7.38551],[110.06945,-7.38263],[110.07166,-7.37855],[110.05781,-7.36921],[110.05372,-7.36262]]]}},{"type":"Feature","properties":{"n":"Sleman","p":"Daerah Istimewa Yogyakarta"},"geometry":{"type":"Polygon","coordinates":[[[110.33028,-7.80138],[110.33222,-7.80323],[110.33005,-7.80481],[110.3306,-7.80656],[110.32885,-7.80491],[110.32358,-7.80554],[110.3209,-7.80392],[110.31914,-7.80711],[110.31604,-7.80517],[110.31503,-7.81679],[110.31351,-7.81889],[110.31673,-7.82017],[110.31658,-7.82372],[110.31155,-7.82251],[110.31149,-7.81804],[110.30935,-7.8187],[110.30677,-7.82279],[110.30636,-7.82888],[110.30245,-7.82612],[110.3022,-7.8278],[110.2974,-7.82754],[110.30016,-7.82899],[110.29849,-7.83258],[110.29512,-7.8321],[110.29242,-7.83523],[110.28615,-7.83289],[110.28897,-7.82364],[110.2856,-7.81835],[110.28253,-7.81729],[110.28035,-7.81849],[110.28317,-7.81184],[110.2815,-7.80678],[110.28627,-7.80426],[110.28642,-7.80065],[110.2907,-7.79313],[110.28776,-7.79189],[110.28686,-7.79381],[110.28573,-7.79238],[110.28877,-7.79054],[110.28887,-7.78898],[110.28629,-7.78787],[110.28869,-7.78552],[110.28671,-7.78459],[110.28316,-7.78671],[110.28252,-7.7852],[110.27901,-7.7856],[110.27504,-7.79321],[110.2703,-7.79326],[110.26795,-7.79565],[110.26502,-7.79402],[110.25638,-7.80092],[110.25708,-7.79761],[110.2536,-7.7965],[110.25187,-7.80265],[110.24789,-7.80414],[110.24735,-7.80606],[110.24483,-7.80476],[110.24163,-7.80682],[110.2402,-7.80621],[110.23344,-7.8152],[110.23194,-7.80955],[110.22835,-7.8059],[110.23614,-7.79821],[110.23271,-7.79054],[110.22917,-7.78899],[110.22753,-7.78433],[110.22021,-7.77698],[110.22237,-7.76747],[110.22191,-7.76477],[110.21951,-7.76301],[110.22195,-7.75997],[110.2186,-7.75827],[110.21999,-7.75495],[110.21765,-7.75211],[110.21938,-7.74867],[110.21591,-7.74176],[110.21676,-7.73744],[110.22141,-7.73426],[110.2249,-7.72335],[110.23178,-7.72252],[110.23246,-7.71345],[110.23775,-7.71327],[110.24438,-7.71007],[110.25367,-7.70826],[110.25739,-7.70556],[110.26288,-7.70537],[110.26765,-7.70719],[110.27217,-7.70636],[110.27385,-7.70067],[110.28064,-7.69266],[110.2821,-7.68827],[110.28558,-7.68618],[110.28638,-7.68004],[110.30099,-7.66124],[110.30285,-7.65578],[110.32204,-7.6453],[110.3241,-7.64177],[110.33209,-7.63701],[110.33823,-7.62912],[110.34764,-7.62591],[110.36198,-7.61779],[110.3733,-7.60886],[110.37717,-7.60383],[110.38579,-7.59909],[110.3974,-7.58754],[110.40572,-7.57277],[110.41399,-7.57169],[110.4315,-7.55662],[110.44522,-7.54116],[110.45501,-7.5548],[110.45549,-7.55756],[110.4527,-7.56391],[110.46044,-7.58825],[110.46322,-7.60467],[110.46848,-7.61741],[110.46847,-7.63705],[110.49178,-7.74193],[110.49177,-7.76677],[110.50952,-7.7693],[110.515,-7.77892],[110.52327,-7.78106],[110.52248,-7.78279],[110.52411,-7.78627],[110.5303,-7.79147],[110.53047,-7.79796],[110.53645,-7.79388],[110.5377,-7.79459],[110.53645,-7.79681],[110.53942,-7.79768],[110.5406,-7.79423],[110.54297,-7.79419],[110.54358,-7.79256],[110.54478,-7.79719],[110.54669,-7.79846],[110.54466,-7.80735],[110.54657,-7.80975],[110.54524,-7.81099],[110.54407,-7.82061],[110.54054,-7.82398],[110.53475,-7.82249],[110.53248,-7.82469],[110.53219,-7.82339],[110.52992,-7.8237],[110.53099,-7.82582],[110.52307,-7.82764],[110.51918,-7.83103],[110.51735,-7.83036],[110.51647,-7.82723],[110.50518,-7.82345],[110.4932,-7.82312],[110.48693,-7.82125],[110.48598,-7.82244],[110.48628,-7.82116],[110.48432,-7.82155],[110.48549,-7.81833],[110.48142,-7.81738],[110.47948,-7.82479],[110.47702,-7.82403],[110.47584,-7.8254],[110.47605,-7.82377],[110.47284,-7.82314],[110.46771,-7.82811],[110.46736,-7.82513],[110.46428,-7.82201],[110.4617,-7.82174],[110.46209,-7.82343],[110.46082,-7.82463],[110.46053,-7.82127],[110.4543,-7.82225],[110.45396,-7.82039],[110.45264,-7.82462],[110.44487,-7.82246],[110.44349,-7.82601],[110.44427,-7.82834],[110.44049,-7.82768],[110.44056,-7.82935],[110.43712,-7.82816],[110.43414,-7.83662],[110.43,-7.8359],[110.43068,-7.8304],[110.42704,-7.82906],[110.42843,-7.82312],[110.42157,-7.8223],[110.42318,-7.81848],[110.42106,-7.81669],[110.42292,-7.79631],[110.4204,-7.79159],[110.42158,-7.79066],[110.42102,-7.78631],[110.41659,-7.78665],[110.41635,-7.78319],[110.41287,-7.78316],[110.41285,-7.78695],[110.41087,-7.78713],[110.4113,-7.79025],[110.41009,-7.79023],[110.4092,-7.7864],[110.40831,-7.78894],[110.40772,-7.78876],[110.40622,-7.78486],[110.40552,-7.78736],[110.40176,-7.78707],[110.40122,-7.79166],[110.40014,-7.79135],[110.39965,-7.78553],[110.39696,-7.78621],[110.39719,-7.78848],[110.39484,-7.78868],[110.39075,-7.78039],[110.38073,-7.78025],[110.37568,-7.77651],[110.37542,-7.77469],[110.37007,-7.77537],[110.36856,-7.77036],[110.36653,-7.77169],[110.36664,-7.77036],[110.36497,-7.77023],[110.36621,-7.76954],[110.36398,-7.76827],[110.35896,-7.77125],[110.35226,-7.76647],[110.35345,-7.77188],[110.35219,-7.77197],[110.35071,-7.76772],[110.34851,-7.77009],[110.34753,-7.78186],[110.34353,-7.79187],[110.33909,-7.79226],[110.33785,-7.79783],[110.33277,-7.79808],[110.33028,-7.80138]]]}},{"type":"Feature","properties":{"n":"Lamongan","p":"Jawa Timur"},"geometry":{"type":"MultiPolygon","coordinates":[[[[112.12245,-7.37375],[112.11063,-7.382],[112.10698,-7.38143],[112.10661,-7.38377],[112.1025,-7.38317],[112.10155,-7.38464],[112.09179,-7.38377],[112.08962,-7.38159],[112.08658,-7.38235],[112.08613,-7.38442],[112.08153,-7.38255],[112.08608,-7.37593],[112.08601,-7.36938],[112.08933,-7.36849],[112.08791,-7.36337],[112.08936,-7.36153],[112.089,-7.35847],[112.08446,-7.35663],[112.08479,-7.35434],[112.0861,-7.35441],[112.085,-7.35029],[112.07983,-7.34679],[112.07666,-7.3409],[112.07674,-7.33662],[112.07256,-7.33325],[112.07484,-7.32525],[112.07832,-7.32418],[112.07713,-7.31329],[112.07973,-7.31343],[112.08406,-7.3057],[112.08581,-7.30782],[112.09003,-7.304],[112.08727,-7.30294],[112.09002,-7.29808],[112.08531,-7.2884],[112.08902,-7.28701],[112.08617,-7.28354],[112.09116,-7.28222],[112.0901,-7.27828],[112.09318,-7.27309],[112.09194,-7.27208],[112.09442,-7.26932],[112.09218,-7.26669],[112.08757,-7.26703],[112.08693,-7.26225],[112.08523,-7.26234],[112.08434,-7.25958],[112.08533,-7.25741],[112.08385,-7.25499],[112.08809,-7.25298],[112.08385,-7.25],[112.08691,-7.24715],[112.08562,-7.24458],[112.08709,-7.24434],[112.08701,-7.2424],[112.08498,-7.24236],[112.08734,-7.24171],[112.08764,-7.23897],[112.08947,-7.23888],[112.08833,-7.23768],[112.08913,-7.23065],[112.08708,-7.22966],[112.08948,-7.22939],[112.09134,-7.22559],[112.09334,-7.22482],[112.09258,-7.22307],[112.09658,-7.22839],[112.10953,-7.22236],[112.10961,-7.21893],[112.11302,-7.21707],[112.11376,-7.21311],[112.11858,-7.21192],[112.11687,-7.21006],[112.11708,-7.20693],[112.12112,-7.20563],[112.11919,-7.20431],[112.12125,-7.2027],[112.12023,-7.19873],[112.12337,-7.19296],[112.12224,-7.19141],[112.12464,-7.19037],[112.12417,-7.18579],[112.12637,-7.18338],[112.12997,-7.18368],[112.13296,-7.17534],[112.13406,-7.1757],[112.13663,-7.16486],[112.13997,-7.16275],[112.1385,-7.162],[112.13961,-7.15799],[112.15132,-7.15816],[112.1517,-7.14947],[112.15757,-7.14207],[112.16007,-7.1417],[112.16259,-7.13206],[112.16146,-7.12268],[112.16568,-7.11784],[112.16555,-7.1132],[112.16408,-7.11287],[112.16381,-7.11534],[112.15877,-7.11615],[112.15854,-7.11835],[112.1541,-7.11981],[112.1522,-7.10942],[112.15794,-7.11054],[112.16097,-7.10938],[112.16308,-7.10679],[112.1643,-7.09948],[112.16618,-7.09781],[112.17035,-7.09755],[112.17525,-7.09947],[112.17834,-7.09775],[112.18387,-7.08872],[112.17722,-7.08847],[112.17462,-7.08691],[112.17861,-7.07572],[112.18353,-7.07472],[112.18517,-7.07744],[112.18385,-7.08346],[112.18983,-7.08438],[112.20365,-7.07448],[112.21694,-7.07453],[112.21892,-7.06682],[112.21526,-7.05472],[112.21576,-7.04294],[112.22246,-7.03734],[112.20735,-7.03413],[112.20333,-7.02942],[112.20409,-7.02589],[112.21079,-7.02057],[112.21457,-7.00944],[112.21164,-7.0018],[112.21398,-6.99924],[112.20975,-6.9967],[112.21088,-6.98561],[112.20957,-6.97967],[112.21304,-6.97913],[112.20593,-6.96898],[112.20261,-6.94785],[112.203,-6.9183],[112.19882,-6.91283],[112.19496,-6.91264],[112.19377,-6.91448],[112.1868,-6.91179],[112.18375,-6.91489],[112.18324,-6.91206],[112.18036,-6.91315],[112.17898,-6.90508],[112.17535,-6.90214],[112.17214,-6.90272],[112.17102,-6.89976],[112.17038,-6.89486],[112.17128,-6.89781],[112.17244,-6.89515],[112.18139,-6.8915],[112.18499,-6.88819],[112.19096,-6.88861],[112.19674,-6.88518],[112.20155,-6.88481],[112.2005,-6.88373],[112.20447,-6.88293],[112.20417,-6.88127],[112.20442,-6.87971],[112.20492,-6.88275],[112.20642,-6.87928],[112.20595,-6.88199],[112.20856,-6.88151],[112.20798,-6.8803],[112.20865,-6.88149],[112.21421,-6.88122],[112.21632,-6.87475],[112.22102,-6.87348],[112.22293,-6.87524],[112.22387,-6.87241],[112.22587,-6.87378],[112.22923,-6.87252],[112.23006,-6.87469],[112.23512,-6.87201],[112.2442,-6.87235],[112.24534,-6.87702],[112.25053,-6.87858],[112.26754,-6.87615],[112.2654,-6.87044],[112.26706,-6.87462],[112.26986,-6.87344],[112.26781,-6.87642],[112.26982,-6.87839],[112.27859,-6.87197],[112.28674,-6.86969],[112.28619,-6.86712],[112.28704,-6.86493],[112.28838,-6.86528],[112.28717,-6.86992],[112.28847,-6.8679],[112.29305,-6.86813],[112.29377,-6.86602],[112.29683,-6.86842],[112.29423,-6.86834],[112.29374,-6.87009],[112.28831,-6.86848],[112.28776,-6.86987],[112.29285,-6.87276],[112.29425,-6.87143],[112.29829,-6.87202],[112.29629,-6.87336],[112.29854,-6.87416],[112.31333,-6.87172],[112.31461,-6.86961],[112.31569,-6.87054],[112.32017,-6.8686],[112.31949,-6.86772],[112.31907,-6.86549],[112.31967,-6.86776],[112.31977,-6.8658],[112.32008,-6.86688],[112.32913,-6.86311],[112.33039,-6.86428],[112.33113,-6.86158],[112.33341,-6.86116],[112.33339,-6.86423],[112.34272,-6.8701],[112.35232,-6.86922],[112.35798,-6.86368],[112.36008,-6.86508],[112.36052,-6.86353],[112.36203,-6.86661],[112.36511,-6.86798],[112.36854,-6.86462],[112.36629,-6.8684],[112.36914,-6.8671],[112.3685,-6.86969],[112.37107,-6.87349],[112.37393,-6.87446],[112.37724,-6.87185],[112.3755,-6.87361],[112.37624,-6.87474],[112.37731,-6.87372],[112.38059,-6.87538],[112.38217,-6.87369],[112.38254,-6.87346],[112.38291,-6.87348],[112.38081,-6.8753],[112.38217,-6.87577],[112.38593,-6.87403],[112.38548,-6.87542],[112.38638,-6.87574],[112.3873,-6.8739],[112.38805,-6.87609],[112.38816,-6.87476],[112.38888,-6.87589],[112.39834,-6.87429],[112.39864,-6.87407],[112.39812,-6.87405],[112.39776,-6.87117],[112.39781,-6.87048],[112.39821,-6.87402],[112.39941,-6.874],[112.40513,-6.86774],[112.40348,-6.87207],[112.40566,-6.87198],[112.40942,-6.86617],[112.41201,-6.86489],[112.41174,-6.86435],[112.40831,-6.86574],[112.40665,-6.86541],[112.41408,-6.86302],[112.41356,-6.86409],[112.41805,-6.86447],[112.41784,-6.86166],[112.41828,-6.86451],[112.42298,-6.86395],[112.42364,-6.86599],[112.42552,-6.86381],[112.42368,-6.86638],[112.42618,-6.86421],[112.42498,-6.86674],[112.42759,-6.86425],[112.42776,-6.86571],[112.43062,-6.86528],[112.4308,-6.86755],[112.43578,-6.8689],[112.43921,-6.87204],[112.43995,-6.87102],[112.43858,-6.87301],[112.44003,-6.87429],[112.43959,-6.87682],[112.44224,-6.87935],[112.44063,-6.8826],[112.44153,-6.88358],[112.44329,-6.87995],[112.44845,-6.88481],[112.44265,-6.89345],[112.43798,-6.89742],[112.43699,-6.90175],[112.43453,-6.90015],[112.42979,-6.90191],[112.42407,-6.91087],[112.42339,-6.91446],[112.42489,-6.91666],[112.42138,-6.9245],[112.43006,-6.93007],[112.42412,-6.94007],[112.42336,-6.9469],[112.4239,-6.94851],[112.42624,-6.94861],[112.42534,-6.95153],[112.42094,-6.95075],[112.41753,-6.95359],[112.4124,-6.95189],[112.40516,-6.96046],[112.39434,-6.95511],[112.39059,-6.95921],[112.38713,-6.95894],[112.38182,-6.95742],[112.38092,-6.95368],[112.37664,-6.95281],[112.37217,-6.96654],[112.36855,-6.97109],[112.36691,-6.98689],[112.36856,-6.98804],[112.37228,-6.98461],[112.37788,-6.98782],[112.38379,-6.98863],[112.39243,-6.98603],[112.39873,-6.99342],[112.4048,-6.9909],[112.41721,-6.99382],[112.42857,-7.00255],[112.45219,-7.00112],[112.44862,-7.013],[112.45155,-7.01553],[112.45701,-7.01481],[112.45844,-7.01031],[112.46073,-7.0084],[112.48107,-7.00288],[112.48312,-7.00373],[112.47996,-7.00804],[112.48036,-7.01066],[112.48351,-7.01128],[112.48877,-7.0073],[112.49576,-7.0086],[112.49838,-7.00985],[112.49746,-7.01723],[112.50048,-7.01562],[112.50137,-7.01085],[112.51127,-7.01253],[112.51251,-7.01429],[112.50947,-7.01986],[112.4965,-7.02489],[112.49635,-7.02752],[112.49901,-7.03128],[112.51277,-7.04015],[112.51922,-7.04706],[112.52262,-7.04573],[112.52358,-7.03897],[112.54143,-7.05343],[112.54418,-7.05315],[112.54534,-7.04749],[112.55248,-7.05053],[112.54899,-7.05223],[112.5459,-7.05695],[112.54644,-7.06654],[112.54196,-7.06623],[112.53754,-7.08102],[112.53529,-7.07908],[112.53174,-7.08203],[112.53243,-7.08431],[112.53058,-7.08956],[112.53488,-7.09259],[112.53562,-7.09614],[112.52531,-7.10148],[112.52224,-7.09957],[112.52002,-7.10301],[112.51754,-7.10392],[112.51643,-7.10276],[112.51725,-7.10747],[112.50133,-7.10681],[112.4989,-7.11533],[112.4956,-7.11993],[112.49925,-7.12425],[112.49803,-7.12557],[112.49554,-7.12514],[112.4943,-7.12297],[112.48764,-7.12878],[112.48682,-7.12606],[112.48434,-7.12838],[112.47802,-7.1247],[112.476,-7.12566],[112.47268,-7.14085],[112.47143,-7.14101],[112.47204,-7.15287],[112.47,-7.15888],[112.4774,-7.16214],[112.47867,-7.16472],[112.48014,-7.16323],[112.49275,-7.1649],[112.49632,-7.16495],[112.49843,-7.16268],[112.5059,-7.16361],[112.50371,-7.1722],[112.50739,-7.17507],[112.50385,-7.17812],[112.50447,-7.18205],[112.50166,-7.18439],[112.50303,-7.18711],[112.50152,-7.19182],[112.48665,-7.19467],[112.48333,-7.19749],[112.47902,-7.19788],[112.4746,-7.20407],[112.47073,-7.2016],[112.46736,-7.20165],[112.4661,-7.20713],[112.46398,-7.20861],[112.45879,-7.20663],[112.45566,-7.2072],[112.45524,-7.2114],[112.44985,-7.21381],[112.44627,-7.21354],[112.44273,-7.21844],[112.4371,-7.22105],[112.43478,-7.22849],[112.43294,-7.22755],[112.42805,-7.22889],[112.4254,-7.23207],[112.4191,-7.23179],[112.41849,-7.23406],[112.41419,-7.23745],[112.41602,-7.24215],[112.41408,-7.24431],[112.41323,-7.2493],[112.40541,-7.25408],[112.39689,-7.26475],[112.40603,-7.26835],[112.41241,-7.27291],[112.41087,-7.28231],[112.40873,-7.28432],[112.40711,-7.29106],[112.40956,-7.29556],[112.41163,-7.29628],[112.41022,-7.30526],[112.40338,-7.31145],[112.40074,-7.31089],[112.39554,-7.31415],[112.39391,-7.31246],[112.39195,-7.31314],[112.38884,-7.32148],[112.37201,-7.32037],[112.36972,-7.32559],[112.36705,-7.32508],[112.36273,-7.32705],[112.36271,-7.32846],[112.36243,-7.32679],[112.35855,-7.32648],[112.35737,-7.32867],[112.35884,-7.33356],[112.35326,-7.33695],[112.34894,-7.3374],[112.3458,-7.34506],[112.33536,-7.34575],[112.33314,-7.34381],[112.3289,-7.34398],[112.31681,-7.34962],[112.30778,-7.35184],[112.30627,-7.35652],[112.3085,-7.35879],[112.31352,-7.35894],[112.31496,-7.36176],[112.31278,-7.36471],[112.31405,-7.36504],[112.30632,-7.36448],[112.30565,-7.35784],[112.30227,-7.35711],[112.30011,-7.35821],[112.29788,-7.36263],[112.29336,-7.3647],[112.29202,-7.36424],[112.29303,-7.36239],[112.29625,-7.36112],[112.29483,-7.35951],[112.27546,-7.3569],[112.26419,-7.36197],[112.25067,-7.36329],[112.2346,-7.35298],[112.22726,-7.35043],[112.22183,-7.35113],[112.21136,-7.34857],[112.2073,-7.35075],[112.203,-7.34998],[112.20314,-7.35178],[112.20039,-7.35336],[112.199,-7.35219],[112.19043,-7.35349],[112.18712,-7.35218],[112.17908,-7.35636],[112.16969,-7.35718],[112.15297,-7.36658],[112.13776,-7.36793],[112.13349,-7.37108],[112.12245,-7.37375]]],[[[112.33094,-7.34611],[112.33031,-7.34709],[112.33265,-7.34839],[112.33063,-7.35079],[112.33036,-7.34793],[112.32852,-7.34686],[112.33094,-7.34611]]],[[[112.4554,-6.88392],[112.44861,-6.87934],[112.44655,-6.875],[112.44678,-6.87346],[112.44971,-6.87723],[112.45136,-6.87624],[112.45309,-6.87937],[112.45499,-6.87854],[112.45343,-6.88053],[112.4557,-6.88182],[112.4554,-6.88392]]]]}},{"type":"Feature","properties":{"n":"Kota Pasuruan","p":"Jawa Timur"},"geometry":{"type":"Polygon","coordinates":[[[112.91075,-7.67849],[112.91005,-7.67988],[112.90778,-7.67925],[112.90106,-7.6863],[112.89523,-7.68492],[112.89591,-7.68152],[112.89368,-7.67551],[112.88962,-7.67301],[112.88469,-7.67398],[112.88113,-7.67186],[112.8847,-7.67059],[112.88647,-7.66732],[112.88141,-7.66463],[112.88277,-7.66076],[112.88692,-7.66244],[112.88698,-7.66008],[112.87834,-7.65526],[112.87706,-7.65872],[112.87565,-7.6582],[112.87218,-7.66255],[112.87378,-7.6529],[112.8714,-7.65091],[112.87606,-7.63878],[112.87414,-7.63658],[112.87537,-7.63425],[112.87244,-7.63416],[112.87467,-7.62679],[112.87753,-7.62793],[112.8789,-7.63043],[112.88434,-7.63186],[112.8859,-7.62341],[112.89155,-7.62646],[112.89411,-7.62454],[112.90006,-7.62876],[112.90123,-7.62893],[112.90257,-7.62525],[112.90327,-7.62685],[112.90678,-7.62677],[112.90841,-7.62869],[112.90935,-7.62723],[112.9098,-7.62849],[112.91913,-7.62641],[112.91905,-7.62753],[112.92632,-7.63059],[112.9351,-7.63179],[112.93793,-7.62926],[112.93718,-7.62567],[112.94389,-7.6238],[112.94556,-7.61698],[112.94721,-7.61719],[112.95052,-7.62153],[112.95314,-7.6218],[112.95207,-7.63266],[112.94617,-7.63781],[112.94246,-7.64658],[112.94535,-7.64792],[112.94301,-7.65557],[112.93621,-7.65653],[112.93677,-7.65812],[112.93494,-7.6596],[112.93609,-7.66204],[112.93136,-7.66871],[112.92605,-7.66989],[112.92322,-7.67538],[112.9186,-7.67392],[112.91685,-7.67819],[112.91526,-7.67706],[112.91403,-7.6795],[112.91075,-7.67849]]]}},{"type":"Feature","properties":{"n":"Majalengka","p":"Jawa Barat"},"geometry":{"type":"Polygon","coordinates":[[[108.20963,-7.0534],[108.18614,-7.05778],[108.18258,-7.05657],[108.17062,-7.06141],[108.16719,-7.06447],[108.16256,-7.06428],[108.15615,-7.06688],[108.14673,-7.05229],[108.14575,-7.04758],[108.1394,-7.04226],[108.13917,-7.03923],[108.13631,-7.03855],[108.1433,-7.03169],[108.14515,-7.02521],[108.15222,-7.02092],[108.15339,-7.01296],[108.165,-6.99849],[108.16514,-6.99379],[108.16811,-6.98938],[108.16772,-6.98375],[108.17068,-6.97989],[108.17079,-6.96837],[108.17251,-6.96846],[108.17898,-6.96236],[108.18055,-6.9562],[108.18855,-6.95301],[108.19099,-6.9479],[108.19997,-6.94633],[108.20226,-6.94321],[108.20203,-6.94103],[108.20592,-6.94049],[108.20521,-6.93713],[108.21675,-6.93187],[108.21718,-6.92886],[108.22002,-6.9274],[108.21664,-6.92497],[108.21745,-6.91949],[108.21286,-6.91828],[108.21121,-6.91528],[108.2138,-6.91191],[108.21302,-6.90866],[108.21551,-6.90251],[108.21121,-6.90695],[108.20953,-6.90663],[108.21413,-6.88901],[108.21139,-6.8883],[108.20527,-6.89285],[108.20454,-6.89083],[108.19896,-6.88847],[108.19695,-6.8892],[108.19336,-6.88544],[108.19267,-6.88103],[108.19852,-6.87258],[108.19835,-6.8707],[108.19573,-6.86867],[108.19347,-6.86321],[108.19204,-6.86554],[108.18898,-6.86525],[108.18935,-6.86319],[108.18578,-6.8589],[108.18905,-6.85767],[108.18853,-6.85306],[108.18404,-6.85494],[108.17945,-6.85201],[108.18124,-6.84721],[108.18008,-6.84557],[108.18101,-6.84205],[108.17692,-6.83808],[108.17908,-6.83364],[108.17654,-6.8317],[108.16678,-6.8312],[108.16636,-6.83475],[108.1648,-6.83521],[108.15949,-6.82566],[108.15934,-6.81943],[108.16212,-6.81042],[108.15443,-6.80266],[108.15436,-6.79557],[108.16208,-6.79747],[108.16569,-6.79643],[108.16506,-6.78833],[108.16666,-6.78619],[108.16966,-6.78699],[108.16965,-6.78398],[108.16391,-6.7737],[108.16419,-6.76118],[108.15993,-6.75873],[108.15303,-6.7618],[108.14913,-6.75921],[108.14865,-6.75512],[108.15328,-6.75129],[108.15196,-6.74449],[108.1574,-6.74061],[108.16368,-6.72776],[108.15916,-6.72053],[108.157,-6.72284],[108.15491,-6.72009],[108.15559,-6.72199],[108.15426,-6.72101],[108.15288,-6.72305],[108.15178,-6.71839],[108.14863,-6.71869],[108.15007,-6.71668],[108.14575,-6.71748],[108.14731,-6.71552],[108.14545,-6.71191],[108.14018,-6.71053],[108.13791,-6.70722],[108.13629,-6.70799],[108.13529,-6.70669],[108.13358,-6.70897],[108.1335,-6.70697],[108.13114,-6.70684],[108.13231,-6.70529],[108.12801,-6.70647],[108.12576,-6.70384],[108.12346,-6.70728],[108.12201,-6.70352],[108.11775,-6.70636],[108.11661,-6.70427],[108.11783,-6.70146],[108.11391,-6.7015],[108.11253,-6.69838],[108.11101,-6.69862],[108.11092,-6.69418],[108.1079,-6.69173],[108.10929,-6.69052],[108.10666,-6.69004],[108.1075,-6.68759],[108.105,-6.68663],[108.10204,-6.68774],[108.09455,-6.67747],[108.09279,-6.67756],[108.09186,-6.67263],[108.08805,-6.67391],[108.08863,-6.6714],[108.08467,-6.67229],[108.08391,-6.66954],[108.07976,-6.66987],[108.07959,-6.66641],[108.07667,-6.66748],[108.07139,-6.66344],[108.06831,-6.66538],[108.06675,-6.65858],[108.0697,-6.65798],[108.06994,-6.65706],[108.06606,-6.65572],[108.0659,-6.65736],[108.06298,-6.65818],[108.06016,-6.65281],[108.05835,-6.65546],[108.05422,-6.65216],[108.05478,-6.64827],[108.0517,-6.64621],[108.05281,-6.64234],[108.05048,-6.63818],[108.04507,-6.63781],[108.04312,-6.6391],[108.04222,-6.63712],[108.04579,-6.63382],[108.04413,-6.63121],[108.04789,-6.63298],[108.04784,-6.62985],[108.04606,-6.62921],[108.04958,-6.62813],[108.05051,-6.6261],[108.05233,-6.62687],[108.0491,-6.62336],[108.05193,-6.62366],[108.05511,-6.62109],[108.05833,-6.6225],[108.05727,-6.6188],[108.05946,-6.6201],[108.06277,-6.61651],[108.06429,-6.61732],[108.0649,-6.61472],[108.06687,-6.61654],[108.06783,-6.61294],[108.0709,-6.61414],[108.07124,-6.60941],[108.06894,-6.6085],[108.0699,-6.60335],[108.07259,-6.60219],[108.06918,-6.60142],[108.07166,-6.60095],[108.06989,-6.5992],[108.07286,-6.59915],[108.07433,-6.59653],[108.07218,-6.59473],[108.07358,-6.58955],[108.07103,-6.58821],[108.07438,-6.58902],[108.07447,-6.58359],[108.07658,-6.58245],[108.07384,-6.58155],[108.0755,-6.58007],[108.07327,-6.57947],[108.07498,-6.5767],[108.07345,-6.57518],[108.07787,-6.57692],[108.07803,-6.57476],[108.081,-6.57342],[108.08271,-6.57433],[108.08368,-6.57218],[108.08575,-6.57291],[108.08863,-6.56868],[108.09177,-6.56811],[108.09388,-6.56279],[108.09557,-6.56382],[108.09779,-6.56227],[108.09721,-6.56483],[108.09933,-6.56217],[108.10015,-6.56357],[108.10293,-6.56152],[108.10479,-6.56207],[108.10748,-6.55873],[108.10645,-6.55549],[108.11253,-6.55196],[108.11333,-6.55403],[108.11615,-6.55309],[108.11552,-6.55028],[108.11763,-6.55073],[108.1183,-6.54876],[108.11709,-6.54566],[108.11996,-6.54479],[108.11804,-6.54301],[108.1206,-6.541],[108.12149,-6.54256],[108.12315,-6.54086],[108.12223,-6.54325],[108.12781,-6.5445],[108.12811,-6.54924],[108.13223,-6.55496],[108.13182,-6.5576],[108.12799,-6.56111],[108.12787,-6.56577],[108.142,-6.56519],[108.14175,-6.57133],[108.14349,-6.57272],[108.14208,-6.57451],[108.144,-6.57449],[108.14333,-6.57657],[108.14564,-6.577],[108.14575,-6.57832],[108.14767,-6.578],[108.14431,-6.58764],[108.14648,-6.59265],[108.14585,-6.60039],[108.14831,-6.60314],[108.14846,-6.60628],[108.16221,-6.61445],[108.16503,-6.61265],[108.1659,-6.60871],[108.16753,-6.60872],[108.1726,-6.60324],[108.17558,-6.60427],[108.18006,-6.60929],[108.18774,-6.60982],[108.18969,-6.60828],[108.19072,-6.60115],[108.19764,-6.59353],[108.19998,-6.58509],[108.2074,-6.57337],[108.22372,-6.57334],[108.23288,-6.57789],[108.2378,-6.58247],[108.25027,-6.58286],[108.25187,-6.58719],[108.26368,-6.5874],[108.27628,-6.59149],[108.27447,-6.59479],[108.27542,-6.59803],[108.273,-6.60407],[108.27317,-6.61044],[108.28085,-6.62063],[108.28867,-6.62228],[108.29251,-6.62089],[108.29391,-6.61535],[108.28763,-6.61528],[108.28551,-6.61168],[108.28703,-6.60923],[108.29383,-6.60848],[108.30203,-6.62048],[108.30379,-6.61854],[108.30511,-6.61958],[108.30442,-6.62325],[108.30858,-6.6239],[108.31146,-6.62073],[108.31544,-6.60785],[108.31963,-6.61304],[108.32272,-6.6206],[108.345,-6.62358],[108.34625,-6.62626],[108.34455,-6.63594],[108.34718,-6.63883],[108.34406,-6.64747],[108.34336,-6.65473],[108.33976,-6.66004],[108.34,-6.66533],[108.3366,-6.6715],[108.33789,-6.67377],[108.35282,-6.67934],[108.3553,-6.68475],[108.3596,-6.68767],[108.3621,-6.69342],[108.3681,-6.69917],[108.36886,-6.70223],[108.36806,-6.70378],[108.36505,-6.70383],[108.36545,-6.70674],[108.36361,-6.7098],[108.36002,-6.71059],[108.35833,-6.71364],[108.35902,-6.71534],[108.36082,-6.7149],[108.36171,-6.71774],[108.3595,-6.72066],[108.36466,-6.72454],[108.36625,-6.72929],[108.37022,-6.73317],[108.36863,-6.73657],[108.3599,-6.74232],[108.35876,-6.75074],[108.36504,-6.7594],[108.37347,-6.75939],[108.38445,-6.76517],[108.38661,-6.76368],[108.38902,-6.7675],[108.399,-6.77362],[108.40082,-6.77888],[108.3922,-6.78896],[108.39656,-6.79106],[108.39825,-6.79586],[108.39792,-6.79903],[108.39655,-6.79935],[108.39746,-6.8031],[108.39471,-6.80536],[108.39914,-6.81894],[108.39719,-6.82346],[108.39832,-6.82998],[108.40384,-6.83417],[108.40121,-6.8546],[108.40686,-6.86846],[108.40765,-6.89249],[108.4024,-6.91412],[108.40133,-6.93528],[108.38945,-6.94603],[108.38566,-6.95274],[108.385,-6.96156],[108.38652,-6.96369],[108.3839,-6.96868],[108.38582,-6.97635],[108.3834,-6.98499],[108.38314,-7.00665],[108.38383,-7.01127],[108.39351,-7.02756],[108.39282,-7.03089],[108.39396,-7.03186],[108.38318,-7.04138],[108.38333,-7.04264],[108.39057,-7.04265],[108.38902,-7.04597],[108.39019,-7.05021],[108.38917,-7.05149],[108.39314,-7.05709],[108.39064,-7.06091],[108.39133,-7.06311],[108.38567,-7.07029],[108.38575,-7.07361],[108.38215,-7.072],[108.38057,-7.06664],[108.37757,-7.06646],[108.37679,-7.06286],[108.37208,-7.06149],[108.37015,-7.0593],[108.36674,-7.05948],[108.36203,-7.05375],[108.35583,-7.05158],[108.34936,-7.05403],[108.34525,-7.06267],[108.34471,-7.06721],[108.34236,-7.06996],[108.33758,-7.0656],[108.31455,-7.05658],[108.30378,-7.06239],[108.29563,-7.05846],[108.27286,-7.06499],[108.25796,-7.06459],[108.24501,-7.06662],[108.23234,-7.06271],[108.23104,-7.05689],[108.2278,-7.0546],[108.22205,-7.05477],[108.21521,-7.05803],[108.20963,-7.0534]]]}},{"type":"Feature","properties":{"n":"Pasuruan","p":"Jawa Timur"},"geometry":{"type":"Polygon","coordinates":[[[112.721,-7.81893],[112.71583,-7.82095],[112.71144,-7.81899],[112.71111,-7.82392],[112.70622,-7.82213],[112.70742,-7.81825],[112.70472,-7.81707],[112.69829,-7.81672],[112.69561,-7.8144],[112.68089,-7.8117],[112.66947,-7.80684],[112.66143,-7.80593],[112.65661,-7.80064],[112.65367,-7.80062],[112.6542,-7.79697],[112.64202,-7.79504],[112.63639,-7.79782],[112.63245,-7.7976],[112.63139,-7.79364],[112.62843,-7.79147],[112.61976,-7.78977],[112.6152,-7.78692],[112.60853,-7.77586],[112.60188,-7.76915],[112.59276,-7.76476],[112.58985,-7.7652],[112.58771,-7.76248],[112.58756,-7.75355],[112.58199,-7.75146],[112.57781,-7.73708],[112.57481,-7.73252],[112.58565,-7.72069],[112.58933,-7.71393],[112.58926,-7.70986],[112.59338,-7.7014],[112.59754,-7.69793],[112.59819,-7.69438],[112.60207,-7.68997],[112.60893,-7.68711],[112.61441,-7.68168],[112.62359,-7.66681],[112.62217,-7.66137],[112.62782,-7.65291],[112.62579,-7.649],[112.62871,-7.64322],[112.6269,-7.63699],[112.62258,-7.633],[112.62034,-7.62278],[112.62077,-7.61522],[112.62772,-7.61717],[112.6306,-7.61654],[112.65214,-7.59785],[112.65593,-7.5855],[112.65428,-7.58089],[112.65712,-7.5681],[112.66078,-7.56654],[112.66311,-7.56019],[112.66632,-7.5601],[112.66611,-7.56115],[112.67025,-7.5625],[112.67083,-7.55934],[112.67414,-7.55861],[112.67658,-7.55274],[112.67361,-7.55175],[112.67405,-7.55037],[112.68396,-7.54665],[112.68562,-7.54839],[112.68518,-7.5507],[112.6892,-7.55167],[112.69099,-7.54628],[112.7057,-7.54504],[112.71001,-7.54861],[112.71189,-7.55737],[112.71922,-7.56101],[112.72443,-7.56929],[112.73492,-7.57086],[112.73901,-7.57323],[112.74763,-7.57187],[112.75305,-7.5752],[112.75643,-7.57324],[112.77094,-7.5748],[112.76926,-7.573],[112.76996,-7.5714],[112.77406,-7.57147],[112.78318,-7.56307],[112.79049,-7.56443],[112.79625,-7.56044],[112.79826,-7.56119],[112.79846,-7.55831],[112.79983,-7.56186],[112.80144,-7.56205],[112.80236,-7.55905],[112.80508,-7.55911],[112.80514,-7.55611],[112.80684,-7.555],[112.81164,-7.55459],[112.8129,-7.55867],[112.81673,-7.55887],[112.83203,-7.55237],[112.83579,-7.55434],[112.83486,-7.55847],[112.83752,-7.5682],[112.84511,-7.57743],[112.85395,-7.57454],[112.85872,-7.57477],[112.85907,-7.57309],[112.86196,-7.57434],[112.86211,-7.57244],[112.86506,-7.57346],[112.8696,-7.57163],[112.86853,-7.57691],[112.87553,-7.58447],[112.8785,-7.59607],[112.88832,-7.61597],[112.90261,-7.62507],[112.90123,-7.62893],[112.89411,-7.62454],[112.89155,-7.62646],[112.8859,-7.62341],[112.88434,-7.63186],[112.8789,-7.63043],[112.87753,-7.62793],[112.87467,-7.62679],[112.87244,-7.63393],[112.87537,-7.63425],[112.87414,-7.63658],[112.87606,-7.63878],[112.8714,-7.65091],[112.87378,-7.6529],[112.87218,-7.66255],[112.87565,-7.6582],[112.87706,-7.65872],[112.87834,-7.65526],[112.88698,-7.66008],[112.88692,-7.66244],[112.88277,-7.66076],[112.88141,-7.66463],[112.88647,-7.66732],[112.8847,-7.67059],[112.88113,-7.67186],[112.88469,-7.67398],[112.88962,-7.67301],[112.89368,-7.67551],[112.89591,-7.68152],[112.89523,-7.68492],[112.90106,-7.6863],[112.90778,-7.67925],[112.91403,-7.6795],[112.91526,-7.67706],[112.91685,-7.67819],[112.9186,-7.67392],[112.92256,-7.67576],[112.92608,-7.66987],[112.93136,-7.66871],[112.93637,-7.66146],[112.93494,-7.6596],[112.93677,-7.65812],[112.93621,-7.65653],[112.94265,-7.65605],[112.94311,-7.65284],[112.94504,-7.65186],[112.94531,-7.64764],[112.94246,-7.64658],[112.94617,-7.63781],[112.9519,-7.63328],[112.95314,-7.6218],[112.95436,-7.62114],[112.95825,-7.62263],[112.95997,-7.63195],[112.96941,-7.64555],[112.96837,-7.64683],[112.97636,-7.65334],[112.98474,-7.65637],[112.98835,-7.6572],[112.99028,-7.65554],[112.99083,-7.65737],[112.99272,-7.65755],[112.99865,-7.65496],[113.01714,-7.65152],[113.02106,-7.64872],[113.02297,-7.64909],[113.02205,-7.64429],[113.0267,-7.64451],[113.02692,-7.64118],[113.028,-7.64126],[113.02867,-7.64866],[113.05005,-7.65745],[113.06337,-7.66901],[113.07877,-7.69349],[113.08186,-7.69689],[113.08476,-7.69684],[113.08482,-7.70049],[113.08683,-7.70024],[113.08767,-7.7033],[113.09171,-7.70253],[113.09565,-7.70407],[113.10021,-7.70194],[113.09329,-7.708],[113.08812,-7.70742],[113.08642,-7.70999],[113.08503,-7.70976],[113.08258,-7.71453],[113.08094,-7.71466],[113.07843,-7.72137],[113.07577,-7.72106],[113.07622,-7.72326],[113.07306,-7.72496],[113.07103,-7.73318],[113.06629,-7.73791],[113.06484,-7.73747],[113.0645,-7.73957],[113.06012,-7.74181],[113.05471,-7.74815],[113.05694,-7.76206],[113.05634,-7.76492],[113.05317,-7.76705],[113.05017,-7.7759],[113.05283,-7.77951],[113.0537,-7.78528],[113.05176,-7.79063],[113.05283,-7.79607],[113.04895,-7.80408],[113.05124,-7.80607],[113.04749,-7.81176],[113.04841,-7.81685],[113.04723,-7.81997],[113.04525,-7.82026],[113.04526,-7.82228],[113.04105,-7.82455],[113.03864,-7.82812],[113.03309,-7.82994],[113.0334,-7.83139],[113.03087,-7.83355],[113.02737,-7.83388],[113.0252,-7.83826],[113.01794,-7.84393],[113.01553,-7.84829],[113.0139,-7.8483],[113.0139,-7.85025],[113.00925,-7.8527],[113.00477,-7.85902],[112.99783,-7.86386],[112.99669,-7.86623],[112.99001,-7.8696],[112.9848,-7.87894],[112.9792,-7.88072],[112.97506,-7.88623],[112.96926,-7.88774],[112.96707,-7.89497],[112.96904,-7.89838],[112.96817,-7.90054],[112.95624,-7.89926],[112.95373,-7.90036],[112.95362,-7.90305],[112.94961,-7.90535],[112.94743,-7.90879],[112.95672,-7.91723],[112.95256,-7.92879],[112.95256,-7.94545],[112.94983,-7.94534],[112.94495,-7.94948],[112.94089,-7.94858],[112.93831,-7.94965],[112.93467,-7.95623],[112.92058,-7.95471],[112.91539,-7.95135],[112.91285,-7.95673],[112.91083,-7.95414],[112.90646,-7.95271],[112.90392,-7.94698],[112.89736,-7.94678],[112.88498,-7.95235],[112.88084,-7.94721],[112.87368,-7.94547],[112.86957,-7.9468],[112.85655,-7.93974],[112.8552,-7.93521],[112.85319,-7.93375],[112.84053,-7.93868],[112.82804,-7.93575],[112.82327,-7.93272],[112.82336,-7.92998],[112.8216,-7.92809],[112.8147,-7.92834],[112.80551,-7.92549],[112.8018,-7.91971],[112.79678,-7.91762],[112.79,-7.91029],[112.78816,-7.90422],[112.78367,-7.90027],[112.78498,-7.89736],[112.78005,-7.89155],[112.77724,-7.87925],[112.7806,-7.87386],[112.77586,-7.87003],[112.76571,-7.87558],[112.76198,-7.8761],[112.76096,-7.8645],[112.76229,-7.8594],[112.76001,-7.85436],[112.7497,-7.85094],[112.74937,-7.84829],[112.74604,-7.84591],[112.74431,-7.84192],[112.73904,-7.8386],[112.73765,-7.83397],[112.73914,-7.82394],[112.73308,-7.82258],[112.73279,-7.81803],[112.721,-7.81893]]]}},{"type":"Feature","properties":{"n":"Kota Tangerang","p":"Banten"},"geometry":{"type":"Polygon","coordinates":[[[106.61219,-6.21576],[106.60251,-6.21304],[106.6048,-6.20842],[106.60204,-6.2061],[106.59707,-6.20715],[106.5957,-6.20588],[106.59373,-6.21355],[106.59475,-6.21458],[106.59237,-6.21999],[106.58901,-6.22263],[106.58292,-6.22068],[106.58033,-6.21634],[106.57323,-6.21554],[106.57334,-6.21432],[106.57133,-6.21411],[106.57149,-6.2121],[106.56953,-6.21324],[106.5649,-6.21124],[106.56908,-6.20627],[106.55261,-6.19949],[106.55393,-6.19777],[106.55399,-6.19034],[106.55145,-6.19004],[106.55188,-6.18812],[106.55338,-6.18813],[106.55265,-6.18479],[106.56094,-6.18161],[106.56116,-6.18014],[106.56488,-6.17978],[106.56562,-6.17691],[106.56846,-6.17494],[106.57922,-6.17204],[106.57864,-6.17004],[106.58064,-6.16697],[106.58261,-6.1669],[106.58306,-6.16277],[106.58732,-6.16198],[106.59204,-6.15852],[106.59038,-6.14822],[106.61337,-6.14778],[106.61576,-6.14092],[106.61081,-6.13548],[106.61413,-6.13124],[106.61401,-6.1261],[106.62307,-6.12069],[106.63209,-6.12023],[106.63136,-6.11724],[106.6358,-6.10611],[106.6375,-6.10561],[106.6428,-6.10859],[106.64135,-6.12263],[106.65543,-6.11943],[106.67256,-6.11946],[106.67301,-6.11254],[106.67057,-6.11064],[106.67245,-6.10944],[106.67164,-6.10391],[106.67556,-6.10209],[106.67577,-6.09861],[106.68799,-6.09707],[106.68945,-6.10182],[106.68819,-6.1032],[106.68874,-6.10809],[106.69125,-6.10888],[106.69301,-6.10627],[106.69689,-6.11059],[106.69563,-6.11389],[106.69125,-6.11372],[106.68998,-6.12109],[106.68663,-6.12482],[106.6858,-6.12843],[106.68804,-6.15993],[106.69099,-6.16063],[106.6893,-6.16698],[106.68701,-6.16862],[106.68681,-6.17237],[106.69123,-6.17351],[106.69118,-6.17491],[106.69606,-6.17525],[106.72437,-6.18496],[106.71795,-6.18776],[106.71344,-6.19177],[106.72413,-6.19179],[106.72471,-6.19395],[106.72339,-6.19907],[106.72438,-6.20786],[106.72309,-6.21231],[106.71982,-6.21237],[106.71809,-6.22304],[106.72017,-6.22423],[106.73741,-6.22377],[106.74033,-6.22766],[106.74331,-6.22756],[106.7439,-6.2305],[106.74545,-6.23083],[106.744,-6.23649],[106.74683,-6.23639],[106.74862,-6.24072],[106.74687,-6.24481],[106.74764,-6.25111],[106.7383,-6.25099],[106.73779,-6.2524],[106.72917,-6.25295],[106.72494,-6.25255],[106.72345,-6.25088],[106.7068,-6.25082],[106.70457,-6.25241],[106.70401,-6.2561],[106.696,-6.25134],[106.69722,-6.24433],[106.69104,-6.24373],[106.6889,-6.23882],[106.6871,-6.23857],[106.68892,-6.23562],[106.6882,-6.23405],[106.69174,-6.23194],[106.68811,-6.23024],[106.66154,-6.2313],[106.63833,-6.22989],[106.63041,-6.2255],[106.62803,-6.22854],[106.62557,-6.22726],[106.61879,-6.22755],[106.6176,-6.22495],[106.61214,-6.22732],[106.61077,-6.225],[106.61373,-6.22351],[106.61385,-6.22025],[106.60929,-6.22013],[106.61219,-6.21576]]]}},{"type":"Feature","properties":{"n":"Semarang","p":"Jawa Tengah"},"geometry":{"type":"MultiPolygon","coordinates":[[[[110.43928,-7.45354],[110.43196,-7.44583],[110.42464,-7.434],[110.4242,-7.42971],[110.41434,-7.41665],[110.4137,-7.40922],[110.40533,-7.38979],[110.4053,-7.37546],[110.40245,-7.3636],[110.39081,-7.35308],[110.38509,-7.35252],[110.38154,-7.35406],[110.37931,-7.34686],[110.38036,-7.33769],[110.37879,-7.33434],[110.36146,-7.33027],[110.35393,-7.32586],[110.34321,-7.32593],[110.33724,-7.32299],[110.33582,-7.32464],[110.32655,-7.32377],[110.32731,-7.31365],[110.32311,-7.31222],[110.32198,-7.3101],[110.31733,-7.31223],[110.31408,-7.30985],[110.31578,-7.30606],[110.32018,-7.30384],[110.32678,-7.30507],[110.33283,-7.2963],[110.32734,-7.29571],[110.32359,-7.28892],[110.31813,-7.28581],[110.31655,-7.28068],[110.30893,-7.27822],[110.30774,-7.27531],[110.29441,-7.27158],[110.29065,-7.26537],[110.28962,-7.26039],[110.28311,-7.26227],[110.28409,-7.25807],[110.28088,-7.25376],[110.27479,-7.25187],[110.26958,-7.25339],[110.27294,-7.23701],[110.26479,-7.23361],[110.26362,-7.22217],[110.25834,-7.22152],[110.25376,-7.21851],[110.25321,-7.21137],[110.25089,-7.21132],[110.24832,-7.20752],[110.25012,-7.20139],[110.25456,-7.19828],[110.25675,-7.19425],[110.26881,-7.19851],[110.27606,-7.19885],[110.28095,-7.19747],[110.28176,-7.19463],[110.28486,-7.19398],[110.28497,-7.18819],[110.29672,-7.19482],[110.30543,-7.1954],[110.31153,-7.19266],[110.32093,-7.19232],[110.32851,-7.18916],[110.33888,-7.18822],[110.34833,-7.18287],[110.34943,-7.18487],[110.36116,-7.17682],[110.36639,-7.17584],[110.36375,-7.16932],[110.3556,-7.16929],[110.34901,-7.1656],[110.34772,-7.16043],[110.34382,-7.15531],[110.34423,-7.1519],[110.34913,-7.14613],[110.35332,-7.13643],[110.35318,-7.12398],[110.34891,-7.11865],[110.35005,-7.11565],[110.34887,-7.10508],[110.35237,-7.10566],[110.35298,-7.10409],[110.35539,-7.10613],[110.35798,-7.10601],[110.36305,-7.10412],[110.36469,-7.1079],[110.36838,-7.10742],[110.36893,-7.10931],[110.36982,-7.10698],[110.37134,-7.10749],[110.37367,-7.10516],[110.37303,-7.09654],[110.3749,-7.09657],[110.37616,-7.09456],[110.37615,-7.09966],[110.37948,-7.10124],[110.37627,-7.1074],[110.37696,-7.11147],[110.38092,-7.10862],[110.38326,-7.1141],[110.38523,-7.11507],[110.39003,-7.11181],[110.39528,-7.1131],[110.39603,-7.11541],[110.40201,-7.10969],[110.40335,-7.10999],[110.40316,-7.11185],[110.40801,-7.10884],[110.41586,-7.109],[110.41887,-7.10536],[110.42144,-7.10468],[110.42264,-7.09794],[110.43098,-7.09699],[110.43309,-7.0996],[110.43697,-7.0989],[110.44239,-7.0916],[110.44564,-7.09036],[110.44673,-7.09139],[110.44808,-7.08964],[110.4506,-7.09148],[110.45168,-7.08861],[110.45281,-7.08929],[110.45453,-7.08715],[110.45265,-7.08518],[110.45329,-7.0834],[110.45907,-7.07754],[110.46026,-7.07946],[110.46395,-7.0784],[110.46507,-7.08119],[110.47178,-7.08699],[110.47789,-7.08732],[110.4823,-7.0906],[110.48609,-7.09033],[110.49692,-7.09422],[110.49967,-7.09672],[110.49969,-7.10178],[110.50241,-7.10162],[110.50259,-7.10277],[110.49865,-7.10881],[110.49578,-7.10991],[110.50275,-7.11114],[110.50165,-7.11327],[110.49978,-7.1121],[110.49981,-7.11854],[110.50536,-7.12305],[110.51067,-7.12228],[110.51335,-7.12349],[110.51342,-7.12822],[110.51656,-7.1286],[110.51809,-7.12662],[110.52247,-7.1271],[110.53162,-7.13183],[110.53491,-7.13071],[110.53526,-7.12827],[110.5363,-7.12992],[110.53845,-7.12764],[110.54242,-7.12829],[110.54454,-7.13093],[110.54691,-7.13081],[110.54706,-7.13397],[110.5511,-7.13289],[110.57384,-7.15219],[110.57275,-7.1558],[110.57058,-7.15682],[110.57003,-7.16279],[110.56318,-7.15973],[110.55926,-7.16345],[110.55917,-7.16944],[110.55594,-7.16993],[110.54944,-7.16733],[110.54186,-7.17775],[110.53703,-7.17654],[110.53896,-7.18266],[110.54494,-7.18243],[110.54376,-7.18492],[110.54564,-7.18523],[110.54404,-7.18855],[110.54601,-7.19493],[110.5509,-7.19414],[110.55149,-7.19274],[110.55391,-7.19376],[110.55426,-7.19021],[110.55662,-7.19046],[110.55407,-7.18888],[110.55549,-7.18694],[110.55966,-7.19267],[110.56167,-7.19184],[110.56228,-7.18781],[110.56371,-7.19103],[110.5658,-7.18997],[110.56875,-7.19438],[110.57012,-7.19223],[110.56908,-7.1893],[110.57043,-7.18896],[110.57605,-7.19479],[110.57608,-7.1984],[110.57836,-7.19632],[110.58086,-7.20069],[110.58251,-7.19869],[110.58636,-7.1989],[110.58678,-7.19625],[110.5881,-7.19601],[110.59179,-7.20314],[110.59282,-7.20229],[110.59159,-7.19873],[110.60154,-7.19958],[110.60033,-7.19645],[110.60169,-7.19477],[110.60641,-7.19489],[110.61096,-7.19854],[110.61356,-7.19755],[110.61437,-7.19902],[110.61299,-7.1993],[110.61351,-7.20249],[110.61155,-7.20529],[110.61259,-7.20735],[110.61166,-7.21237],[110.6143,-7.21695],[110.61054,-7.22655],[110.61667,-7.22869],[110.62095,-7.22642],[110.62403,-7.22956],[110.62488,-7.24125],[110.62784,-7.24119],[110.62904,-7.24708],[110.63442,-7.25301],[110.63378,-7.25758],[110.63707,-7.2636],[110.63551,-7.26589],[110.63143,-7.26535],[110.62549,-7.26951],[110.62409,-7.28557],[110.61722,-7.28599],[110.61406,-7.28275],[110.60985,-7.28789],[110.59987,-7.29176],[110.60412,-7.29977],[110.59956,-7.30904],[110.59962,-7.31545],[110.60542,-7.31783],[110.6029,-7.31992],[110.6028,-7.32755],[110.6057,-7.32917],[110.60865,-7.33488],[110.61059,-7.33399],[110.61261,-7.33519],[110.62847,-7.32768],[110.63541,-7.32823],[110.64037,-7.32489],[110.64344,-7.32506],[110.63682,-7.33168],[110.63799,-7.33517],[110.6322,-7.33842],[110.63606,-7.34621],[110.63391,-7.34765],[110.63675,-7.35585],[110.63647,-7.36118],[110.63412,-7.36425],[110.63651,-7.36705],[110.63638,-7.37042],[110.63046,-7.37168],[110.62943,-7.3757],[110.62761,-7.37469],[110.62307,-7.38087],[110.62372,-7.38259],[110.62826,-7.38115],[110.62947,-7.38623],[110.63495,-7.3895],[110.63426,-7.39743],[110.63573,-7.40158],[110.63853,-7.40278],[110.63851,-7.4058],[110.63521,-7.41057],[110.63731,-7.41605],[110.6324,-7.41873],[110.63223,-7.42091],[110.63508,-7.42159],[110.63165,-7.42756],[110.63194,-7.44005],[110.62367,-7.44165],[110.62286,-7.44834],[110.62415,-7.44838],[110.6224,-7.44905],[110.6217,-7.45436],[110.62437,-7.4554],[110.63155,-7.4515],[110.63831,-7.45224],[110.64273,-7.44758],[110.64518,-7.44652],[110.64873,-7.44761],[110.64595,-7.45182],[110.63957,-7.45344],[110.63234,-7.45785],[110.62839,-7.46657],[110.63079,-7.46566],[110.63394,-7.46729],[110.63517,-7.47044],[110.63959,-7.47258],[110.64107,-7.47017],[110.65085,-7.47077],[110.65532,-7.47288],[110.65652,-7.47618],[110.66,-7.4781],[110.65464,-7.48323],[110.65485,-7.48682],[110.65845,-7.4879],[110.65858,-7.49181],[110.66149,-7.49667],[110.64587,-7.49265],[110.64387,-7.49634],[110.64301,-7.49398],[110.6378,-7.49419],[110.63362,-7.49024],[110.62853,-7.49206],[110.6222,-7.4916],[110.61884,-7.48844],[110.6153,-7.4898],[110.60638,-7.48794],[110.60509,-7.48985],[110.6042,-7.48885],[110.60168,-7.49041],[110.60125,-7.48595],[110.59386,-7.48276],[110.5919,-7.47537],[110.58751,-7.47392],[110.58708,-7.47075],[110.58926,-7.47139],[110.59025,-7.46973],[110.5848,-7.46888],[110.57856,-7.46385],[110.57868,-7.46232],[110.58504,-7.46284],[110.583,-7.4476],[110.58078,-7.44803],[110.58022,-7.44538],[110.57629,-7.44523],[110.57648,-7.4434],[110.5698,-7.44455],[110.5658,-7.44344],[110.5674,-7.442],[110.57252,-7.44234],[110.58261,-7.43984],[110.58266,-7.44476],[110.58582,-7.44628],[110.58484,-7.449],[110.58935,-7.44798],[110.59244,-7.44966],[110.59413,-7.45317],[110.59628,-7.45089],[110.59705,-7.44564],[110.586,-7.44237],[110.58677,-7.44046],[110.59056,-7.4403],[110.59104,-7.43868],[110.57952,-7.43445],[110.57532,-7.43015],[110.57556,-7.42553],[110.57033,-7.42694],[110.57079,-7.43721],[110.56934,-7.43714],[110.56727,-7.42665],[110.56526,-7.42715],[110.56217,-7.43325],[110.5608,-7.44365],[110.55802,-7.44964],[110.54956,-7.44705],[110.54916,-7.44416],[110.55251,-7.44118],[110.54255,-7.4379],[110.53885,-7.43406],[110.53682,-7.43561],[110.53082,-7.43354],[110.51735,-7.43973],[110.51129,-7.41977],[110.51627,-7.4159],[110.50939,-7.41404],[110.50679,-7.41179],[110.50715,-7.4064],[110.5033,-7.40697],[110.50036,-7.41238],[110.49604,-7.40979],[110.48191,-7.40732],[110.4808,-7.40246],[110.46441,-7.40893],[110.45675,-7.42281],[110.44729,-7.43336],[110.44695,-7.43729],[110.44286,-7.44461],[110.4427,-7.44965],[110.43928,-7.45354]],[[110.51771,-7.28956],[110.51783,-7.29285],[110.51473,-7.29467],[110.51305,-7.29388],[110.5104,-7.30207],[110.50692,-7.30001],[110.50233,-7.30215],[110.49845,-7.29275],[110.49683,-7.29233],[110.49712,-7.28854],[110.49372,-7.28871],[110.48896,-7.29221],[110.48562,-7.28992],[110.48652,-7.2869],[110.48505,-7.28616],[110.47626,-7.29142],[110.47371,-7.29116],[110.47279,-7.29429],[110.46781,-7.29683],[110.4669,-7.29524],[110.46628,-7.29698],[110.46927,-7.30004],[110.47324,-7.30086],[110.47333,-7.30314],[110.46962,-7.30573],[110.47589,-7.31283],[110.47511,-7.31528],[110.47259,-7.31337],[110.47411,-7.32429],[110.47177,-7.32599],[110.47197,-7.33159],[110.4702,-7.33262],[110.46908,-7.33936],[110.46929,-7.34139],[110.47123,-7.34188],[110.47031,-7.35031],[110.47573,-7.34992],[110.47329,-7.35508],[110.47717,-7.36945],[110.47565,-7.37443],[110.47849,-7.37524],[110.48219,-7.38071],[110.48886,-7.37688],[110.49059,-7.38216],[110.48871,-7.38427],[110.4915,-7.38557],[110.49241,-7.39041],[110.51488,-7.38555],[110.51494,-7.38332],[110.51129,-7.38343],[110.50906,-7.37803],[110.51509,-7.37576],[110.51425,-7.36627],[110.51561,-7.36626],[110.51544,-7.36286],[110.51969,-7.3644],[110.52416,-7.36266],[110.5282,-7.36516],[110.53191,-7.36195],[110.53412,-7.362],[110.53491,-7.35954],[110.53508,-7.35338],[110.5326,-7.35403],[110.53422,-7.35207],[110.53374,-7.34903],[110.52957,-7.35036],[110.52999,-7.34505],[110.52716,-7.34691],[110.53039,-7.34457],[110.52921,-7.3437],[110.5311,-7.34117],[110.52867,-7.3364],[110.52962,-7.33361],[110.52629,-7.32761],[110.51674,-7.32021],[110.51787,-7.30468],[110.52085,-7.30234],[110.52049,-7.29418],[110.5227,-7.292],[110.51771,-7.28956]]],[[[110.58025,-7.45216],[110.57766,-7.45341],[110.57564,-7.45309],[110.57998,-7.45069],[110.58025,-7.45216]]]]}},{"type":"Feature","properties":{"n":"Bogor","p":"Jawa Barat"},"geometry":{"type":"Polygon","coordinates":[[[106.57554,-6.71754],[106.57412,-6.7202],[106.5686,-6.72263],[106.56663,-6.72772],[106.56081,-6.73348],[106.55994,-6.73828],[106.54713,-6.75198],[106.53114,-6.75497],[106.52512,-6.75907],[106.52471,-6.76238],[106.51362,-6.7592],[106.49796,-6.75202],[106.4675,-6.75126],[106.46599,-6.75008],[106.46595,-6.7441],[106.4634,-6.7369],[106.45373,-6.73052],[106.45071,-6.72671],[106.45162,-6.71387],[106.44845,-6.70556],[106.43601,-6.69478],[106.42948,-6.68202],[106.42904,-6.67306],[106.43157,-6.65317],[106.42999,-6.64398],[106.4304,-6.62475],[106.43152,-6.62327],[106.42868,-6.61836],[106.42647,-6.60643],[106.42962,-6.59415],[106.43001,-6.58005],[106.42499,-6.56794],[106.41984,-6.56576],[106.41709,-6.56231],[106.41677,-6.55962],[106.42145,-6.55373],[106.42204,-6.54991],[106.41751,-6.54457],[106.41131,-6.53016],[106.40783,-6.52722],[106.40788,-6.52399],[106.40505,-6.52188],[106.40379,-6.51672],[106.40646,-6.49527],[106.40597,-6.48151],[106.41079,-6.47631],[106.41185,-6.46805],[106.40904,-6.46219],[106.4047,-6.45906],[106.40496,-6.45676],[106.40126,-6.4556],[106.40127,-6.45293],[106.40691,-6.45395],[106.43198,-6.44847],[106.44016,-6.4497],[106.44239,-6.4452],[106.4404,-6.44423],[106.43862,-6.44556],[106.4379,-6.44434],[106.44122,-6.4412],[106.44361,-6.44106],[106.44633,-6.43543],[106.45024,-6.43414],[106.44799,-6.43036],[106.45289,-6.42848],[106.45001,-6.42686],[106.45456,-6.42723],[106.44964,-6.42132],[106.44627,-6.42318],[106.44456,-6.42233],[106.44602,-6.41943],[106.45402,-6.41875],[106.45393,-6.41396],[106.44999,-6.41308],[106.45103,-6.40707],[106.44714,-6.41073],[106.4443,-6.40804],[106.44395,-6.40483],[106.4393,-6.40448],[106.43818,-6.39959],[106.44184,-6.39822],[106.44199,-6.39628],[106.44007,-6.39772],[106.43404,-6.39381],[106.43553,-6.39236],[106.43835,-6.39435],[106.43754,-6.39133],[106.43539,-6.39017],[106.43799,-6.38793],[106.43389,-6.38502],[106.43195,-6.37696],[106.4274,-6.37643],[106.43078,-6.37346],[106.4291,-6.37251],[106.42906,-6.368],[106.43195,-6.36656],[106.42983,-6.36312],[106.43076,-6.35724],[106.42806,-6.35645],[106.42678,-6.35374],[106.42924,-6.35033],[106.42542,-6.3498],[106.43738,-6.3344],[106.44252,-6.32408],[106.45058,-6.31947],[106.46789,-6.30349],[106.4719,-6.30749],[106.4762,-6.30887],[106.47819,-6.31665],[106.48417,-6.32532],[106.48375,-6.331],[106.4817,-6.33207],[106.48348,-6.34285],[106.4818,-6.34427],[106.47636,-6.34413],[106.47627,-6.35075],[106.48289,-6.3494],[106.50793,-6.35328],[106.51288,-6.35335],[106.51652,-6.3516],[106.51933,-6.35487],[106.52188,-6.35287],[106.5221,-6.35015],[106.52618,-6.34948],[106.52969,-6.34683],[106.5284,-6.34521],[106.53138,-6.34292],[106.53041,-6.34128],[106.53188,-6.33964],[106.52995,-6.3376],[106.52827,-6.33939],[106.52444,-6.33888],[106.5265,-6.33636],[106.52151,-6.33211],[106.52043,-6.33342],[106.51874,-6.33156],[106.5151,-6.33229],[106.51524,-6.32983],[106.51273,-6.32937],[106.51459,-6.32754],[106.5133,-6.32571],[106.51559,-6.3243],[106.51869,-6.32709],[106.51934,-6.32579],[106.526,-6.32585],[106.52684,-6.32462],[106.52908,-6.3262],[106.52854,-6.3282],[106.53072,-6.32882],[106.52996,-6.32973],[106.5339,-6.33057],[106.53436,-6.33236],[106.53843,-6.33098],[106.54049,-6.33331],[106.54204,-6.33202],[106.54199,-6.33401],[106.55159,-6.33312],[106.54882,-6.33387],[106.55205,-6.33407],[106.55183,-6.33596],[106.55395,-6.33502],[106.55634,-6.33629],[106.55796,-6.34061],[106.55927,-6.34017],[106.55913,-6.33701],[106.56401,-6.33962],[106.56631,-6.33748],[106.56836,-6.33883],[106.5731,-6.33847],[106.57522,-6.33992],[106.57438,-6.34193],[106.57654,-6.34109],[106.57729,-6.33857],[106.57754,-6.34033],[106.58293,-6.34465],[106.58242,-6.34584],[106.58734,-6.34831],[106.58858,-6.34753],[106.58766,-6.35156],[106.59008,-6.35211],[106.58798,-6.35619],[106.59023,-6.35647],[106.58904,-6.35698],[106.59078,-6.35877],[106.59294,-6.35865],[106.59386,-6.36272],[106.59776,-6.36257],[106.59672,-6.35993],[106.59809,-6.35871],[106.60397,-6.36188],[106.65327,-6.36226],[106.67501,-6.35904],[106.71881,-6.35875],[106.71863,-6.36186],[106.72045,-6.36047],[106.72134,-6.36299],[106.71707,-6.36518],[106.71844,-6.36715],[106.71697,-6.36969],[106.72271,-6.37434],[106.72093,-6.37637],[106.72376,-6.37662],[106.72167,-6.37982],[106.72332,-6.3812],[106.72185,-6.38595],[106.72806,-6.38608],[106.72668,-6.38797],[106.72859,-6.3882],[106.72694,-6.39186],[106.72854,-6.3945],[106.72619,-6.3958],[106.72941,-6.39643],[106.72864,-6.39863],[106.73091,-6.3992],[106.72966,-6.40201],[106.73127,-6.40215],[106.73117,-6.40443],[106.73279,-6.40554],[106.73131,-6.40701],[106.73036,-6.4144],[106.73217,-6.41379],[106.73724,-6.41896],[106.73536,-6.42263],[106.73681,-6.42437],[106.7327,-6.42708],[106.73291,-6.42937],[106.73631,-6.43173],[106.73579,-6.4341],[106.73785,-6.43831],[106.78755,-6.43904],[106.78848,-6.4408],[106.79515,-6.44164],[106.79572,-6.44739],[106.79432,-6.45114],[106.80181,-6.45122],[106.80158,-6.44885],[106.81448,-6.44849],[106.81321,-6.44425],[106.82325,-6.44439],[106.82308,-6.44917],[106.82055,-6.45193],[106.82211,-6.45414],[106.82342,-6.45196],[106.82533,-6.45243],[106.82416,-6.46187],[106.82761,-6.45877],[106.82821,-6.45459],[106.83331,-6.45622],[106.83172,-6.45202],[106.83389,-6.45218],[106.83487,-6.45037],[106.83784,-6.4512],[106.83915,-6.44904],[106.84141,-6.4511],[106.84512,-6.44445],[106.84223,-6.44261],[106.84339,-6.43818],[106.85022,-6.43598],[106.85293,-6.43614],[106.85329,-6.44893],[106.85545,-6.45555],[106.85914,-6.45506],[106.86562,-6.45709],[106.87203,-6.45583],[106.87615,-6.45831],[106.87876,-6.4573],[106.87861,-6.45861],[106.88027,-6.45616],[106.88213,-6.45656],[106.8788,-6.45356],[106.88201,-6.45415],[106.88305,-6.44998],[106.88096,-6.44824],[106.88383,-6.44856],[106.88232,-6.44409],[106.8852,-6.44551],[106.88509,-6.44216],[106.88701,-6.44299],[106.8872,-6.44048],[106.88541,-6.4406],[106.88601,-6.43731],[106.88754,-6.43735],[106.88808,-6.43479],[106.89177,-6.43387],[106.89018,-6.43242],[106.89274,-6.4284],[106.8919,-6.42733],[106.89283,-6.42647],[106.89517,-6.42799],[106.89449,-6.42497],[106.89908,-6.42611],[106.89897,-6.41974],[106.90014,-6.42069],[106.90052,-6.419],[106.90325,-6.41797],[106.9041,-6.41902],[106.90606,-6.41575],[106.90535,-6.41266],[106.90797,-6.41517],[106.90849,-6.41159],[106.91062,-6.41357],[106.91291,-6.41194],[106.91467,-6.41496],[106.91722,-6.40908],[106.91506,-6.40661],[106.91722,-6.4056],[106.91584,-6.40493],[106.91707,-6.4037],[106.91595,-6.40127],[106.91817,-6.40057],[106.9161,-6.39975],[106.91871,-6.39593],[106.9212,-6.39701],[106.92282,-6.39448],[106.92087,-6.39293],[106.92182,-6.38887],[106.92328,-6.3899],[106.92476,-6.38612],[106.92595,-6.38834],[106.9266,-6.38546],[106.92936,-6.38625],[106.93177,-6.38344],[106.93656,-6.38256],[106.93773,-6.3805],[106.93538,-6.37868],[106.93798,-6.37868],[106.93799,-6.37402],[106.94068,-6.37149],[106.9387,-6.37224],[106.93855,-6.37078],[106.94214,-6.36917],[106.94232,-6.36728],[106.94348,-6.3692],[106.94552,-6.36846],[106.94512,-6.36627],[106.94395,-6.36641],[106.94717,-6.36023],[106.94368,-6.35955],[106.94395,-6.35805],[106.94699,-6.35821],[106.94631,-6.35948],[106.94868,-6.35868],[106.94738,-6.35748],[106.94958,-6.35402],[106.95244,-6.35373],[106.95013,-6.35091],[106.95206,-6.34911],[106.95347,-6.35121],[106.95406,-6.3492],[106.95214,-6.34868],[106.95025,-6.34418],[106.95466,-6.34451],[106.95299,-6.34002],[106.9571,-6.33961],[106.95689,-6.33756],[106.95946,-6.3354],[106.96175,-6.33603],[106.9624,-6.33308],[106.96038,-6.33369],[106.96021,-6.3315],[106.96237,-6.33109],[106.96356,-6.32885],[106.96079,-6.3264],[106.9638,-6.32679],[106.96481,-6.32495],[106.96167,-6.32501],[106.96198,-6.32264],[106.96025,-6.32138],[106.96375,-6.31708],[106.96095,-6.31481],[106.96218,-6.31394],[106.9615,-6.31221],[106.96348,-6.31206],[106.96117,-6.30853],[106.96417,-6.30849],[106.96369,-6.31024],[106.96512,-6.31012],[106.96533,-6.30693],[106.96654,-6.30687],[106.96447,-6.30506],[106.96701,-6.30511],[106.96682,-6.30303],[106.9702,-6.30557],[106.96957,-6.30298],[106.96836,-6.30309],[106.97075,-6.30226],[106.97328,-6.3116],[106.98095,-6.31505],[106.97634,-6.31918],[106.97702,-6.33149],[106.97518,-6.33184],[106.97437,-6.33009],[106.97249,-6.33193],[106.97547,-6.33521],[106.97284,-6.34008],[106.97575,-6.33944],[106.97576,-6.341],[106.97148,-6.34295],[106.96864,-6.34145],[106.96619,-6.34242],[106.97003,-6.34641],[106.97263,-6.34666],[106.96991,-6.34944],[106.97703,-6.35318],[106.97687,-6.35517],[106.98181,-6.35775],[106.97917,-6.36195],[106.97977,-6.36413],[106.99185,-6.3637],[106.99469,-6.36613],[106.99393,-6.37298],[106.99945,-6.37734],[106.99756,-6.37884],[107.00187,-6.37894],[107.00365,-6.3758],[107.00439,-6.37771],[107.00637,-6.37803],[107.00319,-6.38662],[107.00626,-6.38777],[107.00662,-6.38948],[107.00727,-6.3886],[107.00813,-6.39111],[107.01226,-6.39129],[107.0085,-6.39548],[107.00892,-6.40189],[107.01255,-6.40091],[107.01354,-6.40303],[107.01406,-6.40168],[107.01985,-6.40039],[107.02092,-6.40179],[107.01995,-6.40469],[107.02242,-6.40375],[107.0224,-6.40509],[107.02431,-6.40487],[107.02165,-6.40779],[107.03065,-6.41129],[107.0333,-6.40938],[107.03492,-6.40543],[107.04172,-6.40681],[107.04611,-6.40285],[107.04719,-6.39798],[107.05144,-6.39436],[107.05482,-6.39566],[107.05514,-6.39719],[107.06116,-6.39814],[107.06249,-6.39908],[107.06127,-6.4015],[107.0588,-6.40077],[107.05897,-6.40305],[107.05447,-6.40512],[107.05438,-6.4068],[107.05683,-6.40707],[107.05833,-6.41052],[107.05438,-6.41265],[107.05765,-6.4156],[107.05549,-6.41659],[107.05221,-6.41535],[107.05121,-6.41723],[107.05516,-6.42072],[107.05455,-6.4194],[107.05642,-6.41762],[107.05669,-6.42235],[107.05841,-6.42307],[107.05716,-6.4242],[107.05892,-6.42673],[107.05455,-6.4293],[107.05781,-6.42963],[107.05943,-6.43357],[107.05539,-6.43573],[107.0576,-6.43668],[107.06121,-6.43394],[107.06388,-6.43424],[107.07914,-6.44247],[107.08548,-6.4485],[107.08953,-6.44871],[107.09049,-6.45047],[107.10525,-6.45679],[107.10661,-6.45957],[107.1135,-6.46463],[107.11871,-6.46547],[107.11996,-6.46817],[107.12913,-6.47176],[107.13093,-6.47105],[107.12928,-6.47001],[107.13143,-6.46808],[107.13291,-6.46858],[107.13225,-6.46362],[107.14084,-6.47165],[107.14616,-6.47287],[107.14686,-6.47177],[107.16146,-6.47889],[107.1617,-6.48078],[107.1669,-6.48362],[107.1736,-6.48487],[107.17426,-6.49081],[107.16972,-6.49233],[107.17006,-6.49656],[107.1666,-6.4972],[107.16434,-6.50157],[107.16475,-6.51086],[107.16758,-6.51134],[107.1664,-6.51613],[107.16854,-6.51724],[107.16929,-6.52282],[107.17125,-6.52317],[107.17516,-6.52946],[107.17452,-6.53274],[107.17654,-6.53298],[107.17869,-6.55197],[107.18434,-6.55555],[107.18596,-6.56084],[107.18959,-6.56161],[107.19311,-6.57829],[107.20785,-6.5883],[107.21352,-6.5905],[107.22051,-6.59075],[107.22716,-6.6022],[107.22534,-6.60781],[107.22778,-6.614],[107.22579,-6.6207],[107.22331,-6.62474],[107.2136,-6.62697],[107.21301,-6.63193],[107.215,-6.63674],[107.21277,-6.63785],[107.21235,-6.64044],[107.20405,-6.63837],[107.19935,-6.64304],[107.19458,-6.64325],[107.19039,-6.64642],[107.17968,-6.64632],[107.1699,-6.63868],[107.16814,-6.64108],[107.1691,-6.6431],[107.16502,-6.64697],[107.16022,-6.64551],[107.15779,-6.64735],[107.15781,-6.6502],[107.15253,-6.64983],[107.1503,-6.65434],[107.15158,-6.66003],[107.15042,-6.66295],[107.14163,-6.66685],[107.13793,-6.66645],[107.1346,-6.67047],[107.13018,-6.66981],[107.12104,-6.66328],[107.11314,-6.66355],[107.10999,-6.6659],[107.10795,-6.66391],[107.10641,-6.66491],[107.10377,-6.66366],[107.10215,-6.6665],[107.10034,-6.66444],[107.09694,-6.66405],[107.08866,-6.66745],[107.08637,-6.66724],[107.0849,-6.66493],[107.07891,-6.66494],[107.07322,-6.66253],[107.07148,-6.66473],[107.06852,-6.66522],[107.06592,-6.66202],[107.0552,-6.65922],[107.05133,-6.65659],[107.04684,-6.65824],[107.04593,-6.6567],[107.04279,-6.65668],[107.03848,-6.66086],[107.03532,-6.66054],[107.03314,-6.66293],[107.02544,-6.66243],[107.01589,-6.66797],[107.01097,-6.66474],[107.00688,-6.66712],[107.00179,-6.66613],[106.99248,-6.66777],[106.99363,-6.67636],[107.00399,-6.6883],[106.99984,-6.69342],[107.00088,-6.69771],[106.99869,-6.70264],[106.99185,-6.70546],[106.99039,-6.71479],[106.98654,-6.72034],[106.98835,-6.72786],[106.98498,-6.74467],[106.98265,-6.74675],[106.97816,-6.7471],[106.96817,-6.75437],[106.96432,-6.76624],[106.96521,-6.77047],[106.9623,-6.76459],[106.95829,-6.76141],[106.947,-6.76079],[106.93451,-6.76849],[106.92617,-6.78298],[106.91796,-6.78747],[106.89986,-6.78822],[106.89729,-6.78633],[106.88742,-6.78531],[106.8831,-6.78224],[106.87174,-6.7816],[106.85834,-6.77685],[106.84904,-6.77697],[106.84396,-6.77562],[106.8377,-6.76982],[106.83131,-6.76697],[106.82267,-6.76958],[106.81438,-6.76858],[106.80209,-6.76244],[106.79825,-6.7551],[106.79318,-6.75236],[106.78668,-6.75595],[106.77757,-6.75476],[106.77171,-6.75047],[106.76557,-6.74163],[106.7406,-6.71532],[106.73264,-6.71568],[106.72524,-6.71835],[106.71392,-6.72913],[106.70272,-6.73336],[106.69939,-6.74178],[106.69381,-6.74481],[106.68297,-6.74653],[106.6758,-6.73787],[106.6732,-6.73164],[106.6712,-6.73476],[106.66752,-6.73662],[106.65909,-6.73178],[106.65601,-6.73931],[106.65769,-6.74502],[106.65605,-6.74775],[106.6423,-6.74902],[106.63174,-6.755],[106.63017,-6.75236],[106.62296,-6.74899],[106.60232,-6.74918],[106.59653,-6.74809],[106.58896,-6.74373],[106.58475,-6.73724],[106.58237,-6.72111],[106.57921,-6.71807],[106.57554,-6.71754]],[[106.77136,-6.60194],[106.77452,-6.60196],[106.77552,-6.60623],[106.77866,-6.60715],[106.77949,-6.61086],[106.78189,-6.61101],[106.78184,-6.61331],[106.78441,-6.6163],[106.78446,-6.62111],[106.78637,-6.62143],[106.78627,-6.62475],[106.78898,-6.62531],[106.79048,-6.62755],[106.78619,-6.63397],[106.7828,-6.64506],[106.7716,-6.65371],[106.77685,-6.65683],[106.7807,-6.65704],[106.78476,-6.66037],[106.78917,-6.65718],[106.79058,-6.65314],[106.79222,-6.65374],[106.7938,-6.65172],[106.79516,-6.6437],[106.80044,-6.64532],[106.79942,-6.64673],[106.80175,-6.64806],[106.8054,-6.6487],[106.80443,-6.65125],[106.8058,-6.65217],[106.80997,-6.64618],[106.80873,-6.65607],[106.81568,-6.66137],[106.81631,-6.66545],[106.81854,-6.66637],[106.81906,-6.672],[106.82232,-6.67481],[106.83262,-6.68131],[106.83361,-6.67853],[106.84127,-6.6793],[106.84811,-6.67623],[106.84488,-6.66144],[106.84816,-6.65193],[106.84825,-6.64605],[106.83894,-6.63153],[106.83178,-6.61262],[106.83149,-6.59939],[106.83794,-6.57986],[106.83473,-6.56743],[106.83012,-6.5608],[106.82929,-6.55035],[106.82597,-6.54775],[106.82544,-6.54511],[106.82357,-6.54689],[106.82408,-6.54252],[106.82327,-6.54356],[106.81829,-6.54236],[106.81887,-6.53814],[106.81141,-6.53878],[106.80973,-6.54648],[106.80582,-6.54526],[106.80591,-6.54104],[106.803,-6.53822],[106.79978,-6.54251],[106.79938,-6.55171],[106.7984,-6.55028],[106.79628,-6.55089],[106.79712,-6.54765],[106.79309,-6.54604],[106.79356,-6.54417],[106.79005,-6.54416],[106.78873,-6.53974],[106.78876,-6.5378],[106.793,-6.5365],[106.79367,-6.53158],[106.78975,-6.5274],[106.79029,-6.52214],[106.78808,-6.51459],[106.76509,-6.5155],[106.76638,-6.5194],[106.76467,-6.52107],[106.76433,-6.52515],[106.7661,-6.52733],[106.76455,-6.53226],[106.76148,-6.53415],[106.76515,-6.54365],[106.76278,-6.54946],[106.7607,-6.54998],[106.75581,-6.54758],[106.75204,-6.55106],[106.74967,-6.54715],[106.74797,-6.54782],[106.74687,-6.54369],[106.74049,-6.54209],[106.73647,-6.55278],[106.73774,-6.55495],[106.73546,-6.55465],[106.73558,-6.56553],[106.73716,-6.56719],[106.73917,-6.56545],[106.74016,-6.56813],[106.74202,-6.56836],[106.73847,-6.57108],[106.74087,-6.57504],[106.74453,-6.57627],[106.74645,-6.5728],[106.74944,-6.5723],[106.76281,-6.58303],[106.76654,-6.5948],[106.77136,-6.60194]]]}},{"type":"Feature","properties":{"n":"Cianjur","p":"Jawa Barat"},"geometry":{"type":"Polygon","coordinates":[[[107.03826,-7.44865],[107.01135,-7.44794],[106.98837,-7.44419],[106.87412,-7.43442],[106.83493,-7.43315],[106.7938,-7.43683],[106.79401,-7.42456],[106.7894,-7.40897],[106.78645,-7.41063],[106.78336,-7.41624],[106.78195,-7.41615],[106.77783,-7.41109],[106.77608,-7.40545],[106.77776,-7.40091],[106.7814,-7.39741],[106.79512,-7.39682],[106.79559,-7.3916],[106.80524,-7.38811],[106.81967,-7.37243],[106.82314,-7.36246],[106.82755,-7.36521],[106.83193,-7.358],[106.84252,-7.35847],[106.8455,-7.35643],[106.85081,-7.36073],[106.85488,-7.3556],[106.85939,-7.35433],[106.86046,-7.35708],[106.85554,-7.36111],[106.86017,-7.36379],[106.86917,-7.35565],[106.87108,-7.36317],[106.87537,-7.36396],[106.8768,-7.36287],[106.87684,-7.35353],[106.88085,-7.35151],[106.88471,-7.35337],[106.88998,-7.34871],[106.89492,-7.34758],[106.89287,-7.34357],[106.89528,-7.34143],[106.90318,-7.34256],[106.90336,-7.35117],[106.9094,-7.3493],[106.90798,-7.33947],[106.91082,-7.33475],[106.91142,-7.32829],[106.91508,-7.32298],[106.9193,-7.32188],[106.92622,-7.32696],[106.92758,-7.333],[106.93411,-7.33413],[106.93532,-7.33281],[106.93359,-7.32873],[106.93394,-7.3244],[106.94059,-7.31782],[106.94675,-7.31847],[106.95025,-7.32145],[106.95375,-7.32115],[106.95717,-7.31808],[106.96146,-7.31821],[106.96717,-7.31217],[106.97309,-7.29491],[106.97302,-7.29017],[106.97486,-7.29026],[106.97418,-7.287],[106.976,-7.28471],[106.97226,-7.27939],[106.97283,-7.27393],[106.96998,-7.27126],[106.97,-7.2663],[106.96476,-7.26572],[106.96032,-7.26027],[106.96473,-7.25381],[106.9634,-7.25047],[106.96672,-7.2507],[106.96822,-7.24893],[106.96697,-7.24551],[106.97208,-7.24658],[106.97453,-7.24105],[106.97996,-7.24119],[106.97942,-7.23638],[106.98083,-7.2296],[106.98264,-7.22848],[106.98264,-7.2224],[106.98014,-7.21671],[106.97538,-7.21529],[106.97526,-7.20609],[106.97304,-7.1992],[106.9679,-7.19591],[106.9671,-7.18956],[106.97142,-7.18823],[106.97185,-7.18984],[106.9737,-7.18995],[106.97482,-7.18574],[106.97242,-7.18392],[106.9704,-7.17594],[106.96798,-7.17819],[106.96575,-7.17643],[106.96409,-7.17781],[106.96324,-7.17361],[106.96502,-7.17287],[106.96114,-7.17066],[106.95785,-7.16455],[106.95771,-7.16139],[106.96037,-7.15923],[106.96043,-7.15643],[106.96472,-7.15422],[106.96608,-7.15635],[106.96743,-7.15596],[106.9658,-7.14471],[106.96253,-7.13994],[106.95832,-7.13985],[106.95681,-7.1365],[106.95119,-7.13211],[106.94898,-7.13267],[106.94901,-7.13493],[106.94553,-7.13332],[106.94679,-7.13125],[106.94236,-7.13285],[106.94169,-7.13121],[106.94395,-7.13089],[106.94531,-7.12818],[106.94204,-7.12841],[106.93704,-7.12283],[106.93652,-7.11543],[106.93826,-7.11293],[106.93663,-7.10911],[106.93907,-7.10752],[106.93922,-7.10227],[106.9422,-7.1004],[106.94304,-7.09242],[106.94594,-7.09093],[106.944,-7.08703],[106.94828,-7.08598],[106.9469,-7.0797],[106.94556,-7.07982],[106.94358,-7.07484],[106.94606,-7.07085],[106.95018,-7.07141],[106.95398,-7.0683],[106.95286,-7.06571],[106.95486,-7.06346],[106.95332,-7.05877],[106.95473,-7.05338],[106.95383,-7.04943],[106.95874,-7.03258],[106.96339,-7.02661],[106.9694,-7.02307],[106.9774,-7.01522],[106.9824,-7.01372],[106.98903,-7.01702],[106.99586,-7.0318],[107.00355,-7.03057],[107.0084,-7.03156],[107.01137,-7.03006],[107.01349,-7.03241],[107.0194,-7.03354],[107.02441,-7.03856],[107.02891,-7.03862],[107.03718,-7.04173],[107.03941,-7.04587],[107.04564,-7.04216],[107.04792,-7.03091],[107.05084,-7.02965],[107.05539,-7.0319],[107.05941,-7.02319],[107.05709,-7.01615],[107.05424,-7.0144],[107.05458,-7.01244],[107.05253,-7.01051],[107.05268,-7.00748],[107.04553,-7.0022],[107.03808,-6.98929],[107.03318,-6.98738],[107.03408,-6.9851],[107.03254,-6.98373],[107.03346,-6.97614],[107.03674,-6.9748],[107.03736,-6.96918],[107.0417,-6.96279],[107.04558,-6.96275],[107.0461,-6.96126],[107.04898,-6.96069],[107.05309,-6.96431],[107.06398,-6.96154],[107.06212,-6.95642],[107.05614,-6.95252],[107.04858,-6.94224],[107.04856,-6.93246],[107.04998,-6.92974],[107.0484,-6.91057],[107.04184,-6.90903],[107.03974,-6.90306],[107.04053,-6.89897],[107.03267,-6.8983],[107.03182,-6.89706],[107.03284,-6.89309],[107.02965,-6.89142],[107.02877,-6.88867],[107.03524,-6.88652],[107.0313,-6.87912],[107.03296,-6.87541],[107.03147,-6.87135],[107.02693,-6.86786],[107.0238,-6.86078],[107.01121,-6.85202],[107.00937,-6.84924],[107.00527,-6.84839],[106.99595,-6.8344],[106.99515,-6.82297],[106.9963,-6.81962],[106.99254,-6.80392],[106.99291,-6.79901],[106.98647,-6.79055],[106.98044,-6.78929],[106.97023,-6.77922],[106.96452,-6.76789],[106.9661,-6.75794],[106.96817,-6.75437],[106.97816,-6.7471],[106.98265,-6.74675],[106.98498,-6.74467],[106.98835,-6.72786],[106.98654,-6.72034],[106.99039,-6.71479],[106.99185,-6.70546],[106.99869,-6.70264],[107.00088,-6.69771],[106.99984,-6.69342],[107.00394,-6.6885],[107.00177,-6.68432],[106.99363,-6.67636],[106.99239,-6.66785],[107.00179,-6.66613],[107.00688,-6.66712],[107.00941,-6.66473],[107.01589,-6.66797],[107.02544,-6.66243],[107.03314,-6.66293],[107.03532,-6.66054],[107.03848,-6.66086],[107.04279,-6.65668],[107.04593,-6.6567],[107.04684,-6.65824],[107.05133,-6.65659],[107.0552,-6.65922],[107.06592,-6.66202],[107.06852,-6.66522],[107.07148,-6.66473],[107.07322,-6.66253],[107.07891,-6.66494],[107.0849,-6.66493],[107.08637,-6.66724],[107.08866,-6.66745],[107.09694,-6.66405],[107.10034,-6.66444],[107.10215,-6.6665],[107.10377,-6.66366],[107.10641,-6.66491],[107.10795,-6.66391],[107.10999,-6.6659],[107.11314,-6.66355],[107.12104,-6.66328],[107.13018,-6.66981],[107.1346,-6.67047],[107.13793,-6.66645],[107.14163,-6.66685],[107.15042,-6.66295],[107.15158,-6.66003],[107.1503,-6.65434],[107.15253,-6.64983],[107.15781,-6.6502],[107.15779,-6.64735],[107.16022,-6.64551],[107.16502,-6.64697],[107.1691,-6.6431],[107.16814,-6.64108],[107.1699,-6.63868],[107.17968,-6.64632],[107.19039,-6.64642],[107.19458,-6.64325],[107.19935,-6.64304],[107.20405,-6.63837],[107.21235,-6.64044],[107.21277,-6.63785],[107.215,-6.63674],[107.21301,-6.63193],[107.2136,-6.62697],[107.22331,-6.62474],[107.22579,-6.6207],[107.22778,-6.614],[107.22534,-6.60781],[107.22716,-6.6022],[107.2288,-6.60454],[107.23488,-6.60708],[107.23833,-6.61578],[107.24093,-6.61836],[107.25367,-6.62888],[107.25915,-6.62987],[107.25984,-6.6324],[107.26377,-6.63577],[107.26407,-6.64491],[107.26839,-6.64462],[107.26447,-6.64848],[107.2647,-6.65304],[107.26214,-6.6547],[107.2625,-6.65638],[107.26108,-6.65596],[107.26117,-6.65749],[107.25877,-6.65842],[107.26003,-6.66213],[107.25922,-6.6686],[107.25444,-6.68266],[107.25697,-6.68744],[107.25144,-6.69394],[107.25638,-6.69758],[107.26412,-6.69915],[107.2696,-6.70371],[107.27144,-6.70738],[107.2878,-6.70776],[107.2932,-6.71243],[107.30191,-6.72625],[107.30215,-6.72844],[107.29743,-6.72998],[107.29035,-6.73667],[107.28935,-6.74517],[107.29162,-6.74978],[107.28475,-6.76388],[107.28443,-6.77438],[107.28924,-6.78104],[107.29124,-6.7884],[107.2958,-6.78696],[107.30219,-6.79385],[107.31416,-6.80071],[107.3149,-6.80815],[107.32008,-6.8141],[107.31621,-6.81973],[107.31616,-6.82254],[107.32264,-6.82486],[107.32246,-6.83955],[107.32735,-6.84639],[107.32682,-6.84891],[107.3241,-6.8495],[107.32428,-6.8518],[107.32592,-6.85296],[107.32914,-6.85203],[107.33025,-6.85633],[107.33492,-6.8532],[107.338,-6.85763],[107.34071,-6.85473],[107.34162,-6.84991],[107.3435,-6.84895],[107.34269,-6.85323],[107.34857,-6.85252],[107.35013,-6.85544],[107.34687,-6.86097],[107.34933,-6.86582],[107.34702,-6.87042],[107.34385,-6.87148],[107.34373,-6.87357],[107.34136,-6.87494],[107.34306,-6.87895],[107.34114,-6.88574],[107.33089,-6.8885],[107.32666,-6.88711],[107.32324,-6.88788],[107.31448,-6.89656],[107.31506,-6.90008],[107.31168,-6.90397],[107.30154,-6.90962],[107.2935,-6.91007],[107.29174,-6.91588],[107.28321,-6.9233],[107.27935,-6.92375],[107.27839,-6.92547],[107.27432,-6.92435],[107.27169,-6.92613],[107.26639,-6.92625],[107.26475,-6.9289],[107.25545,-6.92707],[107.2509,-6.92852],[107.24645,-6.93238],[107.22813,-6.94031],[107.21414,-6.95348],[107.20236,-6.96027],[107.20079,-6.9631],[107.19657,-6.96302],[107.19023,-6.96811],[107.19082,-6.97208],[107.18654,-6.97281],[107.18486,-6.98274],[107.18602,-6.98903],[107.18852,-6.98919],[107.19019,-6.99285],[107.18958,-6.99501],[107.18525,-6.99467],[107.18457,-6.99602],[107.18718,-7.00659],[107.18944,-7.00855],[107.18806,-7.01157],[107.19101,-7.01325],[107.19142,-7.0165],[107.19563,-7.02111],[107.19346,-7.02244],[107.19398,-7.02706],[107.19127,-7.02846],[107.18804,-7.04249],[107.18926,-7.04415],[107.18704,-7.04473],[107.18845,-7.04652],[107.18565,-7.0502],[107.18705,-7.05138],[107.18421,-7.05279],[107.18201,-7.05834],[107.18516,-7.05933],[107.18629,-7.05809],[107.19018,-7.06195],[107.19182,-7.0609],[107.19116,-7.05879],[107.19512,-7.05883],[107.19548,-7.05765],[107.19831,-7.05894],[107.19977,-7.05605],[107.20225,-7.05652],[107.20295,-7.05417],[107.20476,-7.05708],[107.20584,-7.05564],[107.208,-7.05635],[107.20909,-7.0541],[107.20997,-7.05623],[107.21208,-7.05465],[107.21683,-7.05653],[107.21698,-7.058],[107.22185,-7.05678],[107.22153,-7.05789],[107.22335,-7.0583],[107.22236,-7.05285],[107.22403,-7.05224],[107.22279,-7.05036],[107.22445,-7.04914],[107.22858,-7.05051],[107.22934,-7.04943],[107.22979,-7.05117],[107.23426,-7.04992],[107.23395,-7.04848],[107.23785,-7.04671],[107.24551,-7.04915],[107.24556,-7.05045],[107.24902,-7.05046],[107.25217,-7.04826],[107.25427,-7.05269],[107.25748,-7.05328],[107.25795,-7.0557],[107.25644,-7.05757],[107.26019,-7.05861],[107.2597,-7.06059],[107.26422,-7.06154],[107.26894,-7.06987],[107.27505,-7.0748],[107.28386,-7.07856],[107.28303,-7.07969],[107.28422,-7.07968],[107.28557,-7.0852],[107.29147,-7.08699],[107.29641,-7.08325],[107.29839,-7.0837],[107.29987,-7.08645],[107.30444,-7.0856],[107.30685,-7.08756],[107.30691,-7.09062],[107.31077,-7.09213],[107.31031,-7.09559],[107.31414,-7.09724],[107.31818,-7.10329],[107.32001,-7.10719],[107.31987,-7.11219],[107.31449,-7.1153],[107.31028,-7.12431],[107.31361,-7.12716],[107.31054,-7.12997],[107.31086,-7.13346],[107.30842,-7.13858],[107.30885,-7.14391],[107.30267,-7.15338],[107.30226,-7.15843],[107.30491,-7.16179],[107.30416,-7.16471],[107.30101,-7.16879],[107.2988,-7.1657],[107.29684,-7.16542],[107.29387,-7.17],[107.2829,-7.17441],[107.27587,-7.18063],[107.27469,-7.17983],[107.27536,-7.17733],[107.27331,-7.17927],[107.27414,-7.17743],[107.27227,-7.17529],[107.27329,-7.17083],[107.27223,-7.16929],[107.26446,-7.17884],[107.26204,-7.17945],[107.26225,-7.18331],[107.25942,-7.18383],[107.2568,-7.18862],[107.25728,-7.19077],[107.25358,-7.19323],[107.25434,-7.19507],[107.25104,-7.19977],[107.25145,-7.20131],[107.26085,-7.20073],[107.26679,-7.20425],[107.27556,-7.20488],[107.2783,-7.20743],[107.28216,-7.20634],[107.28663,-7.20958],[107.28669,-7.2135],[107.28901,-7.21401],[107.29832,-7.20749],[107.29947,-7.20285],[107.30641,-7.20406],[107.30604,-7.19367],[107.3184,-7.19036],[107.3217,-7.19849],[107.33115,-7.20726],[107.33373,-7.2072],[107.33675,-7.20351],[107.34298,-7.20437],[107.3474,-7.21076],[107.34984,-7.21108],[107.35194,-7.21619],[107.35567,-7.21754],[107.3566,-7.22006],[107.35161,-7.22543],[107.35101,-7.23018],[107.35332,-7.23551],[107.36484,-7.23886],[107.37847,-7.23958],[107.38084,-7.24422],[107.38129,-7.24962],[107.38358,-7.25137],[107.38683,-7.2505],[107.39045,-7.2456],[107.39528,-7.2449],[107.3991,-7.24832],[107.40676,-7.24724],[107.41057,-7.25016],[107.41701,-7.25186],[107.42052,-7.25695],[107.42258,-7.25698],[107.42774,-7.25375],[107.43798,-7.25194],[107.44216,-7.24256],[107.45241,-7.2469],[107.45625,-7.25046],[107.46832,-7.24873],[107.47771,-7.25522],[107.47621,-7.26042],[107.47421,-7.262],[107.47439,-7.26512],[107.47218,-7.26547],[107.46875,-7.2743],[107.46424,-7.2763],[107.46451,-7.27955],[107.4625,-7.27996],[107.46371,-7.28228],[107.45852,-7.28586],[107.45494,-7.29212],[107.45874,-7.29829],[107.45731,-7.30243],[107.46588,-7.32697],[107.47275,-7.33298],[107.47547,-7.34344],[107.47879,-7.34684],[107.48319,-7.34853],[107.48456,-7.35691],[107.48168,-7.36416],[107.47989,-7.36427],[107.48006,-7.36721],[107.47688,-7.37079],[107.47687,-7.37679],[107.47368,-7.38214],[107.47382,-7.40151],[107.45479,-7.40857],[107.45112,-7.41354],[107.43918,-7.41732],[107.43384,-7.42041],[107.43188,-7.42358],[107.42986,-7.4318],[107.43069,-7.43441],[107.4262,-7.43973],[107.42969,-7.44135],[107.42927,-7.44369],[107.42644,-7.44406],[107.42806,-7.44957],[107.42031,-7.46207],[107.42305,-7.46923],[107.42188,-7.47326],[107.42381,-7.47669],[107.42194,-7.48059],[107.4215,-7.48828],[107.42629,-7.49494],[107.42622,-7.50248],[107.42332,-7.5052],[107.40667,-7.5022],[107.40211,-7.49874],[107.39927,-7.49369],[107.39795,-7.49513],[107.39309,-7.49428],[107.39094,-7.49759],[107.38506,-7.49995],[107.36558,-7.49822],[107.35196,-7.49964],[107.3243,-7.49478],[107.28928,-7.4942],[107.23968,-7.48808],[107.21913,-7.48181],[107.13162,-7.46171],[107.08608,-7.45319],[107.03826,-7.44865]]]}},{"type":"Feature","properties":{"n":"Kudus","p":"Jawa Tengah"},"geometry":{"type":"Polygon","coordinates":[[[110.81534,-6.9386],[110.81055,-6.95054],[110.81201,-6.97616],[110.80806,-6.97961],[110.80389,-6.97965],[110.79264,-6.95677],[110.7868,-6.9553],[110.78396,-6.95037],[110.77274,-6.94518],[110.77497,-6.94326],[110.77968,-6.94597],[110.78069,-6.94333],[110.77818,-6.93949],[110.78467,-6.93654],[110.78316,-6.93462],[110.77743,-6.93462],[110.77775,-6.9327],[110.78345,-6.93],[110.78665,-6.93201],[110.78896,-6.93155],[110.78935,-6.92911],[110.7849,-6.9261],[110.78989,-6.92634],[110.79058,-6.92484],[110.78957,-6.92295],[110.78364,-6.92047],[110.78686,-6.91498],[110.78598,-6.91126],[110.7915,-6.90843],[110.79539,-6.89922],[110.80116,-6.89899],[110.80289,-6.89514],[110.80542,-6.89407],[110.80901,-6.87997],[110.8122,-6.87854],[110.8124,-6.87475],[110.81906,-6.86836],[110.82465,-6.86736],[110.82182,-6.86438],[110.82219,-6.8625],[110.82988,-6.86054],[110.82896,-6.85773],[110.83228,-6.85672],[110.8318,-6.85342],[110.83358,-6.85039],[110.82986,-6.85087],[110.82727,-6.84646],[110.82117,-6.85029],[110.81786,-6.84966],[110.81001,-6.83761],[110.79744,-6.83832],[110.79785,-6.83489],[110.79014,-6.82438],[110.78971,-6.81978],[110.78298,-6.81553],[110.77903,-6.80553],[110.77359,-6.80213],[110.76816,-6.80348],[110.76413,-6.79817],[110.75832,-6.79422],[110.76202,-6.78426],[110.76532,-6.78369],[110.76763,-6.77012],[110.77698,-6.76391],[110.78147,-6.76393],[110.78213,-6.76222],[110.78645,-6.76157],[110.78828,-6.75772],[110.79082,-6.75837],[110.79221,-6.75436],[110.79668,-6.7558],[110.79814,-6.75852],[110.80178,-6.75438],[110.81679,-6.74805],[110.82916,-6.75645],[110.83049,-6.75],[110.83691,-6.73795],[110.83131,-6.73648],[110.82944,-6.73861],[110.82233,-6.73276],[110.82453,-6.73168],[110.82715,-6.72129],[110.82316,-6.71597],[110.82054,-6.70772],[110.82534,-6.7037],[110.83907,-6.70294],[110.83786,-6.70076],[110.83913,-6.69967],[110.83595,-6.69663],[110.83672,-6.69218],[110.83322,-6.68907],[110.83886,-6.68074],[110.84323,-6.66822],[110.85283,-6.6632],[110.85006,-6.65456],[110.85384,-6.64905],[110.85529,-6.64178],[110.85934,-6.63638],[110.8594,-6.62786],[110.86196,-6.62418],[110.86773,-6.61924],[110.87291,-6.62005],[110.87904,-6.61804],[110.88297,-6.61942],[110.88994,-6.61757],[110.89223,-6.62283],[110.90237,-6.62648],[110.90365,-6.63068],[110.89812,-6.63562],[110.89809,-6.63979],[110.90437,-6.64314],[110.90901,-6.6486],[110.91256,-6.65735],[110.91339,-6.66697],[110.92176,-6.67408],[110.92397,-6.67818],[110.92384,-6.68257],[110.92603,-6.68494],[110.92514,-6.68763],[110.92764,-6.6904],[110.92518,-6.69174],[110.93532,-6.69787],[110.93362,-6.70635],[110.93788,-6.71056],[110.93553,-6.71289],[110.93459,-6.71877],[110.9321,-6.72073],[110.92873,-6.71518],[110.92538,-6.7146],[110.92597,-6.72497],[110.9233,-6.73156],[110.92798,-6.73659],[110.9249,-6.73737],[110.93077,-6.738],[110.94099,-6.73541],[110.94414,-6.74059],[110.94246,-6.75025],[110.94482,-6.75565],[110.96305,-6.75589],[110.96141,-6.75962],[110.96542,-6.77288],[110.9645,-6.77691],[110.96825,-6.7831],[110.97114,-6.79255],[110.97053,-6.80267],[110.97532,-6.80428],[110.97456,-6.81656],[110.977,-6.83335],[110.97246,-6.83692],[110.96931,-6.83699],[110.96425,-6.83991],[110.96112,-6.84631],[110.95249,-6.85583],[110.94784,-6.85881],[110.91996,-6.86718],[110.88215,-6.86743],[110.88099,-6.87156],[110.88303,-6.8802],[110.88264,-6.90571],[110.87748,-6.9051],[110.87497,-6.90632],[110.85725,-6.90117],[110.84951,-6.91142],[110.84592,-6.91908],[110.84768,-6.93102],[110.8442,-6.9358],[110.83717,-6.93731],[110.83463,-6.94019],[110.82954,-6.9375],[110.8268,-6.93932],[110.81534,-6.9386]]]}},{"type":"Feature","properties":{"n":"Pemalang","p":"Jawa Tengah"},"geometry":{"type":"Polygon","coordinates":[[[109.28435,-7.22065],[109.27762,-7.21957],[109.27524,-7.22195],[109.26663,-7.22489],[109.25504,-7.22493],[109.24746,-7.22689],[109.23423,-7.23305],[109.23202,-7.23697],[109.22462,-7.2391],[109.22568,-7.24163],[109.22422,-7.24573],[109.21904,-7.24863],[109.2029,-7.24716],[109.2066,-7.23831],[109.21071,-7.23494],[109.21391,-7.23504],[109.19995,-7.22444],[109.20058,-7.20448],[109.19826,-7.19652],[109.19938,-7.19227],[109.19658,-7.18272],[109.19803,-7.17064],[109.19682,-7.16882],[109.19441,-7.16901],[109.18955,-7.16327],[109.18746,-7.15618],[109.19339,-7.15009],[109.1946,-7.14464],[109.18767,-7.14022],[109.18722,-7.1366],[109.19645,-7.13034],[109.20321,-7.13118],[109.2089,-7.12916],[109.21552,-7.12938],[109.2185,-7.12331],[109.22027,-7.12294],[109.22,-7.11932],[109.22145,-7.11883],[109.22481,-7.10797],[109.22505,-7.10198],[109.22666,-7.10121],[109.2262,-7.09804],[109.22797,-7.09673],[109.22733,-7.09391],[109.22891,-7.09321],[109.22827,-7.09163],[109.23047,-7.09195],[109.22897,-7.09026],[109.2307,-7.08927],[109.23006,-7.08484],[109.2325,-7.08519],[109.23176,-7.08314],[109.23473,-7.08088],[109.23478,-7.07741],[109.23643,-7.07764],[109.23744,-7.07447],[109.2414,-7.07305],[109.24528,-7.07495],[109.24477,-7.07284],[109.25,-7.07208],[109.24966,-7.06853],[109.25244,-7.06732],[109.2536,-7.0636],[109.26166,-7.06079],[109.26422,-7.05821],[109.26657,-7.05892],[109.27233,-7.05677],[109.27561,-7.05284],[109.27486,-7.05043],[109.27727,-7.04092],[109.2758,-7.03734],[109.27879,-7.03294],[109.28285,-7.03192],[109.28247,-7.02394],[109.28767,-7.02155],[109.28653,-7.01778],[109.28878,-7.01321],[109.28595,-7.0087],[109.28842,-7.00619],[109.28809,-7.00344],[109.29157,-7.00314],[109.28878,-7.00006],[109.29042,-6.99713],[109.29391,-6.99366],[109.30141,-6.99063],[109.30163,-6.98787],[109.31175,-6.98859],[109.31516,-6.98486],[109.3162,-6.97937],[109.31935,-6.97661],[109.31669,-6.97391],[109.31655,-6.96748],[109.32116,-6.97292],[109.32231,-6.96974],[109.32037,-6.96599],[109.32279,-6.96655],[109.32368,-6.96897],[109.32554,-6.9671],[109.3254,-6.96506],[109.32237,-6.96338],[109.32946,-6.96072],[109.32959,-6.96356],[109.33132,-6.96394],[109.33183,-6.95821],[109.33565,-6.95709],[109.33449,-6.95495],[109.3322,-6.95471],[109.33146,-6.95728],[109.32929,-6.95496],[109.33167,-6.95026],[109.33167,-6.94623],[109.33448,-6.94587],[109.33149,-6.93995],[109.33326,-6.93892],[109.33331,-6.93622],[109.33127,-6.93427],[109.33039,-6.93622],[109.32661,-6.93492],[109.33053,-6.92942],[109.3282,-6.92882],[109.32843,-6.92695],[109.32605,-6.92844],[109.32657,-6.92621],[109.32531,-6.92542],[109.3289,-6.92323],[109.3288,-6.92118],[109.33211,-6.91889],[109.33197,-6.9167],[109.33388,-6.9168],[109.33215,-6.91496],[109.33471,-6.91361],[109.3355,-6.91044],[109.33795,-6.91203],[109.33611,-6.90904],[109.33733,-6.90745],[109.33636,-6.90476],[109.33752,-6.90373],[109.34051,-6.90531],[109.34094,-6.90336],[109.33953,-6.90257],[109.34075,-6.90134],[109.34871,-6.89742],[109.34559,-6.8952],[109.34756,-6.89139],[109.3501,-6.89176],[109.35248,-6.88979],[109.35416,-6.8923],[109.35591,-6.89219],[109.35571,-6.88804],[109.35394,-6.88706],[109.35674,-6.88291],[109.35931,-6.88242],[109.35851,-6.87956],[109.3601,-6.87766],[109.35992,-6.87406],[109.35808,-6.86664],[109.35173,-6.86846],[109.351,-6.86169],[109.35613,-6.86298],[109.36543,-6.86264],[109.36744,-6.86185],[109.3669,-6.86066],[109.36944,-6.86235],[109.37984,-6.86136],[109.41161,-6.85184],[109.41289,-6.85137],[109.41234,-6.84966],[109.42405,-6.84723],[109.43966,-6.84069],[109.468,-6.82449],[109.48298,-6.81311],[109.50789,-6.78926],[109.50731,-6.7875],[109.50953,-6.78555],[109.51073,-6.78557],[109.50876,-6.78801],[109.51193,-6.79345],[109.51534,-6.79018],[109.51746,-6.7902],[109.52186,-6.78461],[109.52066,-6.78306],[109.51844,-6.78461],[109.52005,-6.7814],[109.51873,-6.7816],[109.51826,-6.77672],[109.52272,-6.772],[109.52497,-6.78164],[109.53155,-6.79386],[109.55895,-6.82606],[109.57501,-6.8365],[109.59587,-6.84175],[109.58909,-6.85004],[109.58566,-6.85119],[109.58387,-6.85026],[109.58335,-6.85327],[109.58524,-6.85448],[109.58354,-6.85651],[109.58379,-6.85929],[109.58836,-6.85857],[109.58624,-6.86134],[109.58854,-6.86296],[109.58755,-6.86406],[109.58415,-6.86232],[109.58616,-6.86469],[109.58442,-6.86474],[109.58345,-6.86758],[109.58576,-6.86877],[109.5834,-6.87022],[109.58391,-6.87238],[109.57964,-6.87448],[109.58218,-6.87656],[109.57613,-6.87779],[109.57607,-6.88259],[109.56901,-6.88205],[109.56579,-6.88522],[109.56767,-6.89022],[109.56553,-6.89284],[109.5676,-6.89408],[109.5658,-6.89569],[109.56594,-6.89863],[109.56277,-6.89999],[109.5649,-6.90705],[109.56104,-6.91263],[109.56289,-6.91433],[109.56342,-6.91829],[109.56141,-6.92],[109.56151,-6.92408],[109.55859,-6.9251],[109.55576,-6.92248],[109.55369,-6.92291],[109.55176,-6.92607],[109.54923,-6.92621],[109.54581,-6.93009],[109.53695,-6.93205],[109.5339,-6.93607],[109.53263,-6.94137],[109.52692,-6.94088],[109.52125,-6.94311],[109.51929,-6.94858],[109.51262,-6.94735],[109.5079,-6.95718],[109.4978,-6.96573],[109.49858,-6.98237],[109.49556,-6.98414],[109.4975,-6.98723],[109.49522,-6.99021],[109.4988,-7.0],[109.49666,-7.00677],[109.49737,-7.01008],[109.49288,-7.01342],[109.49343,-7.0188],[109.48763,-7.02287],[109.48344,-7.02957],[109.4856,-7.03107],[109.48674,-7.03902],[109.48466,-7.04146],[109.48518,-7.045],[109.48986,-7.04646],[109.49116,-7.04909],[109.48802,-7.05546],[109.4931,-7.06548],[109.49621,-7.06826],[109.49726,-7.0736],[109.49557,-7.08191],[109.4994,-7.08656],[109.49947,-7.0924],[109.50455,-7.09996],[109.50429,-7.10325],[109.49412,-7.10957],[109.49577,-7.11343],[109.49106,-7.12072],[109.49277,-7.12756],[109.4907,-7.12893],[109.49332,-7.13009],[109.49344,-7.13442],[109.49763,-7.13846],[109.49738,-7.14117],[109.50438,-7.15565],[109.50532,-7.16798],[109.51144,-7.1718],[109.51409,-7.18018],[109.51755,-7.183],[109.51665,-7.18548],[109.51881,-7.18525],[109.51816,-7.18892],[109.5206,-7.18864],[109.52089,-7.19177],[109.52493,-7.19482],[109.52628,-7.19898],[109.52415,-7.20271],[109.52048,-7.20493],[109.52117,-7.20783],[109.51974,-7.20965],[109.52174,-7.21181],[109.52119,-7.21649],[109.52264,-7.21917],[109.53036,-7.22211],[109.53236,-7.23139],[109.52614,-7.23574],[109.51401,-7.23429],[109.50693,-7.23919],[109.49821,-7.23003],[109.49089,-7.22767],[109.48926,-7.22535],[109.47798,-7.22367],[109.46948,-7.2098],[109.46955,-7.2058],[109.46701,-7.2036],[109.4617,-7.2027],[109.45694,-7.1958],[109.45791,-7.18702],[109.45328,-7.16638],[109.44387,-7.16334],[109.43589,-7.169],[109.43613,-7.1734],[109.43833,-7.1748],[109.4343,-7.17792],[109.43414,-7.18031],[109.42948,-7.18298],[109.42869,-7.18622],[109.42472,-7.18603],[109.41691,-7.19574],[109.41312,-7.1969],[109.41009,-7.20158],[109.39133,-7.19769],[109.39011,-7.19262],[109.38248,-7.19018],[109.37411,-7.1955],[109.35324,-7.20187],[109.34624,-7.21159],[109.33313,-7.20998],[109.32955,-7.21113],[109.32568,-7.20954],[109.31693,-7.21423],[109.30771,-7.21454],[109.30331,-7.21662],[109.29618,-7.21584],[109.29154,-7.2195],[109.28435,-7.22065]]]}},{"type":"Feature","properties":{"n":"Kota Cimahi","p":"Jawa Barat"},"geometry":{"type":"Polygon","coordinates":[[[107.53325,-6.91813],[107.52785,-6.91678],[107.52566,-6.92121],[107.51901,-6.91888],[107.51567,-6.9125],[107.51903,-6.90902],[107.51618,-6.90857],[107.51645,-6.90541],[107.51089,-6.9012],[107.51032,-6.89818],[107.5133,-6.88525],[107.51979,-6.87914],[107.51962,-6.87577],[107.52295,-6.87327],[107.5236,-6.86953],[107.52597,-6.86842],[107.52436,-6.8657],[107.52229,-6.86553],[107.52776,-6.86533],[107.53355,-6.86213],[107.53606,-6.85798],[107.53692,-6.85545],[107.53551,-6.8519],[107.53752,-6.84911],[107.53471,-6.84674],[107.53729,-6.8433],[107.5396,-6.83205],[107.54339,-6.83249],[107.54669,-6.8299],[107.54708,-6.82735],[107.55175,-6.82935],[107.54936,-6.83855],[107.55556,-6.84025],[107.55143,-6.84669],[107.55551,-6.85064],[107.55492,-6.85357],[107.55903,-6.85599],[107.55935,-6.85442],[107.56324,-6.85608],[107.5617,-6.86094],[107.5636,-6.863],[107.56249,-6.86471],[107.56582,-6.86579],[107.56286,-6.86879],[107.56182,-6.87297],[107.57048,-6.87781],[107.56976,-6.88162],[107.57157,-6.88214],[107.57225,-6.88626],[107.57619,-6.89102],[107.56163,-6.88812],[107.55644,-6.88966],[107.56897,-6.91036],[107.56535,-6.9124],[107.56458,-6.91567],[107.56505,-6.92442],[107.56274,-6.92732],[107.56523,-6.92966],[107.56415,-6.93287],[107.55899,-6.93066],[107.56054,-6.92747],[107.55866,-6.926],[107.55782,-6.92969],[107.55018,-6.92635],[107.54555,-6.92676],[107.54391,-6.91938],[107.53705,-6.91735],[107.53325,-6.91813]]]}},{"type":"Feature","properties":{"n":"Kota Sukabumi","p":"Jawa Barat"},"geometry":{"type":"Polygon","coordinates":[[[106.92267,-6.97032],[106.92306,-6.97235],[106.91742,-6.97403],[106.91746,-6.97606],[106.91437,-6.97431],[106.91205,-6.97814],[106.90594,-6.97892],[106.90215,-6.97582],[106.8973,-6.97807],[106.89476,-6.97406],[106.89602,-6.97214],[106.8889,-6.96936],[106.88639,-6.97394],[106.87992,-6.97315],[106.87886,-6.97587],[106.87668,-6.97379],[106.87484,-6.97612],[106.87167,-6.97229],[106.87445,-6.96689],[106.8737,-6.96322],[106.88401,-6.95924],[106.88505,-6.95677],[106.89803,-6.95639],[106.89906,-6.95839],[106.90218,-6.95617],[106.91035,-6.9543],[106.91152,-6.95232],[106.90747,-6.93897],[106.90061,-6.93311],[106.90101,-6.91363],[106.90145,-6.91205],[106.90473,-6.91226],[106.90632,-6.91458],[106.90739,-6.90742],[106.90985,-6.90342],[106.90967,-6.89531],[106.9115,-6.89248],[106.91407,-6.8941],[106.91477,-6.89244],[106.91597,-6.8934],[106.91807,-6.90289],[106.92194,-6.9015],[106.92426,-6.89838],[106.92967,-6.90467],[106.93327,-6.90404],[106.93414,-6.9024],[106.93659,-6.90365],[106.93942,-6.90846],[106.94975,-6.90762],[106.95069,-6.90456],[106.95312,-6.90326],[106.95444,-6.90401],[106.9549,-6.91529],[106.95214,-6.91615],[106.94988,-6.92074],[106.95973,-6.91867],[106.95727,-6.92421],[106.95894,-6.92853],[106.9583,-6.9347],[106.96015,-6.93732],[106.95997,-6.94256],[106.95555,-6.95464],[106.95567,-6.95836],[106.95256,-6.9638],[106.9465,-6.96896],[106.94455,-6.96698],[106.93142,-6.96531],[106.92606,-6.96962],[106.92444,-6.96881],[106.92267,-6.97032]]]}},{"type":"Feature","properties":{"n":"Sukoharjo","p":"Jawa Tengah"},"geometry":{"type":"Polygon","coordinates":[[[110.76441,-7.81015],[110.76144,-7.81705],[110.7623,-7.8234],[110.75874,-7.82568],[110.75181,-7.82478],[110.74947,-7.81999],[110.7432,-7.81747],[110.74094,-7.80541],[110.72611,-7.79512],[110.71478,-7.79128],[110.71529,-7.78709],[110.71724,-7.78705],[110.71912,-7.78434],[110.71884,-7.78189],[110.7176,-7.78205],[110.71925,-7.78074],[110.71853,-7.77913],[110.72023,-7.77973],[110.7193,-7.77781],[110.72523,-7.77671],[110.72653,-7.77044],[110.72956,-7.77039],[110.7285,-7.76705],[110.73023,-7.76249],[110.73492,-7.76251],[110.73725,-7.76038],[110.73792,-7.76211],[110.73813,-7.76089],[110.74271,-7.76107],[110.74297,-7.75862],[110.73955,-7.75752],[110.7437,-7.75697],[110.74121,-7.7558],[110.74926,-7.74429],[110.75137,-7.74414],[110.7503,-7.73994],[110.7517,-7.7408],[110.75875,-7.73471],[110.7569,-7.73329],[110.75744,-7.73155],[110.75939,-7.73247],[110.7598,-7.72661],[110.76173,-7.72721],[110.76601,-7.72074],[110.76362,-7.71979],[110.76498,-7.71651],[110.76637,-7.7153],[110.76701,-7.71676],[110.76848,-7.71569],[110.77036,-7.71686],[110.76926,-7.71292],[110.77046,-7.71213],[110.77107,-7.71389],[110.77234,-7.71232],[110.76937,-7.71035],[110.7699,-7.70827],[110.76767,-7.7048],[110.76894,-7.70282],[110.76746,-7.70098],[110.76991,-7.69888],[110.76843,-7.69737],[110.77425,-7.69384],[110.77276,-7.69182],[110.76954,-7.69184],[110.76963,-7.68978],[110.7674,-7.68869],[110.77057,-7.68732],[110.76983,-7.6838],[110.77679,-7.68223],[110.77646,-7.67791],[110.78028,-7.68215],[110.78169,-7.68135],[110.77694,-7.67555],[110.7806,-7.67389],[110.77927,-7.67168],[110.78028,-7.66741],[110.77806,-7.66474],[110.78091,-7.66213],[110.78563,-7.66114],[110.78991,-7.66279],[110.78997,-7.65925],[110.7862,-7.65634],[110.78932,-7.65501],[110.79387,-7.65705],[110.79418,-7.65491],[110.79179,-7.65186],[110.79378,-7.65131],[110.79419,-7.64949],[110.79116,-7.64811],[110.79886,-7.6444],[110.79953,-7.6426],[110.7974,-7.64175],[110.79516,-7.64386],[110.78742,-7.64196],[110.78172,-7.63791],[110.78098,-7.63521],[110.77854,-7.63564],[110.77694,-7.63321],[110.77255,-7.64027],[110.76349,-7.63595],[110.76836,-7.62669],[110.7664,-7.62579],[110.7672,-7.62337],[110.76464,-7.6199],[110.76145,-7.61981],[110.75802,-7.61734],[110.75668,-7.61891],[110.75052,-7.61606],[110.74732,-7.61665],[110.74809,-7.61223],[110.74232,-7.60997],[110.74708,-7.60394],[110.74367,-7.59908],[110.74145,-7.60029],[110.73915,-7.598],[110.73213,-7.60004],[110.7293,-7.59632],[110.72627,-7.59718],[110.72022,-7.59494],[110.71755,-7.59735],[110.70265,-7.59358],[110.71302,-7.58474],[110.71547,-7.57862],[110.71291,-7.57745],[110.71514,-7.57563],[110.71622,-7.57698],[110.72131,-7.56763],[110.7198,-7.56684],[110.7206,-7.56203],[110.71902,-7.56057],[110.72647,-7.55375],[110.72203,-7.55043],[110.71127,-7.54873],[110.71324,-7.54156],[110.71682,-7.54291],[110.72543,-7.53805],[110.73173,-7.53945],[110.73247,-7.53811],[110.73662,-7.53816],[110.74376,-7.54135],[110.74773,-7.54129],[110.74854,-7.54406],[110.75505,-7.5461],[110.7589,-7.54984],[110.75976,-7.54751],[110.76186,-7.5471],[110.76278,-7.54171],[110.77081,-7.54506],[110.76916,-7.5514],[110.77857,-7.55428],[110.77833,-7.56049],[110.78395,-7.56371],[110.78393,-7.57258],[110.78248,-7.57584],[110.78544,-7.57612],[110.78736,-7.57816],[110.78984,-7.57322],[110.79253,-7.57348],[110.79288,-7.57123],[110.80204,-7.5715],[110.80478,-7.57376],[110.80502,-7.57671],[110.80955,-7.58103],[110.80981,-7.58313],[110.81784,-7.58893],[110.81691,-7.59194],[110.81946,-7.59482],[110.82381,-7.59504],[110.82859,-7.59278],[110.83289,-7.59491],[110.83715,-7.5906],[110.84019,-7.59027],[110.84146,-7.58177],[110.84374,-7.57743],[110.84636,-7.57634],[110.8471,-7.57293],[110.85459,-7.57479],[110.85462,-7.57015],[110.85975,-7.57018],[110.86112,-7.5672],[110.86353,-7.56826],[110.8659,-7.567],[110.86779,-7.56786],[110.86824,-7.56659],[110.91246,-7.58427],[110.90557,-7.61221],[110.90644,-7.61379],[110.91668,-7.61268],[110.93602,-7.61743],[110.94686,-7.61841],[110.94562,-7.61959],[110.94803,-7.62347],[110.94762,-7.62933],[110.9449,-7.63648],[110.94248,-7.63754],[110.94485,-7.64116],[110.94662,-7.65308],[110.9485,-7.65537],[110.94711,-7.65921],[110.94784,-7.66996],[110.95348,-7.68085],[110.95855,-7.68149],[110.96044,-7.68408],[110.95837,-7.68403],[110.95841,-7.68275],[110.95787,-7.68452],[110.95414,-7.68332],[110.94952,-7.6954],[110.94056,-7.74483],[110.94063,-7.76803],[110.93742,-7.77876],[110.93571,-7.78019],[110.93439,-7.7767],[110.93187,-7.77717],[110.92946,-7.77095],[110.92349,-7.77035],[110.91845,-7.76519],[110.91647,-7.76061],[110.91237,-7.759],[110.91078,-7.75603],[110.90589,-7.75534],[110.90316,-7.75238],[110.89477,-7.7508],[110.88748,-7.7521],[110.88345,-7.75511],[110.88309,-7.74999],[110.87702,-7.74644],[110.87826,-7.75217],[110.87118,-7.75],[110.86621,-7.75407],[110.86373,-7.75325],[110.86374,-7.75716],[110.86055,-7.75937],[110.8627,-7.76598],[110.85835,-7.76774],[110.85925,-7.77],[110.85676,-7.77599],[110.85822,-7.78016],[110.85468,-7.78469],[110.86006,-7.79619],[110.85581,-7.80144],[110.85743,-7.81001],[110.85351,-7.81387],[110.85229,-7.81792],[110.84895,-7.81637],[110.84137,-7.80618],[110.84172,-7.80041],[110.83784,-7.79758],[110.83284,-7.79535],[110.82706,-7.79722],[110.82373,-7.79465],[110.81622,-7.79328],[110.81468,-7.79422],[110.81008,-7.79111],[110.80308,-7.79142],[110.80113,-7.79247],[110.80128,-7.79488],[110.799,-7.79434],[110.79715,-7.79609],[110.79358,-7.79481],[110.78533,-7.8001],[110.78248,-7.80403],[110.78372,-7.81164],[110.78583,-7.81334],[110.78558,-7.81672],[110.77216,-7.8082],[110.7678,-7.8082],[110.76441,-7.81015]]]}},{"type":"Feature","properties":{"n":"Blora","p":"Jawa Tengah"},"geometry":{"type":"Polygon","coordinates":[[[111.27907,-7.28788],[111.26799,-7.28956],[111.26678,-7.28766],[111.2639,-7.28716],[111.25516,-7.2877],[111.25389,-7.28444],[111.25111,-7.28387],[111.24873,-7.28381],[111.24831,-7.28625],[111.24389,-7.28526],[111.24144,-7.28155],[111.24172,-7.27828],[111.23942,-7.27703],[111.23997,-7.2757],[111.2343,-7.26924],[111.22873,-7.26762],[111.22358,-7.26008],[111.22426,-7.2567],[111.22293,-7.25488],[111.23691,-7.24163],[111.24323,-7.23871],[111.24239,-7.23206],[111.23945,-7.22549],[111.2458,-7.19269],[111.24537,-7.1856],[111.24921,-7.17711],[111.24791,-7.172],[111.24294,-7.16928],[111.24144,-7.16591],[111.24046,-7.13852],[111.23794,-7.13789],[111.22665,-7.11395],[111.2251,-7.10632],[111.22658,-7.09758],[111.21949,-7.09929],[111.21615,-7.09667],[111.21547,-7.09039],[111.21826,-7.0835],[111.21264,-7.0761],[111.2174,-7.0702],[111.21528,-7.06389],[111.21568,-7.05706],[111.21771,-7.05536],[111.21879,-7.05019],[111.21665,-7.04619],[111.21795,-7.03029],[111.21284,-7.02065],[111.20991,-7.01955],[111.20679,-7.02132],[111.19453,-7.01047],[111.1878,-7.00658],[111.17987,-6.99315],[111.17347,-6.99098],[111.16937,-6.984],[111.16181,-6.98263],[111.1614,-6.98442],[111.15484,-6.98363],[111.14706,-6.98066],[111.13922,-6.98045],[111.13273,-6.97729],[111.12251,-6.97653],[111.11373,-6.97927],[111.11113,-6.97816],[111.10691,-6.96206],[111.1071,-6.95776],[111.10438,-6.95158],[111.10456,-6.94593],[111.10234,-6.94337],[111.10429,-6.93862],[111.10229,-6.93271],[111.1004,-6.93285],[111.09796,-6.93038],[111.10188,-6.92457],[111.10388,-6.91721],[111.11732,-6.909],[111.12524,-6.91222],[111.13168,-6.91973],[111.13645,-6.92045],[111.13759,-6.91795],[111.14046,-6.918],[111.14271,-6.91502],[111.14378,-6.90913],[111.1406,-6.90267],[111.14381,-6.89951],[111.15277,-6.90829],[111.15559,-6.90708],[111.1628,-6.90887],[111.17632,-6.90487],[111.17943,-6.90207],[111.18218,-6.90239],[111.18348,-6.89989],[111.1867,-6.90041],[111.1869,-6.89669],[111.19333,-6.89883],[111.20149,-6.89663],[111.20305,-6.89514],[111.20391,-6.88902],[111.20355,-6.88051],[111.20227,-6.88003],[111.20311,-6.87456],[111.20885,-6.87363],[111.20822,-6.87215],[111.21116,-6.87134],[111.21184,-6.86934],[111.21529,-6.87179],[111.22194,-6.86912],[111.22379,-6.86371],[111.22224,-6.85616],[111.22401,-6.85496],[111.22328,-6.85246],[111.22544,-6.84944],[111.22897,-6.85122],[111.231,-6.85057],[111.23189,-6.85541],[111.24168,-6.85938],[111.24314,-6.86291],[111.24915,-6.86129],[111.25932,-6.8535],[111.28339,-6.86464],[111.29242,-6.86548],[111.29522,-6.86817],[111.29738,-6.86529],[111.31365,-6.86511],[111.33009,-6.869],[111.34239,-6.87781],[111.34118,-6.88075],[111.34792,-6.88631],[111.35667,-6.88502],[111.36002,-6.88635],[111.36388,-6.88456],[111.37772,-6.89155],[111.38118,-6.89008],[111.38961,-6.89274],[111.39968,-6.89117],[111.40235,-6.888],[111.40532,-6.88745],[111.40522,-6.8848],[111.40835,-6.88585],[111.41299,-6.88245],[111.41418,-6.88433],[111.41359,-6.89005],[111.42544,-6.89414],[111.43043,-6.89142],[111.43217,-6.8921],[111.4379,-6.88571],[111.44682,-6.8829],[111.4488,-6.87864],[111.45345,-6.87583],[111.4592,-6.87813],[111.45831,-6.87928],[111.4602,-6.87883],[111.4599,-6.88301],[111.47027,-6.88277],[111.47668,-6.88654],[111.47986,-6.88641],[111.4818,-6.88347],[111.48812,-6.88123],[111.4955,-6.88832],[111.49611,-6.89347],[111.49791,-6.89405],[111.5031,-6.89263],[111.5075,-6.89447],[111.51413,-6.88926],[111.51981,-6.89044],[111.533,-6.88922],[111.5396,-6.89608],[111.5389,-6.90215],[111.54087,-6.90398],[111.54295,-6.90297],[111.54526,-6.90414],[111.54205,-6.90757],[111.54383,-6.90901],[111.55116,-6.90778],[111.55038,-6.90674],[111.55519,-6.90457],[111.56016,-6.90603],[111.56325,-6.905],[111.5674,-6.90842],[111.57166,-6.90886],[111.57639,-6.90496],[111.58512,-6.90614],[111.5879,-6.90803],[111.59005,-6.91344],[111.57719,-6.91746],[111.57489,-6.93555],[111.57159,-6.94241],[111.56824,-6.94564],[111.56733,-6.95233],[111.57227,-6.95694],[111.57569,-6.9556],[111.5792,-6.95663],[111.59003,-6.96241],[111.59498,-6.96081],[111.6033,-6.96735],[111.61554,-6.9717],[111.62285,-6.98008],[111.62228,-6.99096],[111.61768,-6.99328],[111.61323,-7.0067],[111.61482,-7.00906],[111.61339,-7.01309],[111.61499,-7.01384],[111.61534,-7.01655],[111.61363,-7.01842],[111.6152,-7.02066],[111.61353,-7.02474],[111.61612,-7.03228],[111.61353,-7.03503],[111.61407,-7.03748],[111.61639,-7.03748],[111.61676,-7.04085],[111.61873,-7.04009],[111.61746,-7.04328],[111.6195,-7.04686],[111.61754,-7.04707],[111.61826,-7.05005],[111.6223,-7.05052],[111.62211,-7.05338],[111.62544,-7.0529],[111.62591,-7.05478],[111.62743,-7.05381],[111.62724,-7.0556],[111.62492,-7.05595],[111.62496,-7.0591],[111.6299,-7.05954],[111.62799,-7.06204],[111.6291,-7.06356],[111.62833,-7.06697],[111.62544,-7.07081],[111.62812,-7.07542],[111.62576,-7.07281],[111.62442,-7.07565],[111.62403,-7.07408],[111.62141,-7.07566],[111.62132,-7.07405],[111.61912,-7.07346],[111.61437,-7.07871],[111.61638,-7.08231],[111.61306,-7.08194],[111.61255,-7.08353],[111.61446,-7.08491],[111.61299,-7.08726],[111.61514,-7.09081],[111.61496,-7.09617],[111.61693,-7.09768],[111.6139,-7.0988],[111.61815,-7.10681],[111.62194,-7.10866],[111.62041,-7.11043],[111.61341,-7.11068],[111.61261,-7.11455],[111.61546,-7.11669],[111.61295,-7.1203],[111.61368,-7.12263],[111.6115,-7.12156],[111.61169,-7.12555],[111.60738,-7.12679],[111.60758,-7.12855],[111.60605,-7.12791],[111.6071,-7.13123],[111.60925,-7.13233],[111.60773,-7.13718],[111.61093,-7.1355],[111.60985,-7.1384],[111.61213,-7.13845],[111.61183,-7.1408],[111.60895,-7.13953],[111.61056,-7.14346],[111.60792,-7.1422],[111.60566,-7.14348],[111.6071,-7.14683],[111.59866,-7.14534],[111.59881,-7.15494],[111.58779,-7.16398],[111.58415,-7.17071],[111.58376,-7.17676],[111.58722,-7.18556],[111.57591,-7.18822],[111.56763,-7.1862],[111.5641,-7.18933],[111.56928,-7.19878],[111.5661,-7.20725],[111.55892,-7.20611],[111.55565,-7.20172],[111.55267,-7.20267],[111.54875,-7.20557],[111.54304,-7.21381],[111.53667,-7.21592],[111.53715,-7.21866],[111.54305,-7.2241],[111.54291,-7.2265],[111.5392,-7.22784],[111.52801,-7.22714],[111.52244,-7.23704],[111.51378,-7.23861],[111.50275,-7.24826],[111.50049,-7.2488],[111.48784,-7.24293],[111.48573,-7.24643],[111.48574,-7.25115],[111.49053,-7.25714],[111.49029,-7.26043],[111.48638,-7.2603],[111.47725,-7.2519],[111.4747,-7.25326],[111.46872,-7.26248],[111.46164,-7.26242],[111.45572,-7.2583],[111.45644,-7.24966],[111.4519,-7.248],[111.45143,-7.27413],[111.44957,-7.27589],[111.44732,-7.2756],[111.44238,-7.26745],[111.43798,-7.2697],[111.43887,-7.27353],[111.44439,-7.27865],[111.44193,-7.28959],[111.43756,-7.29289],[111.43054,-7.30389],[111.42429,-7.3075],[111.42356,-7.31018],[111.42576,-7.31257],[111.43284,-7.31492],[111.44095,-7.31556],[111.44767,-7.31354],[111.45764,-7.32156],[111.4574,-7.32456],[111.44929,-7.33064],[111.44616,-7.33705],[111.45016,-7.3403],[111.46082,-7.34111],[111.46274,-7.34553],[111.45903,-7.3464],[111.45361,-7.34324],[111.44968,-7.34318],[111.4442,-7.34637],[111.44175,-7.35106],[111.44493,-7.3611],[111.44694,-7.3607],[111.45026,-7.35498],[111.4548,-7.35235],[111.4599,-7.35346],[111.46176,-7.36061],[111.45607,-7.3679],[111.46287,-7.37058],[111.46249,-7.37812],[111.45325,-7.37136],[111.43303,-7.36521],[111.42905,-7.36061],[111.42686,-7.35013],[111.42019,-7.34567],[111.40763,-7.34568],[111.40071,-7.34402],[111.3925,-7.34505],[111.37199,-7.3406],[111.36753,-7.33314],[111.36075,-7.33007],[111.35368,-7.3321],[111.34705,-7.33623],[111.34711,-7.33483],[111.34481,-7.33486],[111.34811,-7.33008],[111.34517,-7.32788],[111.34688,-7.32273],[111.34453,-7.319],[111.34006,-7.31817],[111.33568,-7.3203],[111.3343,-7.31848],[111.33481,-7.32046],[111.33315,-7.32078],[111.33301,-7.31733],[111.3314,-7.31744],[111.33007,-7.31503],[111.32611,-7.31655],[111.32672,-7.31529],[111.32183,-7.31193],[111.32229,-7.30939],[111.31911,-7.30911],[111.31537,-7.30488],[111.30986,-7.30635],[111.30852,-7.30213],[111.30633,-7.30042],[111.30605,-7.30231],[111.30425,-7.30279],[111.30338,-7.2996],[111.30057,-7.30195],[111.29741,-7.30013],[111.29551,-7.30164],[111.29559,-7.29996],[111.29364,-7.30006],[111.29507,-7.29912],[111.29332,-7.29791],[111.2934,-7.29562],[111.28677,-7.29123],[111.28788,-7.29022],[111.28655,-7.28922],[111.2822,-7.28892],[111.28062,-7.29047],[111.27907,-7.28788]]]}},{"type":"Feature","properties":{"n":"Serang","p":"Banten"},"geometry":{"type":"MultiPolygon","coordinates":[[[[106.03227,-6.27425],[106.0146,-6.27367],[106.00148,-6.27544],[105.99489,-6.27389],[105.99231,-6.2656],[105.99022,-6.267],[105.98945,-6.26511],[105.98686,-6.2669],[105.98144,-6.26516],[105.98321,-6.26317],[105.98273,-6.25253],[105.97741,-6.24575],[105.96145,-6.24442],[105.94964,-6.24829],[105.94689,-6.24574],[105.94836,-6.24237],[105.94698,-6.23745],[105.93453,-6.24027],[105.93661,-6.25151],[105.936,-6.25637],[105.93399,-6.25896],[105.93485,-6.27802],[105.9303,-6.28104],[105.92203,-6.27406],[105.92011,-6.26993],[105.92113,-6.26644],[105.91636,-6.25001],[105.90891,-6.24451],[105.90776,-6.24548],[105.9053,-6.2443],[105.90431,-6.24608],[105.9026,-6.24281],[105.8985,-6.24356],[105.89773,-6.23914],[105.89925,-6.23773],[105.89226,-6.23132],[105.88848,-6.22429],[105.88509,-6.22348],[105.88293,-6.22371],[105.88018,-6.22705],[105.88153,-6.23575],[105.87767,-6.23958],[105.8711,-6.23682],[105.86276,-6.23763],[105.85326,-6.24274],[105.84093,-6.23998],[105.82991,-6.24833],[105.82686,-6.24779],[105.82505,-6.24303],[105.82604,-6.24389],[105.82605,-6.24254],[105.82517,-6.24285],[105.82482,-6.24217],[105.8259,-6.2424],[105.82507,-6.23921],[105.82633,-6.23483],[105.83155,-6.2323],[105.82958,-6.23197],[105.83156,-6.22976],[105.83198,-6.21204],[105.83529,-6.20093],[105.84134,-6.1926],[105.84149,-6.19026],[105.84058,-6.18982],[105.83985,-6.18993],[105.83947,-6.18969],[105.84168,-6.1885],[105.8435,-6.17915],[105.84683,-6.17502],[105.84663,-6.17075],[105.84784,-6.17118],[105.85048,-6.16664],[105.85331,-6.16536],[105.85284,-6.15518],[105.85499,-6.15269],[105.85465,-6.14646],[105.85766,-6.14105],[105.85706,-6.1407],[105.85665,-6.14118],[105.85619,-6.14102],[105.86216,-6.13812],[105.86447,-6.12435],[105.87044,-6.1201],[105.87329,-6.11317],[105.87579,-6.11099],[105.87836,-6.1118],[105.88012,-6.10918],[105.8818,-6.09819],[105.88092,-6.09118],[105.88279,-6.08987],[105.88347,-6.0837],[105.88108,-6.07686],[105.88279,-6.07797],[105.88215,-6.07271],[105.88486,-6.0696],[105.88694,-6.06986],[105.89105,-6.06552],[105.8931,-6.06584],[105.89438,-6.06274],[105.90292,-6.06089],[105.90261,-6.05968],[105.90384,-6.06025],[105.90866,-6.05546],[105.91172,-6.05569],[105.91507,-6.05282],[105.91985,-6.05358],[105.9225,-6.04667],[105.92347,-6.04852],[105.92436,-6.04713],[105.92371,-6.04906],[105.92779,-6.04925],[105.92918,-6.04755],[105.93761,-6.05257],[105.94433,-6.04589],[105.94775,-6.05197],[105.95097,-6.05381],[105.95373,-6.05807],[105.95606,-6.05611],[105.96388,-6.05788],[105.96613,-6.05148],[105.97212,-6.04962],[105.9761,-6.05251],[105.97618,-6.05525],[105.98656,-6.06241],[105.98563,-6.05578],[105.9884,-6.05249],[105.98856,-6.04753],[105.9811,-6.04023],[105.98485,-6.03791],[105.98792,-6.03802],[105.98818,-6.04258],[105.99136,-6.04258],[105.9913,-6.04061],[105.99378,-6.04039],[105.99446,-6.04244],[105.99936,-6.04261],[106.00324,-6.04629],[106.00717,-6.04496],[106.00767,-6.04262],[106.01625,-6.04375],[106.02964,-6.04001],[106.03085,-6.04097],[106.02882,-6.04542],[106.02998,-6.04756],[106.02615,-6.04997],[106.02709,-6.05401],[106.02345,-6.05736],[106.0251,-6.05786],[106.02392,-6.05925],[106.02291,-6.05846],[106.02369,-6.06054],[106.02223,-6.06054],[106.02266,-6.06235],[106.02066,-6.06226],[106.02189,-6.06323],[106.01969,-6.06486],[106.01976,-6.07094],[106.02147,-6.07215],[106.02029,-6.07809],[106.02582,-6.08064],[106.02805,-6.07879],[106.03092,-6.07908],[106.03148,-6.0806],[106.03631,-6.08013],[106.04989,-6.07549],[106.05327,-6.06103],[106.05598,-6.06173],[106.06251,-6.05247],[106.06227,-6.04897],[106.06591,-6.04452],[106.07176,-6.03978],[106.07552,-6.03864],[106.07789,-6.04044],[106.08096,-6.03696],[106.08246,-6.03775],[106.08507,-6.03561],[106.08803,-6.00254],[106.07294,-6.0009],[106.07444,-5.99789],[106.07294,-5.99558],[106.0643,-5.99307],[106.06813,-5.98868],[106.06755,-5.98655],[106.06376,-5.98586],[106.05922,-5.98092],[106.05969,-5.97818],[106.05694,-5.97233],[106.05946,-5.96607],[106.05789,-5.9587],[106.05006,-5.95108],[106.0439,-5.94914],[106.04337,-5.94507],[106.03594,-5.94339],[106.03142,-5.93383],[106.03306,-5.92677],[106.04483,-5.91143],[106.03963,-5.89966],[106.04104,-5.87574],[106.0424,-5.87802],[106.04622,-5.88077],[106.0425,-5.87785],[106.04409,-5.87551],[106.04281,-5.87791],[106.04846,-5.88172],[106.04932,-5.88054],[106.04996,-5.88025],[106.04754,-5.88399],[106.0488,-5.88206],[106.05004,-5.8833],[106.05092,-5.88018],[106.05086,-5.88359],[106.05364,-5.88407],[106.06093,-5.88388],[106.06435,-5.88086],[106.06516,-5.88263],[106.07216,-5.88232],[106.07216,-5.88319],[106.07241,-5.8842],[106.07232,-5.88272],[106.07488,-5.88409],[106.0759,-5.88724],[106.08357,-5.89206],[106.08372,-5.89505],[106.08603,-5.89572],[106.08644,-5.89866],[106.08885,-5.901],[106.0875,-5.90377],[106.09806,-5.91142],[106.10135,-5.91165],[106.10217,-5.91489],[106.10076,-5.9189],[106.10196,-5.91852],[106.10421,-5.92386],[106.10773,-5.92736],[106.11433,-5.93096],[106.11207,-5.94025],[106.10927,-5.94021],[106.10792,-5.94372],[106.10431,-5.94431],[106.10612,-5.94433],[106.1074,-5.94686],[106.10553,-5.94675],[106.10538,-5.94828],[106.10914,-5.95303],[106.10818,-5.9538],[106.11118,-5.95426],[106.10983,-5.95542],[106.11034,-5.95767],[106.10782,-5.95872],[106.1115,-5.95886],[106.1124,-5.96116],[106.11158,-5.96441],[106.10951,-5.96431],[106.11166,-5.96618],[106.10803,-5.96501],[106.10912,-5.9633],[106.10435,-5.9644],[106.10819,-5.96758],[106.10662,-5.96729],[106.10675,-5.96759],[106.10712,-5.96768],[106.10743,-5.96804],[106.10509,-5.96956],[106.1074,-5.97125],[106.10507,-5.97166],[106.10768,-5.97205],[106.10637,-5.97267],[106.10791,-5.97364],[106.10499,-5.97365],[106.11315,-5.97438],[106.109,-5.97469],[106.10995,-5.97572],[106.10733,-5.97676],[106.10958,-5.97795],[106.10488,-5.97718],[106.10444,-5.9784],[106.1101,-5.97873],[106.10749,-5.98311],[106.11104,-5.98339],[106.11161,-5.98788],[106.11345,-5.98705],[106.11365,-5.98895],[106.10282,-5.98725],[106.10314,-5.98839],[106.10108,-5.98719],[106.09991,-5.98808],[106.10239,-5.98877],[106.10585,-5.99449],[106.10741,-5.99453],[106.10599,-5.99454],[106.10557,-5.99528],[106.11079,-5.99542],[106.12293,-5.98554],[106.11947,-5.9886],[106.12139,-5.99139],[106.11245,-5.99771],[106.11463,-6.0008],[106.11339,-6.00288],[106.12102,-6.01068],[106.12747,-6.01151],[106.14834,-6.02033],[106.14657,-6.03006],[106.14952,-6.03392],[106.14776,-6.04385],[106.14899,-6.04731],[106.14271,-6.05767],[106.14888,-6.06755],[106.14506,-6.06861],[106.14022,-6.06641],[106.14002,-6.06847],[106.13223,-6.07661],[106.12743,-6.0766],[106.12591,-6.07905],[106.1221,-6.07889],[106.11981,-6.0832],[106.11787,-6.0822],[106.11487,-6.08488],[106.11007,-6.08575],[106.10959,-6.0879],[106.10593,-6.08944],[106.09998,-6.09647],[106.09524,-6.10864],[106.09179,-6.11053],[106.08851,-6.11724],[106.08277,-6.11779],[106.08287,-6.11909],[106.07821,-6.12072],[106.07734,-6.1192],[106.07435,-6.12173],[106.07387,-6.1245],[106.07039,-6.12817],[106.06922,-6.13342],[106.07391,-6.13941],[106.07617,-6.15007],[106.07334,-6.15225],[106.07037,-6.16051],[106.06657,-6.16486],[106.06759,-6.16873],[106.06593,-6.17437],[106.06717,-6.17677],[106.06859,-6.17542],[106.07221,-6.17691],[106.07575,-6.18297],[106.08642,-6.17353],[106.09568,-6.17529],[106.10254,-6.17342],[106.1069,-6.17948],[106.11137,-6.18198],[106.11475,-6.18107],[106.11542,-6.1765],[106.12029,-6.1774],[106.11974,-6.17094],[106.12201,-6.16787],[106.12502,-6.17004],[106.12796,-6.16987],[106.13215,-6.16528],[106.137,-6.16573],[106.13803,-6.17206],[106.1399,-6.17222],[106.14517,-6.17181],[106.14958,-6.16939],[106.15215,-6.17629],[106.15123,-6.17929],[106.1414,-6.18383],[106.1408,-6.18637],[106.14381,-6.18712],[106.14176,-6.19177],[106.13488,-6.1924],[106.13488,-6.202],[106.13804,-6.20929],[106.15051,-6.20967],[106.15189,-6.20667],[106.15707,-6.2074],[106.15748,-6.21421],[106.16181,-6.21614],[106.16629,-6.2165],[106.16921,-6.21408],[106.17537,-6.21887],[106.17955,-6.21543],[106.19225,-6.21798],[106.19505,-6.21504],[106.19329,-6.20872],[106.19989,-6.19842],[106.20951,-6.19614],[106.21331,-6.19622],[106.21508,-6.19843],[106.2184,-6.19704],[106.22407,-6.19808],[106.22845,-6.19474],[106.22975,-6.19238],[106.22865,-6.18981],[106.21954,-6.18688],[106.22917,-6.17831],[106.233,-6.17082],[106.23587,-6.17026],[106.24186,-6.174],[106.25116,-6.15914],[106.25574,-6.14623],[106.2464,-6.14163],[106.24226,-6.13072],[106.23924,-6.12895],[106.2348,-6.13006],[106.22548,-6.12925],[106.22233,-6.1262],[106.22896,-6.1088],[106.22422,-6.10535],[106.22896,-6.10207],[106.2302,-6.09929],[106.22709,-6.0941],[106.22176,-6.09231],[106.22349,-6.08593],[106.21924,-6.0834],[106.22186,-6.06898],[106.2203,-6.05804],[106.22154,-6.04823],[106.22566,-6.03874],[106.22234,-6.02538],[106.21639,-6.01622],[106.22462,-6.01253],[106.22712,-6.00742],[106.22554,-6.00401],[106.22823,-6.00308],[106.22912,-6.00055],[106.23113,-6.00136],[106.23275,-5.99867],[106.23699,-5.99752],[106.23656,-5.99631],[106.2371,-5.99582],[106.23838,-5.99757],[106.23938,-5.99656],[106.23816,-5.99437],[106.24321,-5.99059],[106.24238,-5.987],[106.2442,-5.98601],[106.24308,-5.98493],[106.24465,-5.98405],[106.24461,-5.97887],[106.24622,-5.97754],[106.24488,-5.97636],[106.24581,-5.97016],[106.24425,-5.96702],[106.25702,-5.96052],[106.26202,-5.96073],[106.26505,-5.95889],[106.26376,-5.96085],[106.2665,-5.96376],[106.27494,-5.96613],[106.28587,-5.96646],[106.29436,-5.96892],[106.30675,-5.96861],[106.32299,-5.98269],[106.3277,-5.98472],[106.32907,-5.98267],[106.33027,-5.98248],[106.33041,-5.98465],[106.33292,-5.98647],[106.33717,-5.9842],[106.33479,-5.9844],[106.33714,-5.98364],[106.3341,-5.98321],[106.33479,-5.98122],[106.34525,-5.97588],[106.34703,-5.97305],[106.34691,-5.96925],[106.35038,-5.96386],[106.35536,-5.96184],[106.35548,-5.97051],[106.35771,-5.97443],[106.36305,-5.96424],[106.37682,-5.97033],[106.38025,-5.97375],[106.3826,-5.97328],[106.38909,-5.97815],[106.39285,-5.99161],[106.40038,-6.00921],[106.4118,-6.02422],[106.40987,-6.02875],[106.40707,-6.03093],[106.40121,-6.03031],[106.39787,-6.02782],[106.39651,-6.02909],[106.39311,-6.02765],[106.38824,-6.03122],[106.38294,-6.02966],[106.38315,-6.03219],[106.37965,-6.03557],[106.38038,-6.03911],[106.37907,-6.03782],[106.37577,-6.0397],[106.375,-6.03742],[106.36652,-6.03847],[106.35188,-6.0498],[106.34962,-6.05605],[106.35,-6.06249],[106.33952,-6.06311],[106.33928,-6.06813],[106.33997,-6.07461],[106.3484,-6.08658],[106.35115,-6.08721],[106.35283,-6.08956],[106.35078,-6.0908],[106.35355,-6.09264],[106.3526,-6.09678],[106.35017,-6.09757],[106.35279,-6.10112],[106.34978,-6.10275],[106.35074,-6.10993],[106.35168,-6.11111],[106.3539,-6.11024],[106.35585,-6.1136],[106.36185,-6.11648],[106.3646,-6.12038],[106.36215,-6.12128],[106.36774,-6.12734],[106.3719,-6.12923],[106.37724,-6.12886],[106.3788,-6.13482],[106.39258,-6.15181],[106.39267,-6.15681],[106.38754,-6.15733],[106.39278,-6.16037],[106.39278,-6.16193],[106.39025,-6.16269],[106.39366,-6.16505],[106.39313,-6.16641],[106.39023,-6.16637],[106.39086,-6.16974],[106.39426,-6.17058],[106.38892,-6.17531],[106.38879,-6.17672],[106.3913,-6.17645],[106.39075,-6.17912],[106.38944,-6.18041],[106.3875,-6.17935],[106.3857,-6.18618],[106.38025,-6.18628],[106.38013,-6.18901],[106.378,-6.18775],[106.37378,-6.19148],[106.3728,-6.19576],[106.3784,-6.19596],[106.37929,-6.20075],[106.37656,-6.20152],[106.37704,-6.20482],[106.37283,-6.20789],[106.37418,-6.21198],[106.37033,-6.2099],[106.36644,-6.21478],[106.36698,-6.21798],[106.37035,-6.21875],[106.37312,-6.22158],[106.37955,-6.21863],[106.37827,-6.21991],[106.38126,-6.22091],[106.38329,-6.22403],[106.38183,-6.22667],[106.38623,-6.22792],[106.38553,-6.22923],[106.38711,-6.23032],[106.38428,-6.23229],[106.38588,-6.23819],[106.38395,-6.24024],[106.38654,-6.24046],[106.38864,-6.24493],[106.38726,-6.24818],[106.38524,-6.24888],[106.386,-6.25271],[106.38278,-6.26192],[106.38583,-6.26142],[106.38776,-6.26466],[106.38481,-6.26603],[106.38937,-6.26856],[106.38774,-6.27012],[106.38914,-6.27208],[106.38738,-6.27522],[106.38929,-6.2768],[106.39231,-6.27466],[106.39306,-6.27853],[106.39513,-6.27989],[106.3941,-6.28121],[106.39126,-6.27958],[106.39031,-6.28179],[106.39277,-6.28347],[106.39465,-6.29335],[106.3981,-6.29664],[106.39893,-6.30256],[106.39742,-6.30488],[106.39455,-6.30519],[106.39575,-6.30688],[106.39446,-6.31386],[106.39192,-6.31393],[106.39932,-6.31601],[106.39693,-6.31716],[106.39963,-6.31843],[106.39779,-6.32472],[106.40025,-6.32389],[106.40074,-6.32509],[106.39906,-6.3273],[106.40189,-6.32552],[106.40274,-6.32683],[106.40094,-6.3303],[106.39067,-6.32921],[106.36476,-6.33247],[106.35658,-6.32913],[106.34601,-6.33334],[106.32649,-6.33573],[106.31955,-6.33515],[106.31518,-6.33197],[106.30846,-6.32005],[106.2988,-6.31778],[106.29307,-6.31246],[106.28786,-6.31295],[106.28487,-6.30968],[106.28048,-6.3117],[106.28244,-6.30891],[106.27988,-6.30719],[106.27962,-6.30307],[106.27713,-6.30142],[106.27352,-6.30025],[106.27166,-6.30231],[106.26092,-6.30635],[106.26157,-6.30986],[106.25968,-6.3108],[106.25507,-6.30876],[106.25503,-6.30291],[106.2592,-6.30168],[106.2593,-6.29995],[106.24595,-6.29699],[106.24359,-6.29802],[106.24384,-6.30464],[106.23913,-6.30577],[106.23438,-6.30214],[106.2312,-6.31079],[106.22621,-6.31265],[106.2225,-6.31171],[106.21878,-6.30734],[106.22087,-6.29964],[106.21429,-6.29879],[106.21371,-6.29257],[106.19559,-6.29037],[106.18985,-6.29382],[106.17182,-6.29133],[106.17312,-6.28389],[106.17582,-6.28066],[106.17521,-6.27209],[106.17977,-6.2714],[106.17871,-6.25983],[106.18024,-6.25737],[106.17848,-6.25377],[106.17474,-6.25327],[106.17451,-6.25084],[106.16504,-6.25197],[106.14768,-6.25076],[106.14579,-6.25128],[106.14505,-6.25427],[106.13927,-6.25411],[106.13497,-6.25766],[106.13245,-6.25754],[106.128,-6.2505],[106.12509,-6.25126],[106.12262,-6.24893],[106.11776,-6.25417],[106.11211,-6.2519],[106.10968,-6.25271],[106.10821,-6.24377],[106.1048,-6.23912],[106.09751,-6.23755],[106.09364,-6.22994],[106.09193,-6.22874],[106.0869,-6.22966],[106.08551,-6.22759],[106.0778,-6.25104],[106.06589,-6.26352],[106.05419,-6.26914],[106.04991,-6.26975],[106.04816,-6.26729],[106.04576,-6.26733],[106.03904,-6.26873],[106.03612,-6.2721],[106.03375,-6.27118],[106.03227,-6.27425]]],[[[105.85227,-6.13789],[105.85225,-6.13778],[105.85231,-6.13783],[105.85227,-6.13789]]],[[[105.85201,-6.13763],[105.85206,-6.13754],[105.85206,-6.13763],[105.85201,-6.13763]]],[[[105.85801,-5.93805],[105.85982,-5.94],[105.85981,-5.94575],[105.86159,-5.94966],[105.86054,-5.95528],[105.86334,-5.95871],[105.86321,-5.96345],[105.86619,-5.96758],[105.86127,-5.97384],[105.85718,-5.97495],[105.85097,-5.98017],[105.85093,-5.96463],[105.84921,-5.96318],[105.84873,-5.9584],[105.84609,-5.9569],[105.83704,-5.95653],[105.82972,-5.95059],[105.8341,-5.94494],[105.83673,-5.9464],[105.83546,-5.94896],[105.84159,-5.94847],[105.841,-5.94668],[105.83918,-5.94733],[105.83778,-5.94623],[105.84777,-5.94278],[105.85501,-5.93785],[105.85801,-5.93805]]],[[[106.09086,-5.89936],[106.09079,-5.89945],[106.09076,-5.89932],[106.09086,-5.89936]]],[[[106.09047,-5.89918],[106.09086,-5.89911],[106.09077,-5.89932],[106.09047,-5.89918]]],[[[106.09041,-5.8989],[106.09054,-5.89901],[106.09041,-5.89905],[106.09041,-5.8989]]],[[[106.09095,-5.89859],[106.09108,-5.89875],[106.0909,-5.89875],[106.09095,-5.89859]]],[[[106.09057,-5.89848],[106.09075,-5.89862],[106.09068,-5.8988],[106.09057,-5.89848]]],[[[106.08912,-5.89734],[106.09042,-5.8979],[106.09014,-5.89847],[106.08912,-5.89734]]],[[[106.06135,-5.87954],[106.06072,-5.87925],[106.0613,-5.87928],[106.06135,-5.87954]]],[[[106.15523,-6.00074],[106.15536,-6.00281],[106.15529,-6.0029],[106.15427,-6.00132],[106.15523,-6.00074]]],[[[106.15028,-5.99572],[106.15017,-5.99815],[106.14966,-5.99835],[106.1491,-5.99578],[106.15028,-5.99572]]],[[[106.14929,-5.98087],[106.15118,-5.98128],[106.1519,-5.98287],[106.14929,-5.98087]]],[[[106.19226,-5.96467],[106.19352,-5.96415],[106.19281,-5.96495],[106.19226,-5.96467]]],[[[106.11526,-5.94723],[106.11676,-5.95041],[106.11574,-5.95175],[106.11346,-5.94819],[106.11526,-5.94723]]],[[[106.16983,-5.9379],[106.17027,-5.93902],[106.16953,-5.93786],[106.16983,-5.9379]]],[[[106.15196,-5.91966],[106.16095,-5.92187],[106.16918,-5.93497],[106.16675,-5.93715],[106.16463,-5.93638],[106.16136,-5.94073],[106.15697,-5.94329],[106.15711,-5.94488],[106.15269,-5.94467],[106.14262,-5.9404],[106.13967,-5.93595],[106.13917,-5.92179],[106.15196,-5.91966]]],[[[106.09278,-5.90003],[106.09407,-5.90099],[106.09441,-5.90206],[106.09407,-5.90291],[106.09165,-5.90107],[106.09278,-5.90003]]],[[[106.09091,-5.89925],[106.09097,-5.89925],[106.09104,-5.89931],[106.09101,-5.89939],[106.09093,-5.8994],[106.09091,-5.89925]]],[[[106.0913,-5.89918],[106.09127,-5.89922],[106.09126,-5.89917],[106.0913,-5.89918]]],[[[106.09121,-5.89906],[106.09127,-5.8991],[106.09122,-5.89913],[106.09121,-5.89906]]],[[[106.09103,-5.89892],[106.09108,-5.89902],[106.091,-5.89896],[106.09103,-5.89892]]],[[[106.21883,-5.94072],[106.22153,-5.94336],[106.21552,-5.94285],[106.21625,-5.94133],[106.21883,-5.94072]]],[[[106.27221,-5.8076],[106.29052,-5.80904],[106.29491,-5.81148],[106.29369,-5.81454],[106.28635,-5.81571],[106.28628,-5.81698],[106.28613,-5.8157],[106.28576,-5.81693],[106.28502,-5.8158],[106.28148,-5.81641],[106.25429,-5.81079],[106.27221,-5.8076]]],[[[106.36052,-5.96557],[106.35888,-5.9721],[106.35751,-5.9733],[106.35612,-5.96964],[106.35748,-5.96297],[106.35942,-5.96377],[106.35888,-5.96623],[106.35949,-5.96462],[106.36052,-5.96557]]],[[[106.35499,-5.95601],[106.35005,-5.95532],[106.35047,-5.95154],[106.35402,-5.95097],[106.35499,-5.95601]]]]}},{"type":"Feature","properties":{"n":"Tuban","p":"Jawa Timur"},"geometry":{"type":"Polygon","coordinates":[[[111.72665,-7.08395],[111.71785,-7.07814],[111.71426,-7.08119],[111.71185,-7.08095],[111.70916,-7.07674],[111.70222,-7.07517],[111.70015,-7.07093],[111.69463,-7.06915],[111.69121,-7.06284],[111.69384,-7.05413],[111.69083,-7.05483],[111.69015,-7.05184],[111.68325,-7.05184],[111.67504,-7.04823],[111.67418,-7.04394],[111.6715,-7.04086],[111.65911,-7.03897],[111.6553,-7.03009],[111.6563,-7.01349],[111.65267,-7.00914],[111.65139,-6.9998],[111.64558,-6.99647],[111.63771,-6.99557],[111.63189,-6.99119],[111.6301,-6.99274],[111.62953,-6.99084],[111.62787,-6.99182],[111.62367,-6.98944],[111.62215,-6.98635],[111.62285,-6.98008],[111.61469,-6.97111],[111.6033,-6.96735],[111.59437,-6.96058],[111.59003,-6.96241],[111.5792,-6.95663],[111.57569,-6.9556],[111.57227,-6.95694],[111.56722,-6.95162],[111.56824,-6.94564],[111.57159,-6.94241],[111.57489,-6.93555],[111.57747,-6.91708],[111.60234,-6.91171],[111.60772,-6.90375],[111.60741,-6.89876],[111.60431,-6.89821],[111.60383,-6.89667],[111.6076,-6.89461],[111.60705,-6.89057],[111.6056,-6.88976],[111.60972,-6.88717],[111.61217,-6.88159],[111.61356,-6.87297],[111.61049,-6.8682],[111.61129,-6.86451],[111.61414,-6.86437],[111.61509,-6.86237],[111.61183,-6.85437],[111.61487,-6.84355],[111.61399,-6.83301],[111.6192,-6.82167],[111.63553,-6.82879],[111.64274,-6.82786],[111.64898,-6.82951],[111.65188,-6.82599],[111.65644,-6.82632],[111.65699,-6.82203],[111.6592,-6.82087],[111.66277,-6.81475],[111.66813,-6.80173],[111.66576,-6.79979],[111.66152,-6.78593],[111.65949,-6.7854],[111.66075,-6.77691],[111.66442,-6.77727],[111.66413,-6.77324],[111.66945,-6.76342],[111.67543,-6.76548],[111.67389,-6.77032],[111.67683,-6.7692],[111.67757,-6.77191],[111.67548,-6.77282],[111.67515,-6.77524],[111.67842,-6.77324],[111.67864,-6.76983],[111.6848,-6.77121],[111.68771,-6.76524],[111.68652,-6.76398],[111.69139,-6.75417],[111.70875,-6.76556],[111.71887,-6.76973],[111.72337,-6.77066],[111.72409,-6.76868],[111.72557,-6.76771],[111.72723,-6.76752],[111.72431,-6.76968],[111.72732,-6.77013],[111.72738,-6.76831],[111.72746,-6.77058],[111.73207,-6.77173],[111.75101,-6.7706],[111.76105,-6.775],[111.76457,-6.77418],[111.76568,-6.77169],[111.77244,-6.77724],[111.78572,-6.78042],[111.81134,-6.79487],[111.82229,-6.79863],[111.83794,-6.80098],[111.86015,-6.79948],[111.87975,-6.79543],[111.91619,-6.78219],[111.94658,-6.76365],[111.96063,-6.76234],[111.96081,-6.76067],[111.95382,-6.76035],[111.96092,-6.76051],[111.97472,-6.76834],[111.98012,-6.77315],[111.98522,-6.78551],[111.9848,-6.78973],[111.98737,-6.79646],[111.99467,-6.80367],[111.99961,-6.79897],[111.99456,-6.8044],[111.99778,-6.80682],[112.00302,-6.80102],[112.00346,-6.79776],[112.00318,-6.80096],[111.99801,-6.80742],[112.00132,-6.81327],[112.00695,-6.81865],[112.00791,-6.82093],[112.00657,-6.82286],[112.01047,-6.83455],[112.02647,-6.85795],[112.0295,-6.85632],[112.02864,-6.85771],[112.03058,-6.85871],[112.02891,-6.8609],[112.03631,-6.87046],[112.05324,-6.88709],[112.06504,-6.89258],[112.06743,-6.88847],[112.06694,-6.89304],[112.07211,-6.89478],[112.07776,-6.89422],[112.08391,-6.89659],[112.08748,-6.89401],[112.10307,-6.89642],[112.10539,-6.89494],[112.11704,-6.90018],[112.11806,-6.89905],[112.11777,-6.90013],[112.12349,-6.9026],[112.13,-6.90245],[112.13047,-6.90218],[112.13059,-6.90117],[112.13086,-6.90083],[112.13187,-6.90216],[112.14217,-6.90137],[112.14256,-6.89671],[112.14314,-6.89529],[112.14358,-6.89501],[112.14353,-6.90093],[112.14608,-6.89996],[112.14417,-6.89588],[112.14629,-6.89795],[112.15122,-6.89673],[112.15364,-6.89826],[112.15807,-6.89649],[112.15799,-6.89854],[112.15891,-6.89716],[112.16,-6.89886],[112.16689,-6.89876],[112.16879,-6.89728],[112.16842,-6.89412],[112.16904,-6.89298],[112.16896,-6.89737],[112.17044,-6.89731],[112.1697,-6.89291],[112.17214,-6.90272],[112.17535,-6.90214],[112.17898,-6.90508],[112.18036,-6.91315],[112.18324,-6.91206],[112.18375,-6.91489],[112.1868,-6.91179],[112.19377,-6.91448],[112.19496,-6.91264],[112.19882,-6.91283],[112.203,-6.9183],[112.20261,-6.94785],[112.20593,-6.96898],[112.21304,-6.97913],[112.20957,-6.97967],[112.21088,-6.98561],[112.20975,-6.9967],[112.21398,-6.99924],[112.21164,-7.0018],[112.21457,-7.00944],[112.21079,-7.02057],[112.20409,-7.02589],[112.20333,-7.02942],[112.20735,-7.03413],[112.22246,-7.03734],[112.21576,-7.04294],[112.21526,-7.05472],[112.21881,-7.06868],[112.21661,-7.07484],[112.20365,-7.07448],[112.18983,-7.08438],[112.18385,-7.08346],[112.18493,-7.07632],[112.18338,-7.07462],[112.17932,-7.0751],[112.17462,-7.08691],[112.17722,-7.08847],[112.18387,-7.08872],[112.17751,-7.09863],[112.17449,-7.09939],[112.16865,-7.09741],[112.165,-7.09858],[112.16308,-7.10679],[112.15926,-7.11039],[112.15454,-7.11012],[112.14623,-7.10673],[112.15134,-7.10353],[112.15082,-7.10056],[112.147,-7.10151],[112.14429,-7.10628],[112.13129,-7.09702],[112.12712,-7.09953],[112.12715,-7.10681],[112.12488,-7.10834],[112.12186,-7.10768],[112.11742,-7.09758],[112.11853,-7.09529],[112.124,-7.09224],[112.12457,-7.08944],[112.12161,-7.08838],[112.11524,-7.08953],[112.10876,-7.08702],[112.10014,-7.08842],[112.08661,-7.08613],[112.08406,-7.08228],[112.08426,-7.06784],[112.08277,-7.06592],[112.06578,-7.07233],[112.05471,-7.0728],[112.05131,-7.0772],[112.04809,-7.07627],[112.04131,-7.08174],[112.03952,-7.07931],[112.0449,-7.07569],[112.04429,-7.07123],[112.03872,-7.07135],[112.03527,-7.0772],[112.03132,-7.07905],[112.02614,-7.06934],[112.02212,-7.06766],[112.01779,-7.06806],[112.01566,-7.06991],[112.0154,-7.07439],[112.02026,-7.08283],[112.02041,-7.08736],[112.01785,-7.09096],[112.01296,-7.09373],[112.0063,-7.09343],[112.00628,-7.09581],[112.01265,-7.09894],[112.01443,-7.10216],[112.00552,-7.1054],[112.00323,-7.10925],[112.01095,-7.12515],[112.01056,-7.13027],[112.00654,-7.13128],[111.99897,-7.12498],[111.9975,-7.12066],[111.99955,-7.11574],[111.99779,-7.11395],[111.99507,-7.11445],[111.99366,-7.12776],[111.98477,-7.1426],[111.98302,-7.15295],[111.98469,-7.16207],[111.98059,-7.16504],[111.97767,-7.16156],[111.97996,-7.15201],[111.97937,-7.14814],[111.97008,-7.13781],[111.96346,-7.13714],[111.95848,-7.13332],[111.95272,-7.13182],[111.94998,-7.13506],[111.94257,-7.15489],[111.93663,-7.15954],[111.93261,-7.15995],[111.93027,-7.15651],[111.93243,-7.14144],[111.93043,-7.13278],[111.92068,-7.13207],[111.91008,-7.13813],[111.89921,-7.13633],[111.8988,-7.1332],[111.90165,-7.13198],[111.90031,-7.12876],[111.88635,-7.12173],[111.88368,-7.12217],[111.88172,-7.13146],[111.879,-7.13248],[111.87669,-7.13118],[111.87793,-7.13327],[111.86713,-7.12626],[111.86856,-7.12863],[111.86669,-7.12917],[111.86452,-7.1241],[111.86199,-7.1297],[111.8597,-7.12582],[111.86016,-7.12388],[111.85823,-7.12347],[111.85727,-7.12573],[111.85605,-7.12532],[111.85471,-7.12146],[111.85657,-7.11512],[111.85391,-7.1152],[111.83817,-7.10474],[111.82424,-7.10043],[111.81854,-7.0881],[111.81401,-7.08629],[111.80184,-7.08371],[111.79709,-7.08618],[111.79333,-7.08197],[111.78854,-7.0835],[111.77487,-7.08198],[111.76601,-7.08383],[111.76246,-7.08785],[111.75951,-7.08492],[111.751,-7.08483],[111.74362,-7.08012],[111.73624,-7.07783],[111.72665,-7.08395]]]}},{"type":"Feature","properties":{"n":"Kota Surakarta","p":"Jawa Tengah"},"geometry":{"type":"Polygon","coordinates":[[[110.81733,-7.58857],[110.80981,-7.58313],[110.80955,-7.58103],[110.80502,-7.57671],[110.80478,-7.57376],[110.80204,-7.5715],[110.79288,-7.57123],[110.79253,-7.57348],[110.78984,-7.57322],[110.78736,-7.57816],[110.78544,-7.57612],[110.78248,-7.57584],[110.78393,-7.57258],[110.78395,-7.56371],[110.77833,-7.56049],[110.77857,-7.55428],[110.76916,-7.5514],[110.77091,-7.54525],[110.77664,-7.54652],[110.78108,-7.54525],[110.78745,-7.54799],[110.78937,-7.54688],[110.79611,-7.54878],[110.80081,-7.53349],[110.80301,-7.53176],[110.80621,-7.53229],[110.80815,-7.53446],[110.81259,-7.52204],[110.81541,-7.52269],[110.8172,-7.52877],[110.82778,-7.5282],[110.83752,-7.53102],[110.84302,-7.53461],[110.84837,-7.53308],[110.85424,-7.53532],[110.85833,-7.53388],[110.85921,-7.53508],[110.85469,-7.53856],[110.85956,-7.53993],[110.85729,-7.5461],[110.85776,-7.54983],[110.86188,-7.54758],[110.86348,-7.54816],[110.86596,-7.54559],[110.86904,-7.54751],[110.86685,-7.55769],[110.86253,-7.56036],[110.86026,-7.56977],[110.85462,-7.57015],[110.85447,-7.57483],[110.8471,-7.57293],[110.84636,-7.57634],[110.84374,-7.57743],[110.84141,-7.58192],[110.8407,-7.58972],[110.83701,-7.59069],[110.83308,-7.59487],[110.82859,-7.59278],[110.82381,-7.59504],[110.81887,-7.59463],[110.81691,-7.59194],[110.81733,-7.58857]]]}},{"type":"Feature","properties":{"n":"Bondowoso","p":"Jawa Timur"},"geometry":{"type":"Polygon","coordinates":[[[113.79119,-8.05118],[113.7819,-8.05014],[113.78136,-8.04657],[113.7758,-8.04184],[113.77501,-8.03783],[113.77288,-8.03677],[113.77101,-8.0397],[113.76437,-8.04353],[113.76022,-8.05079],[113.7563,-8.04738],[113.75298,-8.0526],[113.75161,-8.04932],[113.74925,-8.04943],[113.75189,-8.06083],[113.74892,-8.06535],[113.74738,-8.0649],[113.74515,-8.05471],[113.74612,-8.05134],[113.73961,-8.04679],[113.73897,-8.04212],[113.73551,-8.03965],[113.7333,-8.03362],[113.72801,-8.02825],[113.72619,-8.02357],[113.72024,-8.02168],[113.71019,-8.01122],[113.69559,-8.01039],[113.68724,-8.01151],[113.68643,-8.00688],[113.68113,-7.99772],[113.67867,-7.9963],[113.67169,-7.98595],[113.67265,-7.9845],[113.67075,-7.98283],[113.66933,-7.97447],[113.67013,-7.96798],[113.66259,-7.96824],[113.66143,-7.96637],[113.66042,-7.9689],[113.65808,-7.96796],[113.65186,-7.96959],[113.64874,-7.97354],[113.64603,-7.97415],[113.64086,-7.97159],[113.63567,-7.96558],[113.62952,-7.97246],[113.62927,-7.96741],[113.62667,-7.96671],[113.62611,-7.96397],[113.62326,-7.9622],[113.63713,-7.94959],[113.64425,-7.94767],[113.65151,-7.94172],[113.66044,-7.93846],[113.6617,-7.93162],[113.66086,-7.92643],[113.66292,-7.92159],[113.67332,-7.91893],[113.67942,-7.91259],[113.68485,-7.91033],[113.68909,-7.90315],[113.69985,-7.89935],[113.70319,-7.89245],[113.70635,-7.8896],[113.70711,-7.8854],[113.72246,-7.87903],[113.72093,-7.87228],[113.72379,-7.86983],[113.72703,-7.86066],[113.7276,-7.85771],[113.72607,-7.85432],[113.72934,-7.84787],[113.73078,-7.83871],[113.73372,-7.83169],[113.73136,-7.81993],[113.7337,-7.81554],[113.73353,-7.80964],[113.73656,-7.80835],[113.73938,-7.80445],[113.73907,-7.78955],[113.74404,-7.78967],[113.74625,-7.79309],[113.74542,-7.79511],[113.74736,-7.79625],[113.75648,-7.79551],[113.76075,-7.79685],[113.7604,-7.79215],[113.78137,-7.80025],[113.78384,-7.7991],[113.7877,-7.80292],[113.79343,-7.80281],[113.79993,-7.80778],[113.80158,-7.81653],[113.80449,-7.81653],[113.80908,-7.81311],[113.8161,-7.81331],[113.82143,-7.81097],[113.8343,-7.81313],[113.84106,-7.80803],[113.84901,-7.79606],[113.85325,-7.79436],[113.86449,-7.79331],[113.8722,-7.79754],[113.87573,-7.79514],[113.87574,-7.7916],[113.87729,-7.79108],[113.88292,-7.79709],[113.89672,-7.79828],[113.8996,-7.80006],[113.89933,-7.80174],[113.90399,-7.80361],[113.90596,-7.8001],[113.90477,-7.79884],[113.9055,-7.79564],[113.9169,-7.79249],[113.91823,-7.78881],[113.92869,-7.79061],[113.92988,-7.79277],[113.93481,-7.79274],[113.93682,-7.79173],[113.936,-7.79013],[113.9378,-7.78614],[113.9357,-7.77671],[113.9409,-7.77549],[113.95084,-7.76523],[113.95962,-7.77013],[113.96989,-7.76917],[113.97352,-7.77151],[113.97877,-7.7719],[113.97992,-7.77397],[113.98346,-7.77251],[113.99064,-7.77541],[113.99241,-7.77779],[114.00124,-7.77017],[114.00782,-7.75502],[114.0149,-7.761],[114.03007,-7.76022],[114.03132,-7.75786],[114.0354,-7.75988],[114.04966,-7.75854],[114.05074,-7.76074],[114.05647,-7.75876],[114.06628,-7.75937],[114.07133,-7.76126],[114.07077,-7.7641],[114.07277,-7.76488],[114.07472,-7.76974],[114.07935,-7.77071],[114.07489,-7.78317],[114.07941,-7.78937],[114.08061,-7.79554],[114.08687,-7.7993],[114.08844,-7.80274],[114.08916,-7.82427],[114.0956,-7.84062],[114.09415,-7.84176],[114.09484,-7.84433],[114.09321,-7.8452],[114.09387,-7.85824],[114.09191,-7.86229],[114.09349,-7.86459],[114.09226,-7.86698],[114.0939,-7.87251],[114.09253,-7.87544],[114.09394,-7.88167],[114.09615,-7.88274],[114.09884,-7.88897],[114.10225,-7.89248],[114.10272,-7.89922],[114.11114,-7.9096],[114.11168,-7.92114],[114.11372,-7.92442],[114.11374,-7.93262],[114.11563,-7.936],[114.11344,-7.93896],[114.11351,-7.94208],[114.11711,-7.95407],[114.12335,-7.9635],[114.12401,-7.97192],[114.12755,-7.97611],[114.12592,-7.98351],[114.12787,-7.98684],[114.12764,-7.99302],[114.14115,-7.98139],[114.15052,-7.97676],[114.16359,-7.97292],[114.16636,-7.97044],[114.17454,-7.9694],[114.19112,-7.97138],[114.19909,-7.97582],[114.20364,-7.97544],[114.21169,-7.97776],[114.22434,-7.98666],[114.22439,-7.98976],[114.23217,-7.99646],[114.23826,-8.00615],[114.23771,-8.01233],[114.23881,-8.01391],[114.24071,-8.01344],[114.23765,-8.01973],[114.23582,-8.03121],[114.23889,-8.03713],[114.24879,-8.04483],[114.24647,-8.04946],[114.24672,-8.05467],[114.24165,-8.05812],[114.23682,-8.06491],[114.23228,-8.06785],[114.23092,-8.07057],[114.22329,-8.07393],[114.22193,-8.07262],[114.21975,-8.07374],[114.2199,-8.07932],[114.21756,-8.08299],[114.21655,-8.09013],[114.21745,-8.09269],[114.21405,-8.09948],[114.19521,-8.10356],[114.18774,-8.11285],[114.18438,-8.12091],[114.17646,-8.12032],[114.17416,-8.11388],[114.1755,-8.11191],[114.17274,-8.10734],[114.17033,-8.10815],[114.16139,-8.10552],[114.15328,-8.10542],[114.14649,-8.10101],[114.13525,-8.10291],[114.12885,-8.10969],[114.11658,-8.11438],[114.1135,-8.1149],[114.10932,-8.11298],[114.09174,-8.11615],[114.08389,-8.12089],[114.08137,-8.12555],[114.07857,-8.12681],[114.06287,-8.12193],[114.05992,-8.1227],[114.05663,-8.12758],[114.05327,-8.12816],[114.0473,-8.12622],[114.03988,-8.11351],[114.03382,-8.11413],[114.02763,-8.1127],[114.02525,-8.10872],[114.02535,-8.10491],[114.01557,-8.09311],[114.01473,-8.08691],[114.00285,-8.0743],[113.99156,-8.07003],[113.98922,-8.06712],[113.97846,-8.06204],[113.97085,-8.0552],[113.95865,-8.05507],[113.9534,-8.05185],[113.94788,-8.04488],[113.93865,-8.04236],[113.93764,-8.03912],[113.92883,-8.03454],[113.92859,-8.03228],[113.92513,-8.03122],[113.91861,-8.02497],[113.91317,-8.0247],[113.90687,-8.02059],[113.9037,-8.02024],[113.90262,-8.01826],[113.89588,-8.01824],[113.89499,-8.01594],[113.88696,-8.01643],[113.8836,-8.02489],[113.88643,-8.02606],[113.88497,-8.0299],[113.87279,-8.02782],[113.87203,-8.03253],[113.86799,-8.03208],[113.85948,-8.02714],[113.85782,-8.01866],[113.8552,-8.01933],[113.85328,-8.02415],[113.84376,-8.0206],[113.84741,-8.03053],[113.85154,-8.03091],[113.8503,-8.03199],[113.85128,-8.03378],[113.85832,-8.03894],[113.85702,-8.0417],[113.85388,-8.04414],[113.85139,-8.04318],[113.84989,-8.04565],[113.8441,-8.04726],[113.83535,-8.04602],[113.82986,-8.0479],[113.82414,-8.04535],[113.81259,-8.04613],[113.80988,-8.04981],[113.80755,-8.05021],[113.80568,-8.05649],[113.80219,-8.05767],[113.79998,-8.05523],[113.79561,-8.05555],[113.79119,-8.05118]]]}},{"type":"Feature","properties":{"n":"Indramayu","p":"Jawa Barat"},"geometry":{"type":"MultiPolygon","coordinates":[[[[107.97281,-6.63915],[107.9605,-6.63695],[107.94979,-6.6271],[107.93947,-6.62535],[107.93656,-6.62196],[107.93523,-6.61484],[107.92961,-6.61573],[107.918,-6.60257],[107.90608,-6.59385],[107.88001,-6.5878],[107.87492,-6.58427],[107.85532,-6.57905],[107.85075,-6.57331],[107.85183,-6.57141],[107.86451,-6.56813],[107.86673,-6.56548],[107.86936,-6.5667],[107.86997,-6.57259],[107.87345,-6.56661],[107.87539,-6.56637],[107.87713,-6.56862],[107.88102,-6.56665],[107.88066,-6.5615],[107.88327,-6.56031],[107.88405,-6.55717],[107.88644,-6.55539],[107.89368,-6.55714],[107.89236,-6.5531],[107.89604,-6.55325],[107.89842,-6.54923],[107.8961,-6.54854],[107.89442,-6.55003],[107.89301,-6.54611],[107.90121,-6.54454],[107.90951,-6.53757],[107.91169,-6.53262],[107.90874,-6.53111],[107.90828,-6.52871],[107.91192,-6.52806],[107.91624,-6.52464],[107.91737,-6.51697],[107.92081,-6.51359],[107.91836,-6.50956],[107.92122,-6.50738],[107.91515,-6.49872],[107.91351,-6.49896],[107.91155,-6.50447],[107.90576,-6.50445],[107.90607,-6.50121],[107.90929,-6.49627],[107.9075,-6.49398],[107.91804,-6.49326],[107.9203,-6.49097],[107.92038,-6.48902],[107.91581,-6.49254],[107.91312,-6.48955],[107.91886,-6.48617],[107.91918,-6.48362],[107.91317,-6.48621],[107.91212,-6.48563],[107.91357,-6.48222],[107.91191,-6.48049],[107.91036,-6.48352],[107.90835,-6.48112],[107.90562,-6.48193],[107.90241,-6.48008],[107.89792,-6.48236],[107.89584,-6.47873],[107.89883,-6.47549],[107.89742,-6.47276],[107.89883,-6.46939],[107.89453,-6.46928],[107.89593,-6.46523],[107.89484,-6.4599],[107.89131,-6.46027],[107.89009,-6.45717],[107.88624,-6.45594],[107.88708,-6.4534],[107.89149,-6.45062],[107.88877,-6.44895],[107.88884,-6.44701],[107.89406,-6.4472],[107.8901,-6.44366],[107.89272,-6.4385],[107.89115,-6.43521],[107.89726,-6.4247],[107.8948,-6.42341],[107.89314,-6.41652],[107.88795,-6.41631],[107.8917,-6.41396],[107.8913,-6.40942],[107.89338,-6.40663],[107.8905,-6.4036],[107.89702,-6.40435],[107.89893,-6.40649],[107.90043,-6.40547],[107.8997,-6.40083],[107.89495,-6.39768],[107.89587,-6.39452],[107.90244,-6.38412],[107.92351,-6.35986],[107.92031,-6.35109],[107.91758,-6.35059],[107.91661,-6.34751],[107.92128,-6.33638],[107.92033,-6.33313],[107.92201,-6.33083],[107.9223,-6.3256],[107.91741,-6.31973],[107.92312,-6.31752],[107.92169,-6.30808],[107.92348,-6.29966],[107.92184,-6.29557],[107.92502,-6.29085],[107.92326,-6.29029],[107.92291,-6.28819],[107.92457,-6.28551],[107.92149,-6.28339],[107.92542,-6.27959],[107.92307,-6.27922],[107.92343,-6.27703],[107.92113,-6.27676],[107.91808,-6.27115],[107.91616,-6.2744],[107.91459,-6.27282],[107.91552,-6.27065],[107.91184,-6.26978],[107.91442,-6.26781],[107.91662,-6.26819],[107.91455,-6.2655],[107.91475,-6.26237],[107.92122,-6.25739],[107.92199,-6.25444],[107.91964,-6.2498],[107.94078,-6.25831],[107.94537,-6.25906],[107.94736,-6.25692],[107.94909,-6.25742],[107.96639,-6.26981],[107.96953,-6.27038],[107.96992,-6.26992],[107.97213,-6.26399],[107.97225,-6.26403],[107.96995,-6.27022],[107.97472,-6.27267],[107.97424,-6.26513],[107.97506,-6.27286],[107.98782,-6.28026],[107.99185,-6.28105],[107.99807,-6.28581],[108.00348,-6.28734],[108.01943,-6.30026],[108.02604,-6.30437],[108.03079,-6.30522],[108.03139,-6.30685],[108.07436,-6.31967],[108.08765,-6.32077],[108.08855,-6.31858],[108.08773,-6.32078],[108.08905,-6.31952],[108.08853,-6.32128],[108.09347,-6.32739],[108.0998,-6.32874],[108.11824,-6.32828],[108.12386,-6.32983],[108.12124,-6.33138],[108.11805,-6.33083],[108.11794,-6.33242],[108.12074,-6.33419],[108.12977,-6.33521],[108.13289,-6.332],[108.13375,-6.32565],[108.13798,-6.32222],[108.15169,-6.31921],[108.15845,-6.31599],[108.16498,-6.30967],[108.16888,-6.30811],[108.17407,-6.30144],[108.17615,-6.30159],[108.17728,-6.29908],[108.18041,-6.29815],[108.18185,-6.29512],[108.18622,-6.29351],[108.19086,-6.29445],[108.19296,-6.28472],[108.19719,-6.27925],[108.20251,-6.27906],[108.2032,-6.27638],[108.20534,-6.27546],[108.21189,-6.2755],[108.20862,-6.27136],[108.21034,-6.26739],[108.20788,-6.26516],[108.20639,-6.25278],[108.20214,-6.24182],[108.1995,-6.24088],[108.18959,-6.24363],[108.19427,-6.2394],[108.19463,-6.23738],[108.19201,-6.23567],[108.18144,-6.23445],[108.17726,-6.23114],[108.17444,-6.2325],[108.17383,-6.23014],[108.16854,-6.23162],[108.168,-6.2277],[108.17403,-6.22477],[108.18386,-6.22523],[108.18782,-6.22693],[108.19145,-6.22601],[108.19549,-6.22164],[108.19864,-6.22138],[108.2023,-6.228],[108.21311,-6.23708],[108.22072,-6.24037],[108.23249,-6.24243],[108.23475,-6.24573],[108.24044,-6.24675],[108.24012,-6.24927],[108.24184,-6.24992],[108.24532,-6.25018],[108.24872,-6.24672],[108.26949,-6.24943],[108.29359,-6.24881],[108.31271,-6.25425],[108.3214,-6.25481],[108.32,-6.25726],[108.32093,-6.25984],[108.32811,-6.26411],[108.3325,-6.27139],[108.33532,-6.27295],[108.33827,-6.27211],[108.33732,-6.26871],[108.34142,-6.25995],[108.34008,-6.2527],[108.34298,-6.2523],[108.34295,-6.25044],[108.34861,-6.24721],[108.35117,-6.25748],[108.35747,-6.26236],[108.36042,-6.25809],[108.35757,-6.25],[108.36141,-6.26],[108.36909,-6.28935],[108.37174,-6.30476],[108.36876,-6.30485],[108.36813,-6.30981],[108.37331,-6.32956],[108.37264,-6.33179],[108.38523,-6.35773],[108.38806,-6.35631],[108.38895,-6.35955],[108.39033,-6.35946],[108.39185,-6.35854],[108.3925,-6.3585],[108.3905,-6.35958],[108.39128,-6.36076],[108.39292,-6.35955],[108.39215,-6.36091],[108.39543,-6.36733],[108.40444,-6.38085],[108.40776,-6.3844],[108.40863,-6.38377],[108.41004,-6.38879],[108.43143,-6.41418],[108.43336,-6.41356],[108.43973,-6.42242],[108.45303,-6.43532],[108.45973,-6.43753],[108.46047,-6.43995],[108.47,-6.449],[108.49208,-6.46469],[108.49835,-6.46673],[108.51459,-6.4761],[108.53613,-6.48049],[108.5426,-6.48472],[108.53643,-6.48434],[108.53714,-6.50589],[108.53902,-6.51615],[108.52552,-6.51753],[108.51908,-6.52198],[108.519,-6.52761],[108.51378,-6.52715],[108.50988,-6.52867],[108.50658,-6.53387],[108.50176,-6.53495],[108.50089,-6.54204],[108.49415,-6.54257],[108.49069,-6.54545],[108.49152,-6.55576],[108.487,-6.55931],[108.48354,-6.55648],[108.4818,-6.55915],[108.4753,-6.55825],[108.47335,-6.56138],[108.47359,-6.56458],[108.47019,-6.56467],[108.47031,-6.5677],[108.46829,-6.5679],[108.46751,-6.56988],[108.46017,-6.56836],[108.45773,-6.57245],[108.45407,-6.57306],[108.44704,-6.56903],[108.44643,-6.56432],[108.44328,-6.56468],[108.44463,-6.54748],[108.44693,-6.54638],[108.44684,-6.53207],[108.43757,-6.52215],[108.43106,-6.52039],[108.4175,-6.52452],[108.40834,-6.53016],[108.40408,-6.53569],[108.39407,-6.53441],[108.38915,-6.53859],[108.38641,-6.54539],[108.37674,-6.54638],[108.37282,-6.5489],[108.36823,-6.55571],[108.36086,-6.55478],[108.35236,-6.57268],[108.33118,-6.59411],[108.32864,-6.59835],[108.32803,-6.60275],[108.33072,-6.60793],[108.3255,-6.61296],[108.32359,-6.62082],[108.32157,-6.61955],[108.31963,-6.61304],[108.31544,-6.60785],[108.31146,-6.62073],[108.30858,-6.6239],[108.30442,-6.62325],[108.30511,-6.61958],[108.30379,-6.61854],[108.30203,-6.62048],[108.29383,-6.60848],[108.28703,-6.60923],[108.28551,-6.61168],[108.28763,-6.61528],[108.29391,-6.61535],[108.29251,-6.62089],[108.28867,-6.62228],[108.28085,-6.62063],[108.27317,-6.61044],[108.273,-6.60407],[108.27542,-6.59803],[108.27447,-6.59479],[108.27628,-6.59149],[108.26368,-6.5874],[108.25187,-6.58719],[108.25027,-6.58286],[108.2378,-6.58247],[108.23288,-6.57789],[108.22372,-6.57334],[108.2074,-6.57337],[108.19998,-6.58509],[108.19764,-6.59353],[108.19072,-6.60115],[108.18969,-6.60828],[108.18774,-6.60982],[108.18006,-6.60929],[108.17558,-6.60427],[108.1726,-6.60324],[108.16753,-6.60872],[108.1659,-6.60871],[108.16503,-6.61265],[108.16221,-6.61445],[108.14846,-6.60628],[108.14831,-6.60314],[108.14585,-6.60039],[108.14648,-6.59265],[108.14431,-6.58764],[108.14767,-6.578],[108.14575,-6.57832],[108.14564,-6.577],[108.14333,-6.57657],[108.144,-6.57449],[108.14208,-6.57451],[108.14349,-6.57272],[108.14175,-6.57133],[108.142,-6.56519],[108.12787,-6.56577],[108.12799,-6.56111],[108.13182,-6.5576],[108.13223,-6.55496],[108.12811,-6.54924],[108.12781,-6.5445],[108.12223,-6.54325],[108.12278,-6.54074],[108.1216,-6.54253],[108.1206,-6.541],[108.11804,-6.54301],[108.11996,-6.54479],[108.11709,-6.54566],[108.1183,-6.54876],[108.11763,-6.55073],[108.11552,-6.55028],[108.11597,-6.55332],[108.11333,-6.55403],[108.11253,-6.55196],[108.10645,-6.55549],[108.10748,-6.55873],[108.10479,-6.56207],[108.10293,-6.56152],[108.10015,-6.56357],[108.09933,-6.56217],[108.09721,-6.56483],[108.09779,-6.56227],[108.09557,-6.56382],[108.09388,-6.56279],[108.09177,-6.56811],[108.08863,-6.56868],[108.08575,-6.57291],[108.08368,-6.57218],[108.08271,-6.57433],[108.081,-6.57342],[108.07803,-6.57476],[108.07787,-6.57692],[108.07345,-6.57518],[108.07498,-6.5767],[108.07327,-6.57947],[108.0755,-6.58007],[108.07384,-6.58155],[108.07658,-6.58245],[108.07447,-6.58359],[108.07438,-6.58902],[108.07103,-6.58821],[108.07358,-6.58955],[108.07218,-6.59473],[108.07433,-6.59653],[108.07286,-6.59915],[108.06989,-6.5992],[108.07166,-6.60095],[108.06918,-6.60142],[108.07259,-6.60219],[108.0699,-6.60335],[108.06894,-6.6085],[108.07124,-6.60941],[108.0709,-6.61414],[108.06783,-6.61294],[108.06687,-6.61654],[108.0649,-6.61472],[108.06429,-6.61732],[108.06277,-6.61651],[108.05946,-6.6201],[108.05727,-6.6188],[108.05833,-6.6225],[108.05511,-6.62109],[108.05193,-6.62366],[108.0491,-6.62336],[108.05233,-6.62687],[108.05051,-6.6261],[108.04958,-6.62813],[108.04582,-6.62951],[108.04784,-6.62985],[108.04779,-6.6331],[108.044,-6.63135],[108.04582,-6.63368],[108.04222,-6.63712],[108.0428,-6.64062],[108.03525,-6.64087],[108.03184,-6.63707],[108.03127,-6.63948],[108.03444,-6.64352],[108.03278,-6.64509],[108.03497,-6.64735],[108.03244,-6.65206],[108.03487,-6.65475],[108.03081,-6.65461],[108.02889,-6.65623],[108.03023,-6.65964],[108.02811,-6.66064],[108.02935,-6.66345],[108.01881,-6.6633],[108.00623,-6.65718],[107.99017,-6.65335],[107.97551,-6.64288],[107.97281,-6.63915]]],[[[108.37441,-5.924],[108.38727,-5.92908],[108.38758,-5.93148],[108.38512,-5.93463],[108.37799,-5.93499],[108.37192,-5.9268],[108.37226,-5.92473],[108.37441,-5.924]]],[[[108.40587,-5.86856],[108.40614,-5.86847],[108.40599,-5.86871],[108.40587,-5.86856]]],[[[108.45556,-5.80678],[108.4551,-5.80661],[108.45605,-5.80657],[108.45556,-5.80678]]]]}},{"type":"Feature","properties":{"n":"Kota Malang","p":"Jawa Timur"},"geometry":{"type":"Polygon","coordinates":[[[112.63097,-8.03517],[112.62471,-8.02946],[112.61768,-8.02681],[112.61854,-8.02321],[112.61371,-8.02111],[112.61377,-8.01924],[112.6181,-8.0165],[112.61866,-8.01099],[112.61463,-8.00886],[112.61215,-8.01346],[112.60648,-8.01345],[112.60687,-8.01116],[112.60435,-8.00892],[112.59736,-8.00597],[112.6014,-7.99551],[112.60027,-7.99521],[112.59971,-7.99747],[112.5953,-7.99386],[112.58924,-7.99234],[112.5915,-7.98597],[112.58826,-7.98502],[112.58275,-7.98705],[112.57647,-7.98375],[112.57928,-7.97902],[112.59179,-7.984],[112.59529,-7.98168],[112.59687,-7.98379],[112.59826,-7.98102],[112.59683,-7.98038],[112.59749,-7.97909],[112.59104,-7.97609],[112.59111,-7.97406],[112.59189,-7.97283],[112.59927,-7.97344],[112.60333,-7.97053],[112.60084,-7.96842],[112.60275,-7.96751],[112.59805,-7.96318],[112.599,-7.95854],[112.5891,-7.95416],[112.58852,-7.95046],[112.58105,-7.94976],[112.58195,-7.94524],[112.58047,-7.9437],[112.56895,-7.93895],[112.57065,-7.93599],[112.57385,-7.93538],[112.59697,-7.93789],[112.599,-7.93634],[112.59737,-7.93105],[112.60004,-7.92626],[112.59613,-7.92277],[112.5934,-7.92333],[112.59377,-7.91933],[112.5915,-7.91781],[112.59626,-7.92034],[112.59727,-7.92288],[112.60009,-7.92249],[112.60027,-7.9241],[112.60147,-7.92114],[112.6131,-7.92522],[112.60995,-7.9224],[112.61114,-7.91991],[112.60977,-7.91791],[112.61736,-7.9193],[112.61847,-7.91711],[112.62146,-7.91689],[112.62471,-7.91368],[112.62453,-7.91125],[112.63021,-7.91085],[112.63998,-7.92157],[112.64495,-7.91364],[112.64707,-7.91753],[112.6502,-7.91699],[112.64984,-7.91938],[112.66288,-7.92691],[112.66247,-7.93217],[112.66584,-7.93938],[112.66481,-7.9409],[112.66889,-7.94624],[112.66714,-7.94895],[112.66605,-7.94607],[112.66392,-7.94816],[112.66362,-7.95883],[112.66202,-7.9587],[112.65741,-7.96517],[112.66369,-7.96819],[112.66319,-7.97101],[112.66674,-7.97069],[112.66803,-7.96899],[112.6702,-7.97119],[112.67648,-7.97225],[112.67559,-7.97458],[112.67877,-7.97659],[112.6845,-7.97468],[112.69006,-7.97557],[112.69037,-7.98019],[112.69377,-7.9817],[112.68987,-7.99373],[112.68315,-8.00546],[112.67914,-8.00576],[112.67879,-8.01038],[112.67208,-8.009],[112.67338,-8.01737],[112.67244,-8.02322],[112.67681,-8.02565],[112.67315,-8.03137],[112.67153,-8.03056],[112.66977,-8.03216],[112.66522,-8.04075],[112.66181,-8.03962],[112.66006,-8.04414],[112.65615,-8.04465],[112.65468,-8.04909],[112.65244,-8.04777],[112.65173,-8.05013],[112.64766,-8.04842],[112.64584,-8.05157],[112.64545,-8.04815],[112.64227,-8.0498],[112.63169,-8.04599],[112.63097,-8.03517]]]}},{"type":"Feature","properties":{"n":"Kota Cirebon","p":"Jawa Barat"},"geometry":{"type":"Polygon","coordinates":[[[108.55681,-6.76429],[108.5535,-6.77657],[108.55479,-6.78223],[108.55095,-6.7877],[108.54976,-6.79282],[108.54433,-6.79635],[108.54118,-6.79279],[108.54248,-6.79109],[108.53698,-6.78636],[108.5336,-6.7865],[108.5296,-6.77918],[108.53061,-6.77378],[108.53724,-6.76077],[108.53266,-6.75773],[108.53129,-6.7589],[108.52919,-6.75299],[108.5267,-6.7523],[108.52716,-6.74775],[108.52471,-6.74805],[108.52272,-6.74605],[108.52142,-6.74747],[108.52211,-6.74347],[108.51922,-6.74088],[108.51823,-6.73721],[108.52271,-6.7369],[108.52348,-6.73439],[108.52782,-6.73127],[108.53576,-6.72943],[108.53581,-6.72522],[108.53664,-6.72656],[108.54048,-6.72487],[108.54236,-6.72669],[108.54479,-6.72582],[108.54496,-6.728],[108.54633,-6.72443],[108.54668,-6.72588],[108.54882,-6.72557],[108.54896,-6.72156],[108.54674,-6.72059],[108.54868,-6.71893],[108.54908,-6.70754],[108.54395,-6.70706],[108.54478,-6.70998],[108.54221,-6.70936],[108.54219,-6.70645],[108.54492,-6.70475],[108.54431,-6.70292],[108.54235,-6.70364],[108.54292,-6.69651],[108.54667,-6.698],[108.54796,-6.70128],[108.55079,-6.70022],[108.55241,-6.69683],[108.56205,-6.69133],[108.56841,-6.70604],[108.57159,-6.70347],[108.57432,-6.70734],[108.5777,-6.70448],[108.57502,-6.707],[108.574,-6.70755],[108.57087,-6.70426],[108.57226,-6.70728],[108.57151,-6.71147],[108.56916,-6.71107],[108.56893,-6.71221],[108.57203,-6.71304],[108.56943,-6.714],[108.57211,-6.71587],[108.57137,-6.71728],[108.57362,-6.71587],[108.57203,-6.71487],[108.57338,-6.71302],[108.57304,-6.71204],[108.57306,-6.7118],[108.57351,-6.71057],[108.57852,-6.70581],[108.57322,-6.71138],[108.57454,-6.71822],[108.57789,-6.72162],[108.57896,-6.72539],[108.58289,-6.72703],[108.58393,-6.72962],[108.58594,-6.73028],[108.58919,-6.72667],[108.58897,-6.72832],[108.58213,-6.73288],[108.58331,-6.73457],[108.58554,-6.73169],[108.58987,-6.7288],[108.59028,-6.72698],[108.5899,-6.72883],[108.58537,-6.73318],[108.58635,-6.73704],[108.59111,-6.7433],[108.58836,-6.74515],[108.58992,-6.74845],[108.58908,-6.74948],[108.58679,-6.74995],[108.5843,-6.7472],[108.58174,-6.74724],[108.57672,-6.7515],[108.57562,-6.74993],[108.57018,-6.75011],[108.56674,-6.7539],[108.56041,-6.75587],[108.55885,-6.76458],[108.55681,-6.76429]]]}},{"type":"Feature","properties":{"n":"Pekalongan","p":"Jawa Tengah"},"geometry":{"type":"Polygon","coordinates":[[[109.55363,-7.23071],[109.53994,-7.24346],[109.53712,-7.24372],[109.53875,-7.24176],[109.53824,-7.2393],[109.53307,-7.2331],[109.53036,-7.22211],[109.52482,-7.22071],[109.52156,-7.2177],[109.52174,-7.21181],[109.51963,-7.20859],[109.52117,-7.20783],[109.52048,-7.20493],[109.52415,-7.20271],[109.52628,-7.19898],[109.52493,-7.19482],[109.52089,-7.19177],[109.5206,-7.18864],[109.51816,-7.18892],[109.51881,-7.18525],[109.51665,-7.18548],[109.51755,-7.183],[109.51409,-7.18018],[109.51144,-7.1718],[109.50532,-7.16798],[109.50438,-7.15565],[109.49738,-7.14117],[109.49763,-7.13846],[109.49344,-7.13442],[109.49332,-7.13009],[109.4907,-7.12893],[109.49277,-7.12756],[109.49106,-7.12072],[109.49577,-7.11343],[109.49412,-7.10957],[109.50401,-7.1035],[109.50459,-7.10127],[109.50235,-7.09502],[109.49947,-7.0924],[109.4994,-7.08656],[109.49557,-7.08191],[109.49726,-7.0736],[109.49621,-7.06826],[109.4931,-7.06548],[109.48802,-7.05546],[109.49105,-7.04848],[109.48986,-7.04646],[109.48518,-7.045],[109.48466,-7.04146],[109.48674,-7.03902],[109.4856,-7.03107],[109.48343,-7.02995],[109.48763,-7.02287],[109.49387,-7.01808],[109.49353,-7.01234],[109.49737,-7.01008],[109.49666,-7.00677],[109.4988,-7.0],[109.49522,-6.99021],[109.4975,-6.98723],[109.49556,-6.98414],[109.49858,-6.98237],[109.4978,-6.96573],[109.5079,-6.95718],[109.51262,-6.94735],[109.51929,-6.94858],[109.52125,-6.94311],[109.52692,-6.94088],[109.53263,-6.94137],[109.5339,-6.93607],[109.53695,-6.93205],[109.54581,-6.93009],[109.54923,-6.92621],[109.55176,-6.92607],[109.55369,-6.92291],[109.55576,-6.92248],[109.55859,-6.9251],[109.56151,-6.92408],[109.56141,-6.92],[109.56342,-6.91829],[109.56289,-6.91433],[109.56104,-6.91263],[109.5649,-6.90705],[109.56277,-6.89999],[109.56594,-6.89863],[109.5658,-6.89569],[109.5676,-6.89408],[109.56553,-6.89284],[109.56767,-6.89022],[109.56579,-6.88522],[109.56901,-6.88205],[109.57607,-6.88259],[109.57613,-6.87779],[109.58218,-6.87656],[109.57964,-6.87448],[109.58391,-6.87238],[109.5834,-6.87022],[109.58576,-6.86877],[109.58345,-6.86758],[109.58442,-6.86474],[109.58616,-6.86469],[109.58415,-6.86232],[109.58755,-6.86406],[109.58854,-6.86296],[109.58624,-6.86134],[109.58836,-6.85857],[109.58379,-6.85929],[109.58354,-6.85651],[109.58524,-6.85448],[109.58335,-6.85327],[109.58387,-6.85026],[109.58566,-6.85119],[109.58909,-6.85004],[109.59565,-6.84082],[109.61468,-6.84217],[109.62362,-6.84066],[109.62994,-6.84441],[109.6451,-6.84906],[109.65893,-6.84985],[109.65889,-6.84838],[109.66314,-6.85063],[109.66029,-6.85312],[109.6604,-6.86473],[109.6584,-6.87061],[109.66125,-6.8744],[109.66392,-6.87537],[109.66322,-6.87791],[109.66067,-6.87649],[109.65997,-6.87771],[109.65647,-6.87595],[109.65632,-6.87296],[109.65391,-6.87242],[109.65379,-6.87887],[109.64526,-6.88076],[109.6511,-6.88795],[109.64741,-6.888],[109.64734,-6.89209],[109.64351,-6.89218],[109.64336,-6.89473],[109.64597,-6.89508],[109.64571,-6.897],[109.64793,-6.89747],[109.64778,-6.90498],[109.64524,-6.90532],[109.64371,-6.91181],[109.64526,-6.91381],[109.64225,-6.9179],[109.64356,-6.9209],[109.64607,-6.92092],[109.64811,-6.92372],[109.64865,-6.92168],[109.65272,-6.92144],[109.65223,-6.92463],[109.65684,-6.92456],[109.65772,-6.91877],[109.6617,-6.91912],[109.66032,-6.92152],[109.66224,-6.92422],[109.66529,-6.92409],[109.66419,-6.92209],[109.6695,-6.92225],[109.66698,-6.92717],[109.66935,-6.9318],[109.66808,-6.93559],[109.67041,-6.93415],[109.67164,-6.93682],[109.67261,-6.93447],[109.66899,-6.92667],[109.67551,-6.92661],[109.67254,-6.93084],[109.67412,-6.93135],[109.6731,-6.93282],[109.67583,-6.93378],[109.67339,-6.93513],[109.67375,-6.93684],[109.67702,-6.93753],[109.67529,-6.94027],[109.68113,-6.94152],[109.68007,-6.94337],[109.68232,-6.94398],[109.68393,-6.95137],[109.68584,-6.95204],[109.68644,-6.9545],[109.68781,-6.95106],[109.69014,-6.95293],[109.69431,-6.95845],[109.69299,-6.96069],[109.69514,-6.96114],[109.69872,-6.96544],[109.70288,-6.96498],[109.70469,-6.97139],[109.7037,-6.97427],[109.70554,-6.97482],[109.70506,-6.97825],[109.707,-6.98006],[109.70649,-6.98566],[109.71385,-6.98761],[109.71555,-6.98594],[109.72136,-6.98618],[109.73116,-7.00312],[109.73581,-7.00382],[109.74401,-6.99528],[109.74898,-6.99973],[109.74766,-7.00491],[109.74952,-7.00681],[109.7487,-7.01254],[109.75882,-7.03046],[109.75867,-7.03406],[109.7559,-7.03749],[109.75276,-7.03844],[109.75479,-7.04212],[109.75114,-7.04437],[109.75511,-7.04757],[109.7548,-7.05327],[109.7531,-7.05511],[109.7556,-7.05588],[109.75286,-7.05775],[109.75611,-7.0594],[109.75808,-7.06385],[109.7558,-7.06526],[109.75945,-7.06943],[109.75682,-7.07212],[109.7579,-7.07557],[109.75381,-7.08312],[109.75481,-7.08465],[109.75139,-7.08426],[109.75177,-7.08764],[109.75403,-7.08796],[109.75415,-7.09052],[109.7483,-7.0928],[109.74582,-7.09739],[109.73903,-7.09949],[109.73904,-7.10168],[109.7439,-7.11164],[109.75264,-7.11147],[109.76176,-7.11718],[109.76495,-7.11669],[109.76798,-7.11352],[109.77165,-7.11394],[109.77109,-7.11578],[109.77428,-7.12085],[109.7747,-7.12567],[109.77294,-7.13172],[109.77371,-7.13471],[109.77065,-7.13897],[109.77142,-7.14278],[109.77581,-7.14489],[109.77881,-7.15124],[109.77889,-7.1559],[109.78426,-7.1606],[109.78473,-7.16285],[109.79911,-7.17098],[109.78747,-7.17676],[109.77521,-7.17996],[109.76798,-7.17983],[109.76191,-7.17657],[109.75379,-7.18053],[109.75276,-7.17951],[109.74452,-7.18427],[109.74555,-7.18784],[109.74401,-7.1903],[109.72639,-7.20195],[109.71372,-7.19832],[109.7075,-7.19985],[109.70382,-7.19538],[109.69738,-7.19709],[109.68991,-7.19512],[109.69053,-7.19368],[109.68797,-7.19049],[109.68544,-7.18006],[109.68192,-7.17683],[109.68098,-7.17318],[109.6748,-7.17379],[109.67003,-7.17852],[109.66709,-7.17729],[109.66332,-7.1783],[109.65218,-7.17502],[109.64969,-7.17255],[109.64669,-7.17271],[109.64131,-7.17626],[109.63491,-7.17755],[109.63184,-7.18365],[109.62763,-7.18647],[109.62834,-7.19281],[109.62707,-7.19535],[109.62011,-7.20039],[109.61631,-7.20118],[109.61134,-7.21077],[109.60703,-7.21151],[109.596,-7.20586],[109.59514,-7.20789],[109.5899,-7.20699],[109.58747,-7.21357],[109.5782,-7.22201],[109.57393,-7.22249],[109.57116,-7.2209],[109.56747,-7.22186],[109.56395,-7.22454],[109.56122,-7.2304],[109.55363,-7.23071]]]}},{"type":"Feature","properties":{"n":"Kulon Progo","p":"Daerah Istimewa Yogyakarta"},"geometry":{"type":"Polygon","coordinates":[[[110.16859,-7.95917],[110.0895,-7.92278],[110.07924,-7.92017],[110.07743,-7.91932],[110.07748,-7.91692],[110.06947,-7.91344],[110.00353,-7.8883],[110.00503,-7.88519],[110.01816,-7.89059],[110.02294,-7.89072],[110.02623,-7.88886],[110.02958,-7.89149],[110.03082,-7.89595],[110.03265,-7.89604],[110.03368,-7.88637],[110.0369,-7.88373],[110.04159,-7.88444],[110.04307,-7.87273],[110.04483,-7.87314],[110.04518,-7.8689],[110.04272,-7.86784],[110.04244,-7.86569],[110.04486,-7.85961],[110.04728,-7.85908],[110.04463,-7.85855],[110.04534,-7.85719],[110.05075,-7.85088],[110.05193,-7.84476],[110.05008,-7.84156],[110.05348,-7.83917],[110.05969,-7.83856],[110.0591,-7.82572],[110.06226,-7.82039],[110.063,-7.81251],[110.0731,-7.81101],[110.0806,-7.80624],[110.08933,-7.79561],[110.09218,-7.78668],[110.10237,-7.77862],[110.10171,-7.77507],[110.11136,-7.77742],[110.11451,-7.76936],[110.11262,-7.76463],[110.12124,-7.75581],[110.12268,-7.74973],[110.12918,-7.74963],[110.13025,-7.74788],[110.13081,-7.74492],[110.12914,-7.74216],[110.13157,-7.73899],[110.13132,-7.73688],[110.12934,-7.73328],[110.12351,-7.73063],[110.12457,-7.72831],[110.12729,-7.72811],[110.12948,-7.72426],[110.13435,-7.72134],[110.13148,-7.71471],[110.12724,-7.71602],[110.13075,-7.70976],[110.13334,-7.69752],[110.13851,-7.69426],[110.13632,-7.68844],[110.13196,-7.68391],[110.11893,-7.67849],[110.11565,-7.67582],[110.11556,-7.67378],[110.11795,-7.66815],[110.12179,-7.66747],[110.12271,-7.66343],[110.12793,-7.66021],[110.13082,-7.65434],[110.13896,-7.65414],[110.14144,-7.64481],[110.14477,-7.65067],[110.14765,-7.65024],[110.15066,-7.647],[110.17039,-7.64856],[110.18939,-7.64565],[110.19877,-7.65313],[110.20218,-7.65393],[110.20874,-7.65145],[110.21393,-7.64596],[110.23876,-7.6533],[110.24328,-7.65245],[110.24998,-7.6453],[110.25123,-7.64197],[110.26121,-7.64474],[110.26618,-7.64944],[110.26406,-7.65244],[110.26304,-7.65929],[110.267,-7.66453],[110.26295,-7.67958],[110.26454,-7.68151],[110.26114,-7.68473],[110.26074,-7.6875],[110.2657,-7.69109],[110.27067,-7.70276],[110.26994,-7.70602],[110.26765,-7.70719],[110.26288,-7.70537],[110.25739,-7.70556],[110.25367,-7.70826],[110.24438,-7.71007],[110.23775,-7.71327],[110.23246,-7.71345],[110.23178,-7.72252],[110.2249,-7.72335],[110.22141,-7.73426],[110.21676,-7.73744],[110.21591,-7.74176],[110.21924,-7.74706],[110.21765,-7.75211],[110.21988,-7.75386],[110.2186,-7.75827],[110.22195,-7.75997],[110.21951,-7.76301],[110.22191,-7.76477],[110.22237,-7.76747],[110.22021,-7.77698],[110.22753,-7.78433],[110.22917,-7.78899],[110.23271,-7.79054],[110.23614,-7.79821],[110.22835,-7.8059],[110.23194,-7.80955],[110.23414,-7.81596],[110.23362,-7.82424],[110.22846,-7.8323],[110.22231,-7.83483],[110.2212,-7.83678],[110.22417,-7.84057],[110.2318,-7.84469],[110.2374,-7.85284],[110.24748,-7.86089],[110.25695,-7.86574],[110.26005,-7.87306],[110.27192,-7.88901],[110.27374,-7.89317],[110.27334,-7.90952],[110.27088,-7.92527],[110.26753,-7.92839],[110.2645,-7.92866],[110.25562,-7.92313],[110.24881,-7.92714],[110.23423,-7.95477],[110.21939,-7.97437],[110.21569,-7.98173],[110.2115,-7.98554],[110.16859,-7.95917]]]}},{"type":"Feature","properties":{"n":"Tangerang","p":"Banten"},"geometry":{"type":"MultiPolygon","coordinates":[[[[106.40081,-6.33142],[106.40238,-6.32579],[106.39938,-6.32752],[106.39883,-6.32597],[106.40066,-6.32408],[106.39779,-6.32472],[106.39969,-6.31876],[106.39693,-6.31716],[106.39932,-6.31601],[106.39192,-6.31393],[106.39446,-6.31386],[106.39575,-6.30688],[106.39455,-6.30519],[106.39742,-6.30488],[106.39893,-6.30256],[106.3981,-6.29664],[106.39465,-6.29335],[106.39277,-6.28347],[106.39031,-6.28179],[106.39126,-6.27958],[106.3941,-6.28121],[106.39513,-6.27989],[106.39306,-6.27853],[106.39231,-6.27466],[106.38929,-6.2768],[106.38738,-6.27522],[106.38914,-6.27208],[106.38774,-6.27012],[106.38937,-6.26856],[106.38481,-6.26603],[106.38776,-6.26466],[106.38583,-6.26142],[106.38278,-6.26192],[106.386,-6.25271],[106.38524,-6.24888],[106.38726,-6.24818],[106.38864,-6.24493],[106.38654,-6.24046],[106.38395,-6.24024],[106.38588,-6.23819],[106.38428,-6.23229],[106.38711,-6.23032],[106.38553,-6.22923],[106.38623,-6.22792],[106.38183,-6.22667],[106.38329,-6.22403],[106.38126,-6.22091],[106.37827,-6.21991],[106.37955,-6.21863],[106.37312,-6.22158],[106.37035,-6.21875],[106.36698,-6.21798],[106.36644,-6.21478],[106.37033,-6.2099],[106.37418,-6.21198],[106.37283,-6.20789],[106.37704,-6.20482],[106.37656,-6.20152],[106.37929,-6.20075],[106.3784,-6.19596],[106.3728,-6.19576],[106.37378,-6.19148],[106.378,-6.18775],[106.38013,-6.18901],[106.38025,-6.18628],[106.3857,-6.18618],[106.3875,-6.17935],[106.38919,-6.18042],[106.39063,-6.17941],[106.3913,-6.17645],[106.38879,-6.17672],[106.38892,-6.17531],[106.39426,-6.17058],[106.39086,-6.16974],[106.39023,-6.16637],[106.39313,-6.16641],[106.39366,-6.16505],[106.39025,-6.16269],[106.39278,-6.16193],[106.39278,-6.16037],[106.38754,-6.15733],[106.39267,-6.15681],[106.39262,-6.152],[106.3788,-6.13482],[106.37724,-6.12886],[106.3719,-6.12923],[106.36774,-6.12734],[106.36215,-6.12128],[106.3646,-6.12038],[106.36185,-6.11648],[106.35585,-6.1136],[106.3539,-6.11024],[106.35168,-6.11111],[106.35056,-6.10963],[106.34978,-6.10275],[106.35279,-6.10112],[106.35017,-6.09757],[106.3526,-6.09678],[106.35353,-6.09244],[106.35107,-6.09205],[106.35275,-6.08927],[106.3484,-6.08658],[106.33997,-6.07461],[106.33939,-6.06318],[106.35,-6.06249],[106.34962,-6.05605],[106.35213,-6.04951],[106.36732,-6.03807],[106.375,-6.03742],[106.37577,-6.0397],[106.37907,-6.03782],[106.38038,-6.03911],[106.37965,-6.03557],[106.38315,-6.03219],[106.38294,-6.02966],[106.38824,-6.03122],[106.39311,-6.02765],[106.39651,-6.02909],[106.39787,-6.02782],[106.40121,-6.03031],[106.40748,-6.03091],[106.4119,-6.02421],[106.43161,-6.03307],[106.4402,-6.03226],[106.44134,-6.02804],[106.44138,-6.03127],[106.44509,-6.03478],[106.45427,-6.03815],[106.46038,-6.03721],[106.46674,-6.03955],[106.469,-6.0312],[106.46647,-6.04079],[106.46828,-6.04192],[106.46978,-6.04034],[106.46924,-6.04244],[106.47132,-6.03959],[106.47157,-6.03164],[106.47137,-6.03962],[106.46924,-6.04255],[106.47071,-6.0447],[106.48597,-6.04855],[106.50397,-6.04235],[106.5096,-6.03769],[106.50899,-6.03646],[106.51238,-6.03314],[106.51439,-6.03427],[106.51574,-6.03232],[106.51762,-6.03386],[106.51854,-6.03317],[106.51789,-6.03223],[106.51836,-6.03154],[106.52092,-6.03469],[106.52343,-6.03292],[106.527,-6.02982],[106.52401,-6.02898],[106.52758,-6.0235],[106.52978,-6.01459],[106.53518,-6.01046],[106.53757,-6.01087],[106.53707,-6.01268],[106.55221,-6.02521],[106.5577,-6.02487],[106.56587,-6.02967],[106.57596,-6.03204],[106.5774,-6.03096],[106.58768,-6.03229],[106.60185,-6.02608],[106.61002,-6.02459],[106.61816,-6.02054],[106.62659,-6.01145],[106.62913,-6.01623],[106.63217,-6.01654],[106.63773,-6.00982],[106.64681,-6.00473],[106.65031,-6.00682],[106.65021,-6.00933],[106.65478,-6.01517],[106.65423,-6.01653],[106.66353,-6.02233],[106.6657,-6.02164],[106.66501,-6.02007],[106.66573,-6.02163],[106.66724,-6.02131],[106.67911,-6.01273],[106.69097,-6.02348],[106.69992,-6.0265],[106.70055,-6.02961],[106.70349,-6.0324],[106.70119,-6.03401],[106.70656,-6.03799],[106.70965,-6.0365],[106.71261,-6.04061],[106.71263,-6.04361],[106.7149,-6.04472],[106.71055,-6.04655],[106.70868,-6.05576],[106.7106,-6.05813],[106.71286,-6.06892],[106.71416,-6.06843],[106.72259,-6.08175],[106.72274,-6.08469],[106.72378,-6.08401],[106.72161,-6.08695],[106.72599,-6.08665],[106.72413,-6.08827],[106.72504,-6.08965],[106.72229,-6.09196],[106.71655,-6.09191],[106.71387,-6.09464],[106.71441,-6.09579],[106.70313,-6.09685],[106.69346,-6.09558],[106.67577,-6.09861],[106.67556,-6.10209],[106.67164,-6.10391],[106.67121,-6.10592],[106.67245,-6.10944],[106.67057,-6.11064],[106.67303,-6.11271],[106.67256,-6.11946],[106.65543,-6.11943],[106.64135,-6.12263],[106.6428,-6.10859],[106.6375,-6.10561],[106.6358,-6.10611],[106.63136,-6.11724],[106.63209,-6.12023],[106.62307,-6.12069],[106.61401,-6.1261],[106.61413,-6.13124],[106.61081,-6.13548],[106.61576,-6.14092],[106.61337,-6.14778],[106.59038,-6.14822],[106.59204,-6.15852],[106.58732,-6.16198],[106.58306,-6.16277],[106.58261,-6.1669],[106.58064,-6.16697],[106.57864,-6.17004],[106.57905,-6.17218],[106.56846,-6.17494],[106.56562,-6.17691],[106.56488,-6.17978],[106.55328,-6.18412],[106.55338,-6.18813],[106.55188,-6.18812],[106.55145,-6.19004],[106.55399,-6.19034],[106.55393,-6.19777],[106.55261,-6.19949],[106.56908,-6.20627],[106.5649,-6.21124],[106.56953,-6.21324],[106.57149,-6.2121],[106.57133,-6.21411],[106.57334,-6.21432],[106.57323,-6.21554],[106.58033,-6.21634],[106.58292,-6.22068],[106.58901,-6.22263],[106.59237,-6.21999],[106.59475,-6.21458],[106.59373,-6.21355],[106.5957,-6.20588],[106.6,-6.20719],[106.6011,-6.20554],[106.6048,-6.20842],[106.60251,-6.21304],[106.61253,-6.2159],[106.60929,-6.22013],[106.61385,-6.22025],[106.61373,-6.22351],[106.61077,-6.225],[106.61163,-6.22715],[106.6176,-6.22495],[106.61879,-6.22755],[106.62557,-6.22726],[106.62803,-6.22854],[106.63041,-6.2255],[106.63868,-6.23024],[106.63669,-6.23688],[106.64436,-6.24262],[106.64388,-6.24727],[106.64901,-6.26087],[106.64759,-6.26591],[106.65195,-6.26924],[106.65066,-6.27296],[106.6463,-6.27535],[106.64622,-6.27828],[106.64929,-6.2834],[106.65601,-6.28649],[106.65753,-6.28984],[106.65744,-6.29207],[106.6544,-6.29338],[106.65376,-6.29596],[106.65371,-6.29898],[106.65613,-6.30085],[106.65694,-6.30574],[106.659,-6.30803],[106.65548,-6.31578],[106.6607,-6.31558],[106.66216,-6.31729],[106.65915,-6.31803],[106.65846,-6.32016],[106.65789,-6.32503],[106.66049,-6.32808],[106.6546,-6.33535],[106.64701,-6.34043],[106.64725,-6.34415],[106.65469,-6.35053],[106.65671,-6.35963],[106.65098,-6.36219],[106.60397,-6.36188],[106.59809,-6.35871],[106.59672,-6.35993],[106.59776,-6.36257],[106.59386,-6.36272],[106.59294,-6.35865],[106.59078,-6.35877],[106.58904,-6.35698],[106.59023,-6.35647],[106.58798,-6.35619],[106.59008,-6.35211],[106.58766,-6.35156],[106.58858,-6.34753],[106.58734,-6.34831],[106.58242,-6.34584],[106.58293,-6.34465],[106.57754,-6.34033],[106.57729,-6.33857],[106.57654,-6.34109],[106.57438,-6.34193],[106.57522,-6.33992],[106.5731,-6.33847],[106.56836,-6.33883],[106.56631,-6.33748],[106.56401,-6.33962],[106.55913,-6.33701],[106.55927,-6.34017],[106.55796,-6.34061],[106.55634,-6.33629],[106.55395,-6.33502],[106.55183,-6.33596],[106.55205,-6.33407],[106.54882,-6.33387],[106.55159,-6.33312],[106.54199,-6.33401],[106.54204,-6.33202],[106.54049,-6.33331],[106.53843,-6.33098],[106.53436,-6.33236],[106.5339,-6.33057],[106.52996,-6.32973],[106.53072,-6.32882],[106.52854,-6.3282],[106.52908,-6.3262],[106.52684,-6.32462],[106.526,-6.32585],[106.51934,-6.32579],[106.51869,-6.32709],[106.51559,-6.3243],[106.5133,-6.32571],[106.51459,-6.32754],[106.51273,-6.32937],[106.51524,-6.32983],[106.5151,-6.33229],[106.51874,-6.33156],[106.52043,-6.33342],[106.52151,-6.33211],[106.5265,-6.33636],[106.52444,-6.33888],[106.52827,-6.33939],[106.52995,-6.3376],[106.53188,-6.33964],[106.53041,-6.34128],[106.53138,-6.34292],[106.5284,-6.34521],[106.52969,-6.34683],[106.52618,-6.34948],[106.5221,-6.35015],[106.52188,-6.35287],[106.51933,-6.35487],[106.51652,-6.3516],[106.51288,-6.35335],[106.50793,-6.35328],[106.48289,-6.3494],[106.47627,-6.35075],[106.47636,-6.34413],[106.4818,-6.34427],[106.48348,-6.34285],[106.4817,-6.33207],[106.48375,-6.331],[106.48417,-6.32532],[106.47819,-6.31665],[106.4762,-6.30887],[106.4719,-6.30749],[106.46896,-6.30328],[106.45058,-6.31947],[106.44252,-6.32408],[106.42769,-6.34846],[106.42225,-6.34659],[106.42062,-6.34916],[106.41837,-6.34638],[106.4168,-6.3478],[106.41584,-6.34609],[106.41379,-6.34623],[106.41321,-6.34421],[106.41026,-6.34506],[106.41093,-6.33952],[106.40479,-6.33951],[106.4032,-6.33657],[106.40467,-6.33446],[106.40081,-6.33142]]],[[[106.64408,-6.00549],[106.63827,-6.00842],[106.63334,-6.014],[106.63432,-6.01262],[106.6324,-6.0099],[106.63303,-6.00645],[106.63632,-6.00786],[106.63565,-6.0064],[106.64296,-6.00128],[106.64408,-6.00549]]]]}},{"type":"Feature","properties":{"n":"Kota Adm. Jakarta Timur","p":"DKI Jakarta"},"geometry":{"type":"Polygon","coordinates":[[[106.86854,-6.35325],[106.86608,-6.35604],[106.86227,-6.35721],[106.86056,-6.35541],[106.86195,-6.35381],[106.85913,-6.3503],[106.85716,-6.35058],[106.85781,-6.34808],[106.85415,-6.34651],[106.85473,-6.344],[106.84798,-6.33802],[106.84901,-6.33694],[106.84179,-6.33683],[106.8397,-6.33527],[106.84007,-6.33229],[106.84347,-6.33159],[106.84023,-6.32944],[106.84315,-6.32611],[106.84005,-6.32276],[106.84082,-6.32134],[106.83836,-6.32111],[106.8394,-6.31916],[106.84366,-6.31849],[106.84428,-6.31665],[106.84633,-6.31695],[106.84808,-6.31515],[106.84853,-6.31709],[106.84684,-6.31809],[106.84926,-6.31885],[106.85179,-6.31598],[106.85244,-6.31105],[106.855,-6.31387],[106.85833,-6.31121],[106.85683,-6.31002],[106.85852,-6.30544],[106.85463,-6.30308],[106.85485,-6.29963],[106.85159,-6.30111],[106.84978,-6.29962],[106.85218,-6.29881],[106.85049,-6.296],[106.85428,-6.29604],[106.85407,-6.29389],[106.85231,-6.29447],[106.85449,-6.29083],[106.8501,-6.29235],[106.84936,-6.29044],[106.85124,-6.28843],[106.84839,-6.288],[106.84733,-6.28555],[106.8504,-6.27976],[106.84672,-6.27904],[106.85161,-6.27625],[106.85133,-6.27364],[106.85363,-6.27195],[106.85675,-6.27259],[106.85488,-6.27047],[106.85658,-6.2703],[106.85395,-6.26509],[106.85716,-6.26387],[106.85427,-6.26232],[106.85922,-6.26283],[106.86049,-6.25758],[106.85933,-6.25676],[106.86075,-6.25529],[106.8577,-6.25519],[106.85784,-6.25295],[106.86025,-6.251],[106.86106,-6.25389],[106.8627,-6.25358],[106.86217,-6.25061],[106.86404,-6.24945],[106.86204,-6.24622],[106.86308,-6.23881],[106.86493,-6.23682],[106.86692,-6.23871],[106.86528,-6.23517],[106.86643,-6.23436],[106.86328,-6.23082],[106.8649,-6.22866],[106.86354,-6.22478],[106.86544,-6.22341],[106.86298,-6.21979],[106.86132,-6.22185],[106.8601,-6.22129],[106.86358,-6.21635],[106.85672,-6.21701],[106.85751,-6.2123],[106.8491,-6.20758],[106.85013,-6.20557],[106.8538,-6.20659],[106.85571,-6.20474],[106.85532,-6.20256],[106.85107,-6.20162],[106.86316,-6.19317],[106.87513,-6.1923],[106.87615,-6.17569],[106.8789,-6.16642],[106.891,-6.17313],[106.89657,-6.17808],[106.91203,-6.1827],[106.9225,-6.18312],[106.92039,-6.16997],[106.92216,-6.16123],[106.93577,-6.15853],[106.94016,-6.15135],[106.94038,-6.15523],[106.94433,-6.15502],[106.94438,-6.16294],[106.95087,-6.1622],[106.95427,-6.15766],[106.9586,-6.15952],[106.961,-6.15833],[106.96098,-6.15573],[106.97151,-6.15433],[106.973,-6.18944],[106.97064,-6.19212],[106.97052,-6.1979],[106.96756,-6.19865],[106.96606,-6.20112],[106.96624,-6.20693],[106.96282,-6.21217],[106.95902,-6.21234],[106.95766,-6.21773],[106.95406,-6.21748],[106.95379,-6.21921],[106.9508,-6.21934],[106.94869,-6.22224],[106.94553,-6.23687],[106.94266,-6.23759],[106.94371,-6.24383],[106.94491,-6.2438],[106.944,-6.2524],[106.92176,-6.2551],[106.92052,-6.25122],[106.91924,-6.25118],[106.91782,-6.25178],[106.9187,-6.25381],[106.91696,-6.25628],[106.91009,-6.2554],[106.91041,-6.25804],[106.90435,-6.26205],[106.90563,-6.26883],[106.90424,-6.27034],[106.91006,-6.2727],[106.90793,-6.28244],[106.91053,-6.28697],[106.90943,-6.29073],[106.91181,-6.29025],[106.91025,-6.29357],[106.91246,-6.29461],[106.91112,-6.29586],[106.91187,-6.29818],[106.91358,-6.29891],[106.91501,-6.29707],[106.91765,-6.29802],[106.91903,-6.30053],[106.92067,-6.30016],[106.92178,-6.30339],[106.92062,-6.312],[106.92282,-6.31419],[106.92072,-6.31836],[106.92162,-6.32364],[106.91832,-6.32725],[106.92004,-6.32768],[106.92095,-6.33078],[106.91958,-6.33866],[106.91819,-6.33957],[106.91949,-6.34348],[106.91728,-6.34381],[106.91721,-6.34629],[106.9159,-6.34633],[106.91782,-6.35044],[106.91542,-6.35497],[106.91713,-6.35652],[106.9136,-6.35884],[106.91612,-6.36308],[106.91427,-6.36554],[106.90602,-6.35967],[106.9052,-6.36292],[106.89996,-6.36919],[106.90128,-6.37021],[106.8976,-6.36882],[106.89614,-6.36932],[106.89635,-6.37176],[106.88904,-6.36794],[106.88742,-6.37261],[106.88468,-6.37251],[106.88266,-6.36995],[106.88368,-6.365],[106.88101,-6.36661],[106.88066,-6.36456],[106.87793,-6.36315],[106.87899,-6.3611],[106.87248,-6.36112],[106.87199,-6.35792],[106.87426,-6.35591],[106.87104,-6.3527],[106.86945,-6.35443],[106.86854,-6.35325]]]}},{"type":"Feature","properties":{"n":"Subang","p":"Jawa Barat"},"geometry":{"type":"Polygon","coordinates":[[[107.6491,-6.77249],[107.64262,-6.7743],[107.62902,-6.77413],[107.62066,-6.76448],[107.6174,-6.76332],[107.61847,-6.76027],[107.6106,-6.75918],[107.60067,-6.76139],[107.60014,-6.7563],[107.60418,-6.74924],[107.60181,-6.73945],[107.60236,-6.73611],[107.60004,-6.73137],[107.59377,-6.72854],[107.59139,-6.72444],[107.59145,-6.71864],[107.58823,-6.71528],[107.5921,-6.70476],[107.58888,-6.69924],[107.58952,-6.69396],[107.58413,-6.68954],[107.58843,-6.68198],[107.58768,-6.68031],[107.59325,-6.67644],[107.59745,-6.66454],[107.59941,-6.6627],[107.59893,-6.65329],[107.58899,-6.64701],[107.587,-6.64305],[107.58791,-6.64222],[107.58382,-6.64054],[107.57952,-6.6339],[107.58113,-6.63182],[107.58,-6.63006],[107.58473,-6.62124],[107.58492,-6.61758],[107.58309,-6.61455],[107.58415,-6.6093],[107.5867,-6.60553],[107.58909,-6.60485],[107.5904,-6.59984],[107.58677,-6.59957],[107.58642,-6.59696],[107.58244,-6.59528],[107.58582,-6.59179],[107.58117,-6.59038],[107.58275,-6.58901],[107.58171,-6.5869],[107.58422,-6.58467],[107.57946,-6.5842],[107.57824,-6.58175],[107.57375,-6.58397],[107.57134,-6.57909],[107.56769,-6.57742],[107.56944,-6.57587],[107.56907,-6.57413],[107.5635,-6.57114],[107.56454,-6.56764],[107.56201,-6.56983],[107.56083,-6.56732],[107.55806,-6.56655],[107.5565,-6.56802],[107.55407,-6.56676],[107.55341,-6.56417],[107.55465,-6.56164],[107.55576,-6.56287],[107.55807,-6.56169],[107.55856,-6.55948],[107.55648,-6.55854],[107.55745,-6.55606],[107.56105,-6.55537],[107.55855,-6.55297],[107.55845,-6.55027],[107.56241,-6.54683],[107.56029,-6.54259],[107.55573,-6.54062],[107.55902,-6.53622],[107.55801,-6.53175],[107.56365,-6.52771],[107.56213,-6.5244],[107.55858,-6.52329],[107.56015,-6.52022],[107.5548,-6.51745],[107.56066,-6.51469],[107.55879,-6.51024],[107.56152,-6.50946],[107.56033,-6.5],[107.56252,-6.49634],[107.55964,-6.49041],[107.56368,-6.49027],[107.56548,-6.48719],[107.56239,-6.48534],[107.56198,-6.48853],[107.559,-6.4872],[107.55829,-6.48247],[107.56044,-6.47807],[107.55934,-6.47592],[107.55685,-6.47415],[107.55206,-6.474],[107.55058,-6.46901],[107.54693,-6.47112],[107.54535,-6.47015],[107.54579,-6.46616],[107.5484,-6.46338],[107.54647,-6.46245],[107.54729,-6.45878],[107.5433,-6.45751],[107.544,-6.45546],[107.54111,-6.45376],[107.54384,-6.45002],[107.54209,-6.44576],[107.53928,-6.44416],[107.53587,-6.44554],[107.53311,-6.44356],[107.53361,-6.44176],[107.53068,-6.44173],[107.5309,-6.43994],[107.52628,-6.43541],[107.52655,-6.42563],[107.52975,-6.42423],[107.52883,-6.41936],[107.53113,-6.4181],[107.53239,-6.41486],[107.53484,-6.41501],[107.53709,-6.40498],[107.53964,-6.40383],[107.53982,-6.39614],[107.53732,-6.38969],[107.53777,-6.38697],[107.54211,-6.3847],[107.54296,-6.38192],[107.5483,-6.37954],[107.54954,-6.37389],[107.54861,-6.3714],[107.55339,-6.36581],[107.55351,-6.36328],[107.555,-6.36273],[107.55576,-6.36509],[107.55807,-6.36461],[107.55946,-6.35885],[107.56204,-6.35865],[107.56222,-6.35511],[107.56543,-6.35265],[107.56293,-6.34989],[107.57047,-6.34097],[107.57074,-6.33732],[107.56852,-6.33885],[107.56805,-6.3363],[107.57279,-6.33301],[107.57036,-6.33277],[107.57156,-6.33047],[107.57634,-6.32837],[107.57558,-6.32733],[107.57903,-6.32235],[107.5799,-6.31374],[107.58273,-6.31241],[107.5799,-6.30882],[107.58138,-6.30696],[107.58016,-6.30065],[107.58476,-6.29847],[107.58614,-6.29445],[107.58473,-6.29332],[107.58459,-6.28928],[107.58227,-6.2885],[107.57889,-6.28045],[107.57983,-6.27126],[107.5782,-6.26783],[107.58173,-6.26632],[107.58218,-6.26141],[107.58389,-6.26028],[107.58062,-6.25645],[107.5858,-6.25243],[107.59212,-6.2509],[107.59943,-6.253],[107.59923,-6.2512],[107.6018,-6.24843],[107.60207,-6.23882],[107.60644,-6.23656],[107.61092,-6.23646],[107.62389,-6.22274],[107.62656,-6.22519],[107.63306,-6.22418],[107.64294,-6.21552],[107.64444,-6.2157],[107.65272,-6.22706],[107.66749,-6.23441],[107.66784,-6.2393],[107.68013,-6.23677],[107.69019,-6.23134],[107.69468,-6.22745],[107.69581,-6.22084],[107.69751,-6.2254],[107.69961,-6.22497],[107.70787,-6.23295],[107.7142,-6.23621],[107.72124,-6.23751],[107.72874,-6.23511],[107.7307,-6.23601],[107.74198,-6.22954],[107.74621,-6.23085],[107.74821,-6.2275],[107.75124,-6.22698],[107.75762,-6.2199],[107.7597,-6.21993],[107.75928,-6.21681],[107.76396,-6.2131],[107.76686,-6.21256],[107.76599,-6.21373],[107.7673,-6.21597],[107.77275,-6.21406],[107.77164,-6.21575],[107.7812,-6.22107],[107.78621,-6.21574],[107.78386,-6.21488],[107.78233,-6.21032],[107.77629,-6.20722],[107.78246,-6.20475],[107.78309,-6.21035],[107.80518,-6.2209],[107.80979,-6.21365],[107.80294,-6.21008],[107.80732,-6.20392],[107.80436,-6.19755],[107.80722,-6.19799],[107.80929,-6.19637],[107.81049,-6.19835],[107.81231,-6.19699],[107.81249,-6.19048],[107.81871,-6.18696],[107.85004,-6.18945],[107.8539,-6.19076],[107.85572,-6.19071],[107.86026,-6.19084],[107.8638,-6.19181],[107.85876,-6.19113],[107.85961,-6.1915],[107.86013,-6.19201],[107.85,-6.19013],[107.84806,-6.19294],[107.84922,-6.20083],[107.85457,-6.21237],[107.85803,-6.21271],[107.85723,-6.21144],[107.85923,-6.21246],[107.85846,-6.21124],[107.86026,-6.20967],[107.86016,-6.21206],[107.86384,-6.20784],[107.868,-6.20949],[107.87153,-6.207],[107.8713,-6.20178],[107.87369,-6.19887],[107.87658,-6.19833],[107.87632,-6.19352],[107.8824,-6.1951],[107.88615,-6.19329],[107.88445,-6.18968],[107.88603,-6.18803],[107.88533,-6.18645],[107.88186,-6.18522],[107.88559,-6.18437],[107.88393,-6.18325],[107.88684,-6.18203],[107.89457,-6.18358],[107.89863,-6.18712],[107.89766,-6.1943],[107.89357,-6.19704],[107.89716,-6.20723],[107.89188,-6.20849],[107.88677,-6.2047],[107.88652,-6.20683],[107.88858,-6.20938],[107.88808,-6.2215],[107.88937,-6.22316],[107.8864,-6.22659],[107.8907,-6.22651],[107.89541,-6.23554],[107.90329,-6.24364],[107.90843,-6.2366],[107.90528,-6.24381],[107.91216,-6.24835],[107.91947,-6.24946],[107.92199,-6.25444],[107.91934,-6.26006],[107.91465,-6.26262],[107.91455,-6.2655],[107.91662,-6.26819],[107.91442,-6.26781],[107.91184,-6.26978],[107.91552,-6.27065],[107.91459,-6.27282],[107.91616,-6.2744],[107.91808,-6.27115],[107.92113,-6.27676],[107.92343,-6.27703],[107.92307,-6.27922],[107.92542,-6.27959],[107.92149,-6.28339],[107.92457,-6.28551],[107.92291,-6.28819],[107.92326,-6.29029],[107.92502,-6.29085],[107.92184,-6.29557],[107.92348,-6.29966],[107.92169,-6.30808],[107.92312,-6.31752],[107.91741,-6.31973],[107.9223,-6.3256],[107.92201,-6.33083],[107.92033,-6.33313],[107.92128,-6.33638],[107.91661,-6.34751],[107.91758,-6.35059],[107.92031,-6.35109],[107.92351,-6.35986],[107.90244,-6.38412],[107.89587,-6.39452],[107.89495,-6.39768],[107.8997,-6.40083],[107.90043,-6.40547],[107.89893,-6.40649],[107.89702,-6.40435],[107.8905,-6.4036],[107.89338,-6.40663],[107.8913,-6.40942],[107.8917,-6.41396],[107.88795,-6.41631],[107.89314,-6.41652],[107.8948,-6.42341],[107.89726,-6.4247],[107.89115,-6.43521],[107.89272,-6.4385],[107.8901,-6.44366],[107.89414,-6.44697],[107.88884,-6.44701],[107.88877,-6.44895],[107.89149,-6.45062],[107.88708,-6.4534],[107.88627,-6.45641],[107.89009,-6.45717],[107.89131,-6.46027],[107.89484,-6.4599],[107.89593,-6.46523],[107.89453,-6.46928],[107.89883,-6.46939],[107.89742,-6.47276],[107.89883,-6.47549],[107.89584,-6.47873],[107.89792,-6.48236],[107.90241,-6.48008],[107.90562,-6.48193],[107.90835,-6.48112],[107.91036,-6.48352],[107.91191,-6.48049],[107.91357,-6.48222],[107.91212,-6.48563],[107.91317,-6.48621],[107.91918,-6.48362],[107.91886,-6.48617],[107.91312,-6.48955],[107.91581,-6.49254],[107.92038,-6.48902],[107.9203,-6.49097],[107.91804,-6.49326],[107.9075,-6.49398],[107.90929,-6.49627],[107.90607,-6.50121],[107.90576,-6.50445],[107.91155,-6.50447],[107.91351,-6.49896],[107.91515,-6.49872],[107.92122,-6.50738],[107.91836,-6.50956],[107.9209,-6.51293],[107.91737,-6.51697],[107.91624,-6.52464],[107.91192,-6.52806],[107.90828,-6.52871],[107.90874,-6.53111],[107.91169,-6.53262],[107.90951,-6.53757],[107.90121,-6.54454],[107.89301,-6.54611],[107.89442,-6.55003],[107.8961,-6.54854],[107.89842,-6.54923],[107.89604,-6.55325],[107.89236,-6.5531],[107.89368,-6.55714],[107.88644,-6.55539],[107.88405,-6.55717],[107.88327,-6.56031],[107.88066,-6.5615],[107.88102,-6.56665],[107.87713,-6.56862],[107.87539,-6.56637],[107.87345,-6.56661],[107.86997,-6.57259],[107.86936,-6.5667],[107.86673,-6.56548],[107.86451,-6.56813],[107.86106,-6.56804],[107.85089,-6.57259],[107.85158,-6.57531],[107.85556,-6.57868],[107.85266,-6.58108],[107.84868,-6.58094],[107.84761,-6.58636],[107.85275,-6.59146],[107.85192,-6.5944],[107.85567,-6.60092],[107.85048,-6.60893],[107.85266,-6.61198],[107.85179,-6.62076],[107.85603,-6.62659],[107.85488,-6.62998],[107.85166,-6.63098],[107.84842,-6.6387],[107.85104,-6.65451],[107.84645,-6.65483],[107.84654,-6.65827],[107.84131,-6.66062],[107.83818,-6.66604],[107.83804,-6.66834],[107.83992,-6.6702],[107.83701,-6.67123],[107.83958,-6.67396],[107.83392,-6.67781],[107.83347,-6.68395],[107.82839,-6.68356],[107.82764,-6.68803],[107.83263,-6.68993],[107.8331,-6.69236],[107.83512,-6.69209],[107.83476,-6.69359],[107.83766,-6.69411],[107.83902,-6.69765],[107.83739,-6.69983],[107.83834,-6.70138],[107.83658,-6.70157],[107.83472,-6.70626],[107.83693,-6.70759],[107.83289,-6.71409],[107.83451,-6.71543],[107.83253,-6.7166],[107.83465,-6.71782],[107.83464,-6.7238],[107.83585,-6.72312],[107.83697,-6.72498],[107.83516,-6.72594],[107.83634,-6.72697],[107.83604,-6.73244],[107.83449,-6.73792],[107.83573,-6.73782],[107.83415,-6.7399],[107.83766,-6.74324],[107.83508,-6.75064],[107.83807,-6.75176],[107.84003,-6.76035],[107.8372,-6.76305],[107.83842,-6.76866],[107.83652,-6.76909],[107.83666,-6.77675],[107.83268,-6.77846],[107.83138,-6.78273],[107.82311,-6.78509],[107.81764,-6.79253],[107.81604,-6.80103],[107.80192,-6.8109],[107.8,-6.81073],[107.79468,-6.80481],[107.78231,-6.80668],[107.77674,-6.80263],[107.77325,-6.80287],[107.77085,-6.80593],[107.76542,-6.8073],[107.76284,-6.81045],[107.75186,-6.81335],[107.7391,-6.81274],[107.73354,-6.81427],[107.73035,-6.81165],[107.72621,-6.81088],[107.72624,-6.80506],[107.7238,-6.80199],[107.7114,-6.79761],[107.70765,-6.79294],[107.70111,-6.79296],[107.69908,-6.79489],[107.68802,-6.79835],[107.67829,-6.78884],[107.67204,-6.78067],[107.6711,-6.77634],[107.66932,-6.77722],[107.66251,-6.77411],[107.6491,-6.77249]]]}},{"type":"Feature","properties":{"n":"Madiun","p":"Jawa Timur"},"geometry":{"type":"Polygon","coordinates":[[[111.52425,-7.79956],[111.50868,-7.79945],[111.5055,-7.79677],[111.49689,-7.79401],[111.49466,-7.78928],[111.48907,-7.78904],[111.47596,-7.78332],[111.47428,-7.77941],[111.46898,-7.77709],[111.46217,-7.77925],[111.46134,-7.77762],[111.45793,-7.77789],[111.45545,-7.78399],[111.45075,-7.7814],[111.44982,-7.77931],[111.45193,-7.77187],[111.45023,-7.76996],[111.45316,-7.76864],[111.45165,-7.76487],[111.45396,-7.76019],[111.45285,-7.75856],[111.45552,-7.75583],[111.45242,-7.75257],[111.45537,-7.74624],[111.45787,-7.7453],[111.45481,-7.74194],[111.45594,-7.73518],[111.46037,-7.72851],[111.45872,-7.72498],[111.4641,-7.71929],[111.47069,-7.71859],[111.47068,-7.71264],[111.48083,-7.7044],[111.48099,-7.70044],[111.48513,-7.70292],[111.48878,-7.69905],[111.49405,-7.69989],[111.49816,-7.69871],[111.49733,-7.69452],[111.50121,-7.6912],[111.49865,-7.67407],[111.50273,-7.66862],[111.50583,-7.66736],[111.50819,-7.662],[111.51093,-7.66121],[111.51069,-7.65925],[111.51272,-7.66132],[111.52908,-7.66427],[111.53307,-7.66343],[111.53345,-7.66031],[111.5411,-7.66018],[111.54148,-7.65827],[111.54424,-7.65907],[111.54174,-7.65682],[111.54162,-7.65305],[111.54294,-7.65269],[111.53954,-7.65145],[111.53893,-7.64864],[111.53971,-7.64638],[111.54612,-7.64783],[111.55125,-7.64234],[111.55063,-7.63519],[111.55353,-7.63427],[111.55274,-7.62716],[111.55176,-7.62571],[111.55056,-7.62797],[111.54848,-7.62729],[111.54863,-7.62597],[111.55345,-7.61625],[111.55521,-7.61566],[111.55444,-7.6119],[111.55642,-7.60703],[111.55792,-7.60761],[111.55901,-7.60507],[111.55746,-7.60412],[111.55803,-7.59632],[111.5496,-7.59487],[111.54783,-7.59814],[111.54406,-7.59747],[111.54247,-7.60008],[111.54023,-7.59956],[111.53889,-7.60118],[111.53657,-7.59907],[111.53316,-7.60267],[111.5322,-7.60134],[111.53411,-7.60106],[111.53405,-7.59953],[111.5204,-7.59715],[111.51761,-7.60305],[111.51372,-7.60326],[111.51393,-7.60635],[111.51198,-7.60821],[111.50735,-7.60823],[111.50379,-7.60628],[111.50333,-7.60769],[111.50088,-7.6076],[111.50035,-7.61641],[111.50229,-7.6204],[111.5005,-7.6234],[111.49649,-7.62308],[111.49568,-7.62473],[111.50043,-7.62636],[111.49569,-7.63771],[111.49835,-7.63913],[111.49686,-7.6451],[111.49845,-7.64543],[111.49917,-7.64073],[111.50241,-7.64144],[111.50324,-7.63931],[111.50761,-7.64103],[111.5085,-7.63599],[111.51061,-7.63411],[111.51237,-7.64392],[111.51167,-7.64886],[111.50558,-7.64967],[111.50493,-7.64617],[111.49971,-7.64605],[111.49873,-7.64747],[111.50384,-7.64997],[111.50345,-7.65549],[111.50119,-7.65662],[111.50141,-7.65873],[111.49062,-7.65775],[111.48413,-7.66277],[111.48176,-7.66036],[111.48694,-7.64147],[111.48136,-7.64101],[111.48694,-7.63235],[111.48529,-7.63141],[111.48369,-7.63386],[111.48132,-7.63233],[111.47938,-7.63343],[111.47911,-7.63644],[111.48125,-7.63633],[111.48027,-7.64],[111.47701,-7.63898],[111.46957,-7.64151],[111.46836,-7.63921],[111.46309,-7.63899],[111.4637,-7.63748],[111.46632,-7.63767],[111.46612,-7.63539],[111.46207,-7.63276],[111.46241,-7.62839],[111.46,-7.62812],[111.46007,-7.6263],[111.45415,-7.62479],[111.45305,-7.62855],[111.45072,-7.62792],[111.45166,-7.62023],[111.45462,-7.61893],[111.45817,-7.61962],[111.46418,-7.61561],[111.46884,-7.61475],[111.47061,-7.609],[111.47453,-7.60864],[111.47529,-7.60633],[111.47321,-7.6056],[111.47277,-7.6034],[111.47668,-7.59488],[111.4753,-7.58647],[111.47738,-7.58516],[111.47917,-7.57541],[111.48474,-7.57435],[111.48644,-7.56589],[111.48984,-7.56518],[111.49303,-7.56733],[111.50045,-7.56746],[111.50137,-7.56507],[111.49975,-7.56521],[111.49965,-7.56269],[111.50162,-7.55659],[111.50359,-7.55753],[111.50378,-7.55289],[111.51345,-7.55359],[111.51414,-7.55019],[111.50789,-7.5474],[111.51143,-7.53833],[111.51814,-7.54011],[111.52274,-7.53836],[111.52473,-7.54444],[111.5321,-7.5469],[111.53548,-7.54537],[111.53605,-7.53819],[111.54025,-7.53793],[111.54109,-7.53585],[111.54522,-7.53924],[111.54821,-7.53892],[111.54802,-7.54224],[111.55,-7.54503],[111.55334,-7.54495],[111.55599,-7.54692],[111.55926,-7.54563],[111.56166,-7.54663],[111.56329,-7.5412],[111.55952,-7.54102],[111.55984,-7.53643],[111.55399,-7.53631],[111.55318,-7.53837],[111.54751,-7.53763],[111.5492,-7.53427],[111.54855,-7.53205],[111.5501,-7.53196],[111.55199,-7.53471],[111.55315,-7.53391],[111.55041,-7.52701],[111.5531,-7.5282],[111.55391,-7.53062],[111.55915,-7.52548],[111.56244,-7.52608],[111.564,-7.5232],[111.56627,-7.5245],[111.5696,-7.52273],[111.56964,-7.52426],[111.57149,-7.5218],[111.57222,-7.5231],[111.57192,-7.52112],[111.57472,-7.52149],[111.57496,-7.5204],[111.58151,-7.52105],[111.58326,-7.52325],[111.58427,-7.52161],[111.58715,-7.52128],[111.58658,-7.51777],[111.57978,-7.51522],[111.58039,-7.51248],[111.58187,-7.51273],[111.58205,-7.51096],[111.58412,-7.51172],[111.58589,-7.5083],[111.58812,-7.5087],[111.58711,-7.50715],[111.58872,-7.50546],[111.59078,-7.50695],[111.58999,-7.5011],[111.59167,-7.50244],[111.5943,-7.49907],[111.59371,-7.49775],[111.59776,-7.49552],[111.59578,-7.49422],[111.5967,-7.49083],[111.59781,-7.48954],[111.59942,-7.49097],[111.59985,-7.48931],[111.59782,-7.48853],[111.59924,-7.4889],[111.59966,-7.48638],[111.60291,-7.48491],[111.60064,-7.48522],[111.60028,-7.48269],[111.60376,-7.48374],[111.60248,-7.48084],[111.60474,-7.48027],[111.60492,-7.47677],[111.60671,-7.47557],[111.60745,-7.47881],[111.60896,-7.47564],[111.61048,-7.47607],[111.61236,-7.46902],[111.61481,-7.468],[111.61489,-7.46752],[111.6126,-7.46708],[111.61265,-7.46661],[111.61644,-7.46477],[111.62184,-7.46695],[111.62274,-7.46881],[111.62355,-7.46722],[111.62681,-7.46713],[111.62905,-7.46334],[111.63143,-7.46388],[111.63443,-7.4615],[111.63714,-7.46278],[111.64217,-7.45481],[111.64178,-7.45098],[111.65168,-7.45101],[111.65081,-7.44584],[111.65238,-7.44467],[111.65061,-7.43867],[111.65522,-7.43851],[111.65487,-7.4367],[111.65843,-7.43361],[111.65966,-7.42722],[111.66335,-7.42398],[111.66846,-7.42316],[111.6701,-7.41596],[111.67361,-7.41066],[111.68454,-7.41662],[111.71086,-7.43665],[111.71671,-7.44321],[111.72718,-7.44885],[111.73731,-7.4509],[111.74629,-7.45499],[111.76731,-7.46876],[111.77373,-7.46933],[111.80226,-7.45968],[111.81338,-7.46324],[111.82149,-7.47257],[111.82139,-7.47535],[111.81858,-7.47763],[111.81863,-7.48305],[111.82508,-7.49466],[111.8386,-7.49803],[111.84058,-7.50309],[111.84622,-7.50332],[111.84958,-7.50914],[111.84327,-7.5139],[111.84038,-7.51924],[111.8379,-7.5286],[111.83878,-7.54037],[111.8331,-7.54881],[111.82578,-7.54457],[111.81763,-7.54843],[111.81437,-7.54193],[111.80654,-7.54365],[111.80419,-7.54557],[111.80446,-7.54767],[111.80212,-7.5488],[111.80418,-7.55487],[111.80153,-7.5566],[111.79786,-7.56792],[111.79872,-7.56958],[111.79573,-7.57083],[111.79434,-7.57408],[111.79559,-7.57436],[111.79389,-7.57651],[111.79512,-7.58014],[111.79385,-7.58412],[111.79458,-7.58993],[111.79204,-7.59374],[111.79233,-7.59612],[111.79087,-7.59617],[111.78572,-7.60303],[111.79,-7.61421],[111.78847,-7.61705],[111.78938,-7.62049],[111.78528,-7.62246],[111.78434,-7.62695],[111.78572,-7.62937],[111.78409,-7.63103],[111.78461,-7.63412],[111.78625,-7.63556],[111.78484,-7.63546],[111.78359,-7.63983],[111.78373,-7.64743],[111.78121,-7.64829],[111.78294,-7.65044],[111.78094,-7.65128],[111.77881,-7.6559],[111.77766,-7.65532],[111.77041,-7.66171],[111.77159,-7.66537],[111.76893,-7.66454],[111.76671,-7.67127],[111.76228,-7.67548],[111.76215,-7.67812],[111.75701,-7.68159],[111.75582,-7.6889],[111.75752,-7.68956],[111.75751,-7.69336],[111.75415,-7.70281],[111.74594,-7.71219],[111.7418,-7.71446],[111.74144,-7.71759],[111.73355,-7.7251],[111.73091,-7.73204],[111.72922,-7.74062],[111.73092,-7.74496],[111.72944,-7.75407],[111.72674,-7.75873],[111.72696,-7.76379],[111.72455,-7.77136],[111.72535,-7.77661],[111.73644,-7.78802],[111.74183,-7.79035],[111.75054,-7.7991],[111.73599,-7.80244],[111.73248,-7.80111],[111.72844,-7.80555],[111.72462,-7.80575],[111.72257,-7.80985],[111.71941,-7.81115],[111.71427,-7.81092],[111.70882,-7.80728],[111.70478,-7.80806],[111.6938,-7.80533],[111.69528,-7.80038],[111.69263,-7.79738],[111.68838,-7.78568],[111.68307,-7.78751],[111.67906,-7.78377],[111.67597,-7.78373],[111.67552,-7.77875],[111.67773,-7.77408],[111.67439,-7.77317],[111.66761,-7.76755],[111.66324,-7.76862],[111.65947,-7.76655],[111.65127,-7.7724],[111.64674,-7.77326],[111.64024,-7.77159],[111.63777,-7.77453],[111.63535,-7.77381],[111.62852,-7.77552],[111.6272,-7.77715],[111.62463,-7.77668],[111.61945,-7.78024],[111.61224,-7.77971],[111.61164,-7.7819],[111.60337,-7.78095],[111.59886,-7.777],[111.59868,-7.78249],[111.59553,-7.78518],[111.59595,-7.78942],[111.59261,-7.79059],[111.59205,-7.79302],[111.58552,-7.79689],[111.57593,-7.80092],[111.56425,-7.80248],[111.55768,-7.80165],[111.55784,-7.80002],[111.55421,-7.79919],[111.54979,-7.80441],[111.53936,-7.80401],[111.53736,-7.80268],[111.5293,-7.80331],[111.52447,-7.80171],[111.52425,-7.79956]],[[111.50628,-7.66917],[111.50762,-7.67032],[111.5041,-7.67249],[111.50328,-7.67553],[111.50708,-7.67764],[111.50789,-7.67518],[111.51365,-7.67592],[111.51611,-7.66783],[111.5155,-7.66382],[111.51372,-7.66431],[111.51179,-7.66157],[111.5094,-7.66562],[111.50787,-7.66495],[111.50628,-7.66917]],[[111.50686,-7.67846],[111.5066,-7.67984],[111.50874,-7.68051],[111.51018,-7.67843],[111.50686,-7.67846]]]}},{"type":"Feature","properties":{"n":"Pandeglang","p":"Banten"},"geometry":{"type":"MultiPolygon","coordinates":[[[[105.5423,-6.99567],[105.55411,-6.99625],[105.56962,-7.00637],[105.57062,-7.00962],[105.56858,-7.01384],[105.56287,-7.01618],[105.5355,-7.01489],[105.52532,-7.01311],[105.52064,-7.00794],[105.52055,-7.00385],[105.52254,-7.00103],[105.52929,-7.0007],[105.5423,-6.99567]]],[[[105.26286,-6.85271],[105.26224,-6.85422],[105.26243,-6.85252],[105.26286,-6.85271]]],[[[105.26691,-6.84635],[105.26558,-6.84689],[105.26691,-6.84615],[105.26691,-6.84635]]],[[[105.24516,-6.84089],[105.24615,-6.84092],[105.24516,-6.84112],[105.24516,-6.84089]]],[[[105.24293,-6.83953],[105.24295,-6.83987],[105.2428,-6.83991],[105.24293,-6.83953]]],[[[105.23903,-6.83786],[105.23939,-6.83922],[105.23913,-6.83913],[105.23903,-6.83786]]],[[[105.23909,-6.82206],[105.23901,-6.82098],[105.23934,-6.82096],[105.23909,-6.82206]]],[[[105.44275,-6.81017],[105.44458,-6.80858],[105.44408,-6.81037],[105.44275,-6.81017]]],[[[105.65679,-6.84325],[105.61462,-6.84336],[105.60282,-6.84612],[105.60274,-6.84873],[105.59795,-6.85143],[105.59688,-6.85022],[105.59328,-6.85352],[105.58317,-6.85335],[105.57266,-6.85609],[105.56333,-6.8565],[105.53797,-6.87429],[105.53779,-6.87199],[105.53339,-6.8694],[105.52365,-6.86582],[105.50489,-6.86195],[105.49561,-6.86111],[105.49308,-6.8646],[105.48876,-6.86675],[105.4793,-6.86506],[105.47605,-6.86366],[105.47251,-6.85835],[105.46688,-6.8552],[105.4528,-6.84263],[105.43895,-6.83614],[105.43127,-6.83568],[105.4217,-6.83933],[105.42001,-6.84189],[105.42213,-6.84765],[105.42161,-6.85198],[105.41764,-6.85412],[105.41389,-6.85376],[105.40917,-6.84816],[105.40988,-6.84344],[105.41312,-6.84053],[105.41241,-6.83634],[105.40853,-6.83116],[105.40138,-6.82675],[105.35881,-6.80848],[105.35524,-6.80907],[105.32707,-6.80262],[105.31212,-6.8018],[105.30259,-6.80233],[105.29518,-6.80494],[105.28836,-6.82276],[105.27774,-6.83186],[105.27218,-6.84285],[105.26791,-6.84232],[105.26712,-6.84507],[105.26271,-6.84556],[105.26159,-6.84321],[105.25438,-6.84037],[105.25128,-6.83672],[105.24628,-6.84055],[105.2447,-6.83924],[105.24337,-6.84002],[105.24325,-6.83859],[105.24106,-6.83956],[105.2408,-6.8354],[105.23946,-6.83635],[105.23768,-6.83604],[105.24044,-6.83508],[105.24087,-6.8281],[105.24424,-6.82471],[105.23908,-6.81754],[105.23531,-6.81708],[105.23964,-6.81182],[105.23842,-6.8038],[105.23599,-6.8026],[105.23943,-6.79964],[105.23893,-6.79629],[105.23682,-6.79194],[105.23261,-6.78956],[105.23265,-6.77947],[105.22845,-6.77724],[105.22096,-6.76549],[105.213,-6.76182],[105.21042,-6.76394],[105.21044,-6.76119],[105.213,-6.76019],[105.21367,-6.75785],[105.21095,-6.75245],[105.21113,-6.7477],[105.21262,-6.74559],[105.2219,-6.74789],[105.22958,-6.75558],[105.23493,-6.75809],[105.24556,-6.76014],[105.24916,-6.75936],[105.25903,-6.76247],[105.26344,-6.76107],[105.2695,-6.74691],[105.27609,-6.74103],[105.2793,-6.73499],[105.29907,-6.71828],[105.30909,-6.71491],[105.31566,-6.70904],[105.32046,-6.70861],[105.32468,-6.69921],[105.33032,-6.69596],[105.33091,-6.69404],[105.32685,-6.69038],[105.32877,-6.68219],[105.32393,-6.67708],[105.32442,-6.67191],[105.3271,-6.6681],[105.33721,-6.66458],[105.34098,-6.66076],[105.36277,-6.65516],[105.36891,-6.64666],[105.37045,-6.64644],[105.37534,-6.65455],[105.37479,-6.65855],[105.37778,-6.67283],[105.38442,-6.67705],[105.38779,-6.67747],[105.39092,-6.68268],[105.39281,-6.69042],[105.3915,-6.69593],[105.3948,-6.70988],[105.39893,-6.71287],[105.40088,-6.71722],[105.40151,-6.72742],[105.39518,-6.72499],[105.39222,-6.72676],[105.38693,-6.73443],[105.38885,-6.74015],[105.3919,-6.74407],[105.39738,-6.74516],[105.403,-6.74924],[105.40593,-6.74902],[105.40891,-6.75235],[105.41174,-6.7599],[105.41468,-6.75927],[105.41624,-6.76102],[105.4149,-6.76576],[105.41653,-6.76769],[105.42025,-6.76667],[105.42357,-6.77435],[105.42703,-6.77197],[105.42789,-6.76753],[105.4303,-6.76743],[105.42999,-6.77071],[105.43197,-6.77136],[105.4297,-6.77343],[105.43125,-6.7767],[105.43506,-6.77539],[105.43591,-6.77686],[105.43509,-6.78039],[105.43297,-6.78199],[105.43556,-6.78232],[105.43608,-6.7848],[105.43286,-6.7839],[105.43434,-6.78579],[105.434,-6.78977],[105.43682,-6.79129],[105.43469,-6.79895],[105.43604,-6.80011],[105.44007,-6.79773],[105.4416,-6.79934],[105.43533,-6.80669],[105.4355,-6.81018],[105.43814,-6.81236],[105.43845,-6.81569],[105.44293,-6.8222],[105.44748,-6.82569],[105.45342,-6.82745],[105.45768,-6.82818],[105.45983,-6.82537],[105.46139,-6.82833],[105.46931,-6.82783],[105.46991,-6.8236],[105.47825,-6.82083],[105.48183,-6.81573],[105.47959,-6.8076],[105.49024,-6.80262],[105.49584,-6.79832],[105.50007,-6.79225],[105.50042,-6.78525],[105.50489,-6.7769],[105.50484,-6.77441],[105.50188,-6.77072],[105.50337,-6.76553],[105.51234,-6.75712],[105.51249,-6.74543],[105.51111,-6.74141],[105.507,-6.73771],[105.50673,-6.73038],[105.51202,-6.72643],[105.51911,-6.72527],[105.52563,-6.72101],[105.52906,-6.71519],[105.54237,-6.7047],[105.54246,-6.70108],[105.54782,-6.70185],[105.55143,-6.69755],[105.5555,-6.69675],[105.55555,-6.69405],[105.55797,-6.69306],[105.56147,-6.68683],[105.5619,-6.68084],[105.56331,-6.68024],[105.56833,-6.68326],[105.57169,-6.68062],[105.57243,-6.67917],[105.57079,-6.6762],[105.57407,-6.67249],[105.57575,-6.66445],[105.57502,-6.66309],[105.5689,-6.66363],[105.56773,-6.65979],[105.56922,-6.65766],[105.57978,-6.65786],[105.59186,-6.65181],[105.59159,-6.65079],[105.59284,-6.65166],[105.59783,-6.64927],[105.60863,-6.63283],[105.61133,-6.63293],[105.60954,-6.63128],[105.61825,-6.61658],[105.6174,-6.60077],[105.62239,-6.59815],[105.62581,-6.59076],[105.62623,-6.58536],[105.62545,-6.5826],[105.62287,-6.58334],[105.62136,-6.57806],[105.61685,-6.57485],[105.61632,-6.55905],[105.62304,-6.54868],[105.62238,-6.53695],[105.6244,-6.5345],[105.62438,-6.53047],[105.62765,-6.52722],[105.62869,-6.51968],[105.63377,-6.51623],[105.63545,-6.51043],[105.64001,-6.5045],[105.6402,-6.50051],[105.64606,-6.49723],[105.64987,-6.49233],[105.64792,-6.48721],[105.65006,-6.48117],[105.65652,-6.4784],[105.66383,-6.4829],[105.66787,-6.47883],[105.66587,-6.47156],[105.66858,-6.47144],[105.67718,-6.4758],[105.679,-6.47927],[105.67564,-6.48562],[105.67777,-6.49194],[105.67326,-6.50094],[105.674,-6.50932],[105.67933,-6.51344],[105.68334,-6.51397],[105.68435,-6.51812],[105.68656,-6.51937],[105.68796,-6.52292],[105.69414,-6.52459],[105.69429,-6.52294],[105.69606,-6.52523],[105.70848,-6.52742],[105.70927,-6.53051],[105.70858,-6.53079],[105.70859,-6.53093],[105.71472,-6.53271],[105.72559,-6.53097],[105.72715,-6.52918],[105.72748,-6.53072],[105.73213,-6.52718],[105.735,-6.52429],[105.73258,-6.51997],[105.7329,-6.51699],[105.73485,-6.52135],[105.74524,-6.51975],[105.75239,-6.52211],[105.77213,-6.51648],[105.78256,-6.50734],[105.79224,-6.49377],[105.79479,-6.49152],[105.79797,-6.49147],[105.79747,-6.48828],[105.80767,-6.47253],[105.80936,-6.47251],[105.80795,-6.47119],[105.81534,-6.45734],[105.81882,-6.44499],[105.82294,-6.43726],[105.82196,-6.43601],[105.82541,-6.42591],[105.82658,-6.4165],[105.82422,-6.4023],[105.82717,-6.40655],[105.82508,-6.3978],[105.80704,-6.40701],[105.81976,-6.39963],[105.81982,-6.39715],[105.81887,-6.39779],[105.826,-6.39161],[105.82346,-6.39087],[105.8085,-6.40219],[105.82338,-6.39074],[105.82545,-6.39053],[105.82562,-6.38778],[105.82516,-6.38619],[105.82447,-6.38512],[105.82381,-6.38451],[105.82475,-6.3856],[105.82501,-6.38607],[105.82519,-6.38673],[105.82532,-6.38779],[105.82326,-6.38392],[105.81875,-6.38224],[105.82323,-6.37574],[105.81934,-6.36959],[105.81888,-6.35936],[105.82248,-6.35974],[105.82234,-6.35951],[105.82184,-6.3596],[105.82042,-6.35878],[105.82235,-6.35942],[105.82416,-6.35279],[105.82308,-6.3451],[105.82927,-6.32743],[105.82819,-6.31868],[105.83077,-6.31585],[105.83516,-6.31571],[105.83555,-6.31482],[105.83621,-6.31434],[105.83528,-6.31576],[105.83822,-6.31544],[105.84093,-6.30892],[105.84082,-6.29717],[105.8385,-6.29488],[105.83109,-6.29485],[105.82654,-6.28908],[105.82563,-6.27828],[105.83072,-6.26993],[105.82782,-6.26681],[105.8284,-6.25793],[105.82977,-6.25708],[105.82686,-6.24779],[105.83063,-6.24796],[105.84093,-6.23998],[105.85326,-6.24274],[105.86276,-6.23763],[105.8711,-6.23682],[105.87767,-6.23958],[105.88153,-6.23575],[105.88002,-6.22747],[105.88189,-6.22458],[105.88424,-6.22342],[105.88848,-6.22429],[105.89226,-6.23132],[105.89925,-6.23773],[105.89773,-6.23914],[105.8985,-6.24356],[105.9026,-6.24281],[105.90431,-6.24608],[105.9053,-6.2443],[105.90776,-6.24548],[105.90891,-6.24451],[105.91636,-6.25001],[105.92113,-6.26644],[105.92011,-6.26993],[105.92203,-6.27406],[105.9303,-6.28104],[105.93485,-6.27802],[105.93399,-6.25896],[105.936,-6.25637],[105.93661,-6.25151],[105.93453,-6.24027],[105.94638,-6.2375],[105.94835,-6.24206],[105.94689,-6.24574],[105.94964,-6.24829],[105.96145,-6.24442],[105.97741,-6.24575],[105.98273,-6.25253],[105.98321,-6.26317],[105.98144,-6.26516],[105.98686,-6.2669],[105.98945,-6.26511],[105.99022,-6.267],[105.99231,-6.2656],[105.99489,-6.27389],[106.00148,-6.27544],[106.0146,-6.27367],[106.03005,-6.27493],[106.03299,-6.27382],[106.03375,-6.27118],[106.03612,-6.2721],[106.03904,-6.26873],[106.04747,-6.26712],[106.05124,-6.2699],[106.06047,-6.26679],[106.06589,-6.26352],[106.07747,-6.25163],[106.08505,-6.22759],[106.0869,-6.22966],[106.09193,-6.22874],[106.09458,-6.23106],[106.09659,-6.23697],[106.1048,-6.23912],[106.10821,-6.24377],[106.10968,-6.25271],[106.11211,-6.2519],[106.11776,-6.25417],[106.12262,-6.24893],[106.12509,-6.25126],[106.128,-6.2505],[106.13245,-6.25754],[106.13497,-6.25766],[106.13927,-6.25411],[106.14505,-6.25427],[106.14579,-6.25128],[106.14768,-6.25076],[106.16504,-6.25197],[106.17416,-6.25064],[106.17474,-6.25327],[106.17848,-6.25377],[106.18024,-6.25737],[106.17871,-6.25983],[106.17977,-6.2714],[106.17521,-6.27209],[106.17582,-6.28066],[106.17312,-6.28389],[106.17231,-6.29076],[106.17013,-6.29074],[106.16944,-6.2957],[106.16133,-6.29467],[106.16078,-6.29647],[106.15644,-6.29814],[106.15911,-6.30193],[106.15676,-6.30797],[106.1581,-6.31329],[106.15624,-6.31464],[106.1566,-6.31788],[106.15109,-6.32516],[106.14823,-6.32415],[106.14073,-6.32659],[106.1359,-6.32541],[106.13007,-6.32692],[106.1296,-6.33326],[106.13167,-6.33616],[106.13212,-6.34629],[106.12933,-6.35243],[106.12951,-6.35774],[106.12553,-6.35835],[106.12379,-6.35647],[106.12601,-6.36323],[106.12551,-6.36911],[106.12899,-6.37175],[106.13154,-6.37746],[106.12661,-6.38227],[106.12584,-6.38452],[106.1275,-6.38671],[106.11521,-6.39331],[106.11302,-6.39925],[106.11674,-6.4076],[106.11167,-6.41097],[106.11807,-6.42046],[106.11305,-6.42262],[106.11134,-6.42501],[106.11214,-6.42671],[106.10985,-6.42728],[106.10737,-6.42515],[106.10843,-6.42244],[106.10638,-6.42405],[106.10581,-6.42176],[106.10383,-6.42379],[106.1035,-6.42222],[106.10186,-6.42296],[106.10113,-6.42602],[106.09892,-6.42448],[106.0905,-6.42386],[106.08196,-6.41371],[106.07935,-6.41398],[106.07835,-6.41142],[106.07156,-6.41178],[106.06977,-6.40904],[106.06522,-6.4081],[106.06348,-6.40505],[106.05847,-6.405],[106.05544,-6.40667],[106.05573,-6.41442],[106.05001,-6.41202],[106.04708,-6.41289],[106.04285,-6.41134],[106.04048,-6.42095],[106.0367,-6.42805],[106.0247,-6.4285],[106.0231,-6.43109],[106.02146,-6.43901],[106.02365,-6.44523],[106.01163,-6.4552],[106.00939,-6.47361],[105.99792,-6.47933],[105.9926,-6.4965],[105.99095,-6.49554],[105.989,-6.49676],[105.98385,-6.50412],[105.98718,-6.50916],[105.98514,-6.51499],[105.98292,-6.51686],[105.97474,-6.51729],[105.98176,-6.5351],[105.98281,-6.54206],[105.97862,-6.54345],[105.97516,-6.54229],[105.97364,-6.54446],[105.97629,-6.54667],[105.97518,-6.55204],[105.96551,-6.55491],[105.96383,-6.56439],[105.96091,-6.56579],[105.96027,-6.56991],[105.95656,-6.57207],[105.9523,-6.58198],[105.94692,-6.58271],[105.94354,-6.59207],[105.93988,-6.59451],[105.93867,-6.59774],[105.93413,-6.6002],[105.93253,-6.61009],[105.92869,-6.61657],[105.93196,-6.61708],[105.93169,-6.62318],[105.93304,-6.625],[105.93978,-6.62572],[105.94278,-6.62952],[105.94257,-6.63619],[105.94511,-6.64506],[105.94334,-6.64727],[105.94622,-6.66021],[105.93751,-6.6636],[105.93659,-6.6762],[105.92693,-6.69136],[105.92804,-6.69883],[105.92395,-6.69992],[105.92301,-6.70626],[105.9196,-6.71108],[105.91945,-6.71764],[105.91388,-6.71972],[105.90928,-6.71803],[105.90994,-6.71985],[105.90658,-6.71761],[105.90603,-6.71944],[105.90345,-6.72],[105.90398,-6.72132],[105.90014,-6.72162],[105.89917,-6.7185],[105.89798,-6.71955],[105.89624,-6.71624],[105.89493,-6.71992],[105.89251,-6.72081],[105.8932,-6.72373],[105.89114,-6.72533],[105.89094,-6.73079],[105.8936,-6.73066],[105.89387,-6.73572],[105.89224,-6.73648],[105.89347,-6.73824],[105.88842,-6.74279],[105.88938,-6.74463],[105.88712,-6.74529],[105.88853,-6.74657],[105.88605,-6.74615],[105.88615,-6.7495],[105.88482,-6.75044],[105.88646,-6.7519],[105.88482,-6.75201],[105.88618,-6.755],[105.88316,-6.75502],[105.88494,-6.75741],[105.88285,-6.76113],[105.88403,-6.7645],[105.88184,-6.76317],[105.87761,-6.76715],[105.876,-6.76603],[105.87662,-6.76884],[105.87403,-6.76811],[105.87405,-6.77049],[105.87214,-6.76978],[105.87296,-6.77174],[105.86866,-6.77515],[105.86701,-6.7809],[105.86297,-6.78126],[105.86404,-6.78346],[105.86745,-6.7839],[105.86678,-6.78996],[105.86901,-6.78997],[105.87144,-6.78748],[105.87149,-6.79409],[105.87466,-6.79188],[105.8778,-6.79476],[105.87431,-6.79752],[105.87794,-6.80374],[105.87605,-6.80602],[105.87339,-6.80581],[105.87465,-6.80889],[105.86903,-6.80723],[105.86946,-6.8106],[105.87191,-6.81356],[105.875,-6.81158],[105.87921,-6.81368],[105.87549,-6.81784],[105.87809,-6.82229],[105.88015,-6.82187],[105.88059,-6.81749],[105.8884,-6.82075],[105.88329,-6.82309],[105.88358,-6.82788],[105.88637,-6.82902],[105.88574,-6.8308],[105.88013,-6.83081],[105.88026,-6.83405],[105.88348,-6.83601],[105.88196,-6.8398],[105.87926,-6.83696],[105.87488,-6.83661],[105.87056,-6.83297],[105.84969,-6.83367],[105.82126,-6.83791],[105.8206,-6.83686],[105.8179,-6.83877],[105.79235,-6.84361],[105.77424,-6.8503],[105.77256,-6.84794],[105.73693,-6.84002],[105.7022,-6.83581],[105.67994,-6.83742],[105.67123,-6.83735],[105.67049,-6.83601],[105.66729,-6.8405],[105.65804,-6.84465],[105.65679,-6.84325]]],[[[105.48184,-6.80549],[105.48176,-6.80554],[105.48179,-6.80545],[105.48184,-6.80549]]],[[[105.48167,-6.80547],[105.48164,-6.80544],[105.48168,-6.80542],[105.48167,-6.80547]]],[[[105.23552,-6.80182],[105.23579,-6.80205],[105.23543,-6.802],[105.23552,-6.80182]]],[[[105.22749,-6.79437],[105.22754,-6.7938],[105.22756,-6.79375],[105.22749,-6.79437]]],[[[105.23294,-6.79237],[105.23268,-6.79205],[105.23282,-6.79187],[105.23294,-6.79237]]],[[[105.23022,-6.7911],[105.22986,-6.79102],[105.23,-6.79079],[105.23022,-6.7911]]],[[[105.22893,-6.78963],[105.22854,-6.7894],[105.22892,-6.78948],[105.22893,-6.78963]]],[[[105.23028,-6.78916],[105.23021,-6.78922],[105.23022,-6.78913],[105.23028,-6.78916]]],[[[105.23043,-6.78898],[105.2304,-6.78878],[105.23051,-6.78881],[105.23043,-6.78898]]],[[[105.23,-6.78708],[105.23071,-6.78723],[105.23014,-6.78752],[105.23,-6.78708]]],[[[105.43487,-6.77208],[105.4357,-6.77005],[105.43676,-6.76985],[105.43648,-6.77209],[105.43487,-6.77208]]],[[[105.42244,-6.7676],[105.42199,-6.76555],[105.42317,-6.76562],[105.42244,-6.7676]]],[[[105.42405,-6.76518],[105.42402,-6.76559],[105.42379,-6.76531],[105.42405,-6.76518]]],[[[105.42451,-6.75935],[105.42489,-6.76106],[105.4211,-6.76387],[105.42053,-6.76179],[105.42241,-6.75889],[105.42451,-6.75935]]],[[[105.41686,-6.75449],[105.41882,-6.75892],[105.41705,-6.75976],[105.41686,-6.75449]]],[[[105.41898,-6.75665],[105.4193,-6.75443],[105.42158,-6.75598],[105.42041,-6.75748],[105.41898,-6.75665]]],[[[105.4321,-6.75723],[105.42847,-6.75334],[105.42884,-6.74944],[105.43538,-6.75546],[105.43445,-6.7573],[105.4321,-6.75723]]],[[[105.20875,-6.75152],[105.20843,-6.75139],[105.20855,-6.75123],[105.20875,-6.75152]]],[[[105.42572,-6.75397],[105.41883,-6.75328],[105.41888,-6.74871],[105.42317,-6.74834],[105.42572,-6.75397]]],[[[105.21034,-6.74578],[105.21029,-6.74597],[105.21021,-6.74577],[105.21034,-6.74578]]],[[[105.2247,-6.74578],[105.22424,-6.74555],[105.22475,-6.74577],[105.2247,-6.74578]]],[[[105.21069,-6.74569],[105.21059,-6.74584],[105.21045,-6.74547],[105.21069,-6.74569]]],[[[105.21324,-6.74449],[105.21216,-6.74423],[105.21216,-6.74389],[105.21324,-6.74449]]],[[[105.21196,-6.74442],[105.21105,-6.74424],[105.21141,-6.74365],[105.21196,-6.74442]]],[[[105.24708,-6.72613],[105.25444,-6.72867],[105.2628,-6.72887],[105.26775,-6.73695],[105.26435,-6.74565],[105.25861,-6.75075],[105.25313,-6.75226],[105.24767,-6.74816],[105.24912,-6.73961],[105.24708,-6.72613]]],[[[105.24656,-6.72626],[105.24654,-6.72643],[105.24642,-6.72624],[105.24656,-6.72626]]],[[[105.24693,-6.72583],[105.24715,-6.72518],[105.24709,-6.7258],[105.24693,-6.72583]]],[[[105.50275,-6.70748],[105.5035,-6.70755],[105.50272,-6.70793],[105.50275,-6.70748]]],[[[105.17794,-6.68842],[105.17806,-6.68837],[105.17795,-6.68846],[105.17794,-6.68842]]],[[[105.17842,-6.68806],[105.1782,-6.68812],[105.17822,-6.68801],[105.17842,-6.68806]]],[[[105.18291,-6.68706],[105.18299,-6.6871],[105.1829,-6.68712],[105.18291,-6.68706]]],[[[105.18207,-6.68624],[105.1824,-6.68479],[105.18256,-6.68629],[105.18207,-6.68624]]],[[[105.1786,-6.68253],[105.17837,-6.68279],[105.17845,-6.68251],[105.1786,-6.68253]]],[[[105.17973,-6.68193],[105.17874,-6.68196],[105.17958,-6.68143],[105.17973,-6.68193]]],[[[105.17954,-6.68128],[105.17998,-6.68093],[105.17976,-6.6814],[105.17954,-6.68128]]],[[[105.18429,-6.6812],[105.18383,-6.68084],[105.18426,-6.68077],[105.18429,-6.6812]]],[[[105.18398,-6.6804],[105.18317,-6.68053],[105.18346,-6.68005],[105.18398,-6.6804]]],[[[105.17868,-6.68027],[105.17902,-6.68001],[105.17896,-6.68037],[105.17868,-6.68027]]],[[[105.18148,-6.67781],[105.1813,-6.67753],[105.18158,-6.67751],[105.18148,-6.67781]]],[[[105.55601,-6.67586],[105.55802,-6.67729],[105.55819,-6.67794],[105.55613,-6.67768],[105.55601,-6.67586]]],[[[105.19698,-6.66774],[105.1971,-6.66792],[105.19691,-6.66816],[105.19698,-6.66774]]],[[[105.19679,-6.66773],[105.19644,-6.66783],[105.19664,-6.66733],[105.19679,-6.66773]]],[[[105.10688,-6.61639],[105.11146,-6.61867],[105.10783,-6.62041],[105.10517,-6.61785],[105.10688,-6.61639]]],[[[105.26168,-6.5215],[105.26596,-6.52298],[105.2675,-6.52526],[105.2667,-6.53441],[105.26547,-6.53656],[105.25837,-6.54041],[105.25507,-6.54693],[105.25282,-6.54778],[105.25641,-6.54947],[105.2524,-6.55205],[105.2539,-6.55581],[105.25305,-6.55826],[105.25004,-6.5599],[105.25336,-6.56205],[105.25021,-6.56395],[105.25204,-6.5644],[105.25165,-6.5665],[105.2545,-6.56619],[105.25161,-6.56873],[105.25385,-6.56993],[105.25073,-6.57065],[105.25445,-6.57286],[105.2507,-6.57392],[105.25204,-6.57403],[105.25297,-6.57971],[105.25518,-6.57888],[105.25575,-6.5818],[105.25818,-6.58293],[105.25751,-6.58611],[105.25958,-6.58893],[105.2609,-6.59742],[105.25909,-6.60464],[105.25469,-6.60807],[105.24962,-6.62311],[105.24307,-6.63584],[105.2326,-6.64012],[105.22938,-6.64312],[105.21925,-6.63776],[105.21829,-6.63936],[105.21621,-6.63815],[105.215,-6.64039],[105.21692,-6.64473],[105.21281,-6.6441],[105.211,-6.64614],[105.2052,-6.64759],[105.20427,-6.65741],[105.19775,-6.66399],[105.19085,-6.6669],[105.19128,-6.66895],[105.18947,-6.6688],[105.18614,-6.67318],[105.1846,-6.67688],[105.18568,-6.67822],[105.1841,-6.67955],[105.18264,-6.67951],[105.17957,-6.67185],[105.17394,-6.66853],[105.1702,-6.66091],[105.17233,-6.65512],[105.18225,-6.65047],[105.19081,-6.64034],[105.1921,-6.63013],[105.19524,-6.6212],[105.19167,-6.61234],[105.18573,-6.613],[105.18276,-6.6111],[105.18257,-6.60633],[105.17483,-6.59921],[105.17736,-6.59088],[105.18177,-6.5846],[105.17749,-6.57891],[105.16465,-6.57324],[105.16018,-6.57538],[105.15695,-6.5789],[105.15424,-6.58696],[105.15171,-6.58852],[105.15076,-6.59148],[105.14087,-6.59636],[105.14008,-6.59895],[105.13755,-6.59874],[105.13199,-6.605],[105.13032,-6.61817],[105.12793,-6.62325],[105.12251,-6.62203],[105.11663,-6.61716],[105.11703,-6.61253],[105.11222,-6.60992],[105.10401,-6.61184],[105.10329,-6.61314],[105.10472,-6.61468],[105.1031,-6.61683],[105.10429,-6.62052],[105.10326,-6.62136],[105.10135,-6.61998],[105.10012,-6.61265],[105.11048,-6.60358],[105.11965,-6.59219],[105.12097,-6.58789],[105.12416,-6.58867],[105.12663,-6.58662],[105.12674,-6.58332],[105.12919,-6.58392],[105.13352,-6.57972],[105.13399,-6.57692],[105.15696,-6.56419],[105.15783,-6.56076],[105.16028,-6.56062],[105.16392,-6.55629],[105.1649,-6.55236],[105.18123,-6.54446],[105.18453,-6.54168],[105.18492,-6.53866],[105.18615,-6.5381],[105.19022,-6.54124],[105.19807,-6.54159],[105.19928,-6.54415],[105.20916,-6.54545],[105.21189,-6.54748],[105.21506,-6.54451],[105.21313,-6.53993],[105.21359,-6.53616],[105.22102,-6.52995],[105.23045,-6.53101],[105.23215,-6.53341],[105.23891,-6.5335],[105.24399,-6.53013],[105.24682,-6.5315],[105.24833,-6.52961],[105.25177,-6.52943],[105.25208,-6.52551],[105.26168,-6.5215]]],[[[105.12615,-6.58452],[105.12657,-6.58421],[105.1266,-6.58443],[105.12615,-6.58452]]],[[[105.18518,-6.5374],[105.18549,-6.5377],[105.18514,-6.53786],[105.18518,-6.5374]]],[[[105.56984,-6.66417],[105.56964,-6.66412],[105.56978,-6.66409],[105.56984,-6.66417]]],[[[105.56992,-6.66412],[105.56996,-6.66424],[105.56985,-6.66412],[105.56987,-6.66409],[105.56992,-6.66412]]],[[[105.56958,-6.66415],[105.56947,-6.66407],[105.56956,-6.66407],[105.56958,-6.66415]]],[[[105.56964,-6.6641],[105.56967,-6.66405],[105.56969,-6.66408],[105.56964,-6.6641]]],[[[105.56997,-6.66405],[105.56992,-6.66404],[105.56994,-6.66401],[105.56997,-6.66405]]],[[[105.5698,-6.66395],[105.56988,-6.6641],[105.56969,-6.66403],[105.5698,-6.66395]]],[[[105.56965,-6.66403],[105.56963,-6.66398],[105.56967,-6.66398],[105.56965,-6.66403]]],[[[105.56956,-6.66395],[105.56953,-6.66394],[105.56956,-6.66392],[105.56956,-6.66395]]],[[[105.56987,-6.66396],[105.56988,-6.66388],[105.56993,-6.66392],[105.56987,-6.66396]]],[[[105.56833,-6.66297],[105.56826,-6.66294],[105.56832,-6.66292],[105.56833,-6.66297]]],[[[105.56819,-6.66283],[105.56809,-6.66282],[105.56812,-6.66278],[105.56819,-6.66283]]],[[[105.56798,-6.66209],[105.56793,-6.66207],[105.56797,-6.66206],[105.56798,-6.66209]]],[[[105.56793,-6.66171],[105.56799,-6.66178],[105.56791,-6.66174],[105.56793,-6.66171]]],[[[105.56788,-6.66164],[105.56782,-6.66163],[105.56786,-6.66161],[105.56788,-6.66164]]],[[[105.57914,-6.65153],[105.58028,-6.6529],[105.5803,-6.6539],[105.57903,-6.65281],[105.57914,-6.65153]]],[[[105.57006,-6.64596],[105.57104,-6.64743],[105.56917,-6.64675],[105.57006,-6.64596]]],[[[105.58141,-6.64216],[105.5833,-6.64265],[105.5831,-6.64433],[105.58064,-6.64356],[105.58141,-6.64216]]],[[[105.71907,-6.48808],[105.72595,-6.49329],[105.72322,-6.49334],[105.71957,-6.49036],[105.71907,-6.48808]]],[[[105.81498,-6.9503],[105.81973,-6.95035],[105.82045,-6.95355],[105.81437,-6.95785],[105.77257,-6.97372],[105.76902,-6.97362],[105.7662,-6.97137],[105.76688,-6.96614],[105.7724,-6.96326],[105.77784,-6.96315],[105.78228,-6.96038],[105.79043,-6.95907],[105.80098,-6.9529],[105.81305,-6.94875],[105.81498,-6.9503]]],[[[105.80835,-6.39324],[105.81118,-6.39602],[105.80868,-6.39916],[105.80455,-6.39566],[105.80835,-6.39324]]]]}},{"type":"Feature","properties":{"n":"Purbalingga","p":"Jawa Tengah"},"geometry":{"type":"Polygon","coordinates":[[[109.34635,-7.47877],[109.34129,-7.48091],[109.34204,-7.48465],[109.3381,-7.48729],[109.33738,-7.4935],[109.33492,-7.48569],[109.32094,-7.48229],[109.32127,-7.47332],[109.32731,-7.47136],[109.32547,-7.46599],[109.32659,-7.46252],[109.3314,-7.46096],[109.32932,-7.4658],[109.33177,-7.46962],[109.3366,-7.46296],[109.33481,-7.46052],[109.33721,-7.46027],[109.33467,-7.45818],[109.34109,-7.45739],[109.34114,-7.44973],[109.33314,-7.44761],[109.33132,-7.44305],[109.33188,-7.43754],[109.3352,-7.43754],[109.3351,-7.43515],[109.33324,-7.43421],[109.33353,-7.43013],[109.32482,-7.42646],[109.32049,-7.41939],[109.3214,-7.41497],[109.31841,-7.40941],[109.31281,-7.4107],[109.30976,-7.40435],[109.31129,-7.40373],[109.31089,-7.40007],[109.30666,-7.3902],[109.30473,-7.3893],[109.3061,-7.38555],[109.30509,-7.38279],[109.30143,-7.38202],[109.30117,-7.37555],[109.29802,-7.37195],[109.29463,-7.36184],[109.29014,-7.35659],[109.28767,-7.34837],[109.2814,-7.34072],[109.27872,-7.33138],[109.26945,-7.31858],[109.26431,-7.30416],[109.25681,-7.29094],[109.25684,-7.28527],[109.25493,-7.28055],[109.24956,-7.27349],[109.24452,-7.27175],[109.23556,-7.25464],[109.22367,-7.24629],[109.22564,-7.24196],[109.22462,-7.2391],[109.23202,-7.23697],[109.23423,-7.23305],[109.24746,-7.22689],[109.25504,-7.22493],[109.26663,-7.22489],[109.27524,-7.22195],[109.27762,-7.21957],[109.29073,-7.2198],[109.2949,-7.21618],[109.30331,-7.21662],[109.30771,-7.21454],[109.31693,-7.21423],[109.32568,-7.20954],[109.32955,-7.21113],[109.33313,-7.20998],[109.34624,-7.21159],[109.35324,-7.20187],[109.37411,-7.1955],[109.38248,-7.19018],[109.39011,-7.19262],[109.39133,-7.19769],[109.41009,-7.20158],[109.41312,-7.1969],[109.41691,-7.19574],[109.42472,-7.18603],[109.42869,-7.18622],[109.42948,-7.18298],[109.43414,-7.18031],[109.4343,-7.17792],[109.43833,-7.1748],[109.43613,-7.1734],[109.43589,-7.169],[109.43992,-7.1651],[109.44387,-7.16334],[109.44849,-7.16584],[109.45188,-7.1651],[109.45493,-7.17181],[109.45773,-7.1858],[109.45718,-7.19634],[109.4617,-7.2027],[109.46701,-7.2036],[109.46955,-7.2058],[109.46948,-7.2098],[109.47798,-7.22367],[109.48926,-7.22535],[109.49089,-7.22767],[109.49821,-7.23003],[109.50693,-7.23919],[109.51401,-7.23429],[109.52614,-7.23574],[109.53236,-7.23139],[109.53824,-7.2393],[109.53875,-7.24176],[109.53712,-7.24372],[109.54981,-7.25542],[109.56935,-7.2647],[109.5747,-7.27234],[109.5757,-7.27825],[109.58065,-7.28738],[109.5841,-7.29108],[109.58466,-7.29328],[109.58218,-7.29522],[109.57905,-7.29472],[109.57508,-7.29667],[109.57467,-7.30013],[109.57241,-7.29918],[109.5673,-7.30075],[109.56649,-7.30481],[109.56886,-7.31321],[109.56692,-7.31637],[109.5623,-7.31807],[109.56365,-7.31958],[109.56556,-7.31814],[109.5644,-7.32271],[109.56591,-7.32515],[109.56512,-7.32833],[109.5629,-7.32836],[109.56257,-7.33228],[109.55031,-7.33116],[109.54629,-7.32733],[109.54123,-7.32549],[109.53412,-7.32848],[109.52755,-7.32342],[109.52542,-7.32421],[109.51854,-7.34279],[109.51913,-7.34563],[109.53076,-7.35593],[109.5357,-7.37736],[109.54064,-7.38171],[109.54018,-7.38711],[109.54284,-7.39198],[109.5483,-7.39589],[109.54887,-7.40177],[109.54674,-7.40253],[109.54635,-7.40534],[109.54293,-7.40332],[109.54211,-7.40713],[109.53687,-7.40598],[109.53677,-7.40819],[109.53282,-7.40688],[109.53191,-7.40885],[109.51736,-7.41264],[109.51391,-7.41099],[109.51094,-7.41272],[109.50972,-7.41133],[109.50832,-7.41223],[109.5069,-7.40992],[109.50168,-7.4113],[109.50514,-7.41687],[109.50845,-7.43869],[109.5079,-7.4481],[109.50626,-7.44777],[109.50532,-7.45016],[109.50259,-7.4481],[109.49933,-7.44962],[109.49655,-7.44676],[109.49356,-7.44936],[109.48897,-7.44232],[109.48563,-7.44547],[109.48296,-7.4417],[109.4809,-7.44137],[109.48211,-7.44395],[109.47902,-7.44583],[109.47615,-7.44517],[109.47366,-7.44172],[109.47194,-7.44327],[109.47328,-7.44821],[109.46988,-7.44893],[109.46438,-7.44615],[109.4618,-7.44739],[109.4594,-7.45264],[109.45495,-7.45226],[109.45256,-7.44686],[109.45038,-7.4465],[109.44725,-7.44941],[109.44871,-7.45355],[109.44723,-7.45567],[109.4409,-7.45411],[109.43991,-7.44854],[109.43592,-7.45093],[109.43764,-7.45331],[109.4363,-7.45566],[109.43088,-7.45921],[109.42657,-7.45486],[109.42535,-7.45613],[109.42731,-7.45872],[109.42256,-7.45957],[109.42413,-7.46817],[109.41799,-7.47245],[109.41993,-7.4754],[109.41821,-7.47908],[109.41168,-7.4777],[109.41275,-7.4707],[109.4082,-7.47136],[109.40256,-7.46719],[109.40053,-7.4679],[109.40352,-7.47307],[109.40243,-7.47584],[109.39407,-7.47433],[109.38617,-7.47757],[109.38067,-7.48279],[109.37363,-7.47774],[109.37189,-7.48461],[109.36428,-7.48735],[109.36161,-7.4853],[109.35834,-7.48554],[109.35656,-7.48105],[109.35508,-7.48139],[109.35417,-7.48542],[109.35117,-7.4811],[109.34689,-7.48419],[109.34635,-7.47877]]]}},{"type":"Feature","properties":{"n":"Purwakarta","p":"Jawa Barat"},"geometry":{"type":"Polygon","coordinates":[[[107.37165,-6.68959],[107.37299,-6.69445],[107.37112,-6.6966],[107.3708,-6.70105],[107.35017,-6.69426],[107.34207,-6.69511],[107.33841,-6.6987],[107.33084,-6.71347],[107.32368,-6.72264],[107.30215,-6.72844],[107.29511,-6.71501],[107.28916,-6.70866],[107.28346,-6.7068],[107.27144,-6.70738],[107.2696,-6.70371],[107.26412,-6.69915],[107.25638,-6.69758],[107.25144,-6.69394],[107.25697,-6.68744],[107.25444,-6.68266],[107.25922,-6.6686],[107.26003,-6.66213],[107.25877,-6.65842],[107.26117,-6.65749],[107.26108,-6.65596],[107.2625,-6.65638],[107.26214,-6.6547],[107.2647,-6.65304],[107.26447,-6.64848],[107.26839,-6.64462],[107.26407,-6.64491],[107.26377,-6.63577],[107.25876,-6.62948],[107.25714,-6.63035],[107.25367,-6.62888],[107.2386,-6.61619],[107.23502,-6.60725],[107.2288,-6.60454],[107.22075,-6.59005],[107.225,-6.58465],[107.23602,-6.57724],[107.25006,-6.57304],[107.2549,-6.56284],[107.2645,-6.55544],[107.26685,-6.55153],[107.26703,-6.54659],[107.27201,-6.54024],[107.27308,-6.53607],[107.2781,-6.53538],[107.28406,-6.53079],[107.2857,-6.52387],[107.28904,-6.52083],[107.28979,-6.51469],[107.28767,-6.50748],[107.28914,-6.50173],[107.30122,-6.4955],[107.30582,-6.49105],[107.32628,-6.48525],[107.32891,-6.48018],[107.34868,-6.47979],[107.3507,-6.48128],[107.35011,-6.48475],[107.36332,-6.49507],[107.36982,-6.49754],[107.37732,-6.50472],[107.39045,-6.5112],[107.39178,-6.50377],[107.38957,-6.49185],[107.38271,-6.48868],[107.3807,-6.48055],[107.37286,-6.47475],[107.37202,-6.47068],[107.37322,-6.4683],[107.38629,-6.46871],[107.43326,-6.45951],[107.43507,-6.45808],[107.43602,-6.45005],[107.44247,-6.44521],[107.44505,-6.43856],[107.45286,-6.44159],[107.45443,-6.44046],[107.46141,-6.43405],[107.45986,-6.43236],[107.46138,-6.42659],[107.47142,-6.42858],[107.47442,-6.43215],[107.47825,-6.43191],[107.48032,-6.43015],[107.48047,-6.42702],[107.49058,-6.41936],[107.49163,-6.41507],[107.49687,-6.41132],[107.49816,-6.41183],[107.50033,-6.40838],[107.50281,-6.4082],[107.50855,-6.41329],[107.52066,-6.41809],[107.5294,-6.41836],[107.52975,-6.42423],[107.5265,-6.4258],[107.52673,-6.43702],[107.5309,-6.43994],[107.53068,-6.44173],[107.53381,-6.44191],[107.53311,-6.44356],[107.53587,-6.44554],[107.53928,-6.44416],[107.54209,-6.44576],[107.54384,-6.45002],[107.54111,-6.45376],[107.544,-6.45546],[107.5433,-6.45751],[107.54729,-6.45878],[107.54647,-6.46245],[107.5484,-6.46338],[107.54579,-6.46616],[107.54535,-6.47015],[107.54693,-6.47112],[107.55058,-6.46901],[107.55206,-6.474],[107.55685,-6.47415],[107.55934,-6.47592],[107.56044,-6.47807],[107.55829,-6.48247],[107.559,-6.4872],[107.56198,-6.48853],[107.56239,-6.48534],[107.56548,-6.48719],[107.56368,-6.49027],[107.55964,-6.49041],[107.56252,-6.49634],[107.56033,-6.5],[107.56152,-6.50946],[107.55879,-6.51024],[107.56066,-6.51469],[107.55482,-6.51734],[107.56015,-6.52022],[107.55858,-6.52329],[107.56213,-6.5244],[107.56368,-6.52787],[107.55801,-6.53175],[107.55902,-6.53622],[107.55582,-6.53975],[107.55613,-6.54126],[107.56029,-6.54259],[107.56241,-6.54683],[107.55845,-6.55027],[107.55855,-6.55297],[107.561,-6.55565],[107.55745,-6.55606],[107.55648,-6.55854],[107.55846,-6.5593],[107.55841,-6.56088],[107.55614,-6.56283],[107.55445,-6.56178],[107.55394,-6.56657],[107.5565,-6.56802],[107.55806,-6.56655],[107.56083,-6.56732],[107.56201,-6.56983],[107.56454,-6.56764],[107.5635,-6.57114],[107.56907,-6.57413],[107.56944,-6.57587],[107.56769,-6.57742],[107.57134,-6.57909],[107.57375,-6.58397],[107.57824,-6.58175],[107.57946,-6.5842],[107.58422,-6.58467],[107.58171,-6.5869],[107.58275,-6.58901],[107.58117,-6.59038],[107.58582,-6.59179],[107.58244,-6.59528],[107.58642,-6.59696],[107.58677,-6.59957],[107.5904,-6.59984],[107.58909,-6.60485],[107.5867,-6.60553],[107.58415,-6.6093],[107.58309,-6.61455],[107.58492,-6.61758],[107.58473,-6.62124],[107.58,-6.63006],[107.58113,-6.63182],[107.57952,-6.6339],[107.58382,-6.64054],[107.58791,-6.64222],[107.587,-6.64305],[107.58899,-6.64701],[107.59893,-6.65329],[107.59941,-6.6627],[107.59745,-6.66454],[107.59325,-6.67644],[107.58768,-6.68031],[107.58843,-6.68198],[107.58413,-6.68954],[107.58962,-6.69426],[107.58888,-6.69924],[107.59219,-6.70587],[107.58823,-6.71528],[107.59145,-6.71864],[107.59136,-6.72436],[107.59377,-6.72854],[107.58386,-6.72676],[107.57773,-6.72966],[107.57097,-6.73615],[107.56803,-6.74766],[107.56216,-6.75302],[107.56235,-6.76068],[107.564,-6.7641],[107.562,-6.77188],[107.5613,-6.77318],[107.55868,-6.77238],[107.55372,-6.77439],[107.5496,-6.77292],[107.54029,-6.76394],[107.53149,-6.76131],[107.52747,-6.756],[107.51851,-6.75732],[107.51257,-6.75442],[107.50159,-6.73657],[107.49452,-6.73497],[107.48729,-6.73538],[107.48536,-6.73335],[107.48616,-6.73217],[107.48388,-6.73142],[107.4847,-6.73028],[107.47744,-6.72596],[107.47476,-6.7194],[107.47122,-6.7198],[107.46979,-6.71698],[107.46664,-6.71635],[107.46415,-6.71083],[107.46186,-6.71066],[107.45212,-6.70031],[107.44827,-6.70156],[107.44144,-6.69952],[107.44179,-6.70121],[107.43964,-6.70279],[107.43802,-6.70015],[107.43562,-6.70052],[107.43549,-6.70212],[107.42514,-6.70002],[107.41729,-6.69124],[107.40945,-6.68851],[107.3979,-6.69557],[107.38676,-6.69381],[107.38013,-6.69034],[107.37415,-6.69112],[107.37165,-6.68959]]]}},{"type":"Feature","properties":{"n":"Jombang","p":"Jawa Timur"},"geometry":{"type":"Polygon","coordinates":[[[112.18478,-7.63669],[112.17663,-7.62516],[112.17155,-7.62226],[112.17123,-7.61867],[112.16499,-7.61272],[112.14242,-7.60975],[112.13973,-7.60971],[112.13918,-7.61163],[112.12734,-7.60675],[112.1215,-7.60674],[112.11661,-7.60372],[112.11703,-7.6024],[112.11048,-7.59315],[112.1134,-7.58936],[112.11511,-7.582],[112.11187,-7.56537],[112.11433,-7.56374],[112.11931,-7.55302],[112.13173,-7.54115],[112.13414,-7.53534],[112.13801,-7.53403],[112.14421,-7.53535],[112.15079,-7.52925],[112.15279,-7.51356],[112.15209,-7.50611],[112.15911,-7.50187],[112.15842,-7.49997],[112.16638,-7.49548],[112.1691,-7.48964],[112.16784,-7.4883],[112.16427,-7.48981],[112.16601,-7.48545],[112.1639,-7.48446],[112.1643,-7.47854],[112.16229,-7.47739],[112.16241,-7.47991],[112.15936,-7.47919],[112.16074,-7.47725],[112.15783,-7.47658],[112.15978,-7.47423],[112.15713,-7.47192],[112.15923,-7.47067],[112.15603,-7.46776],[112.15703,-7.46581],[112.15479,-7.46482],[112.15485,-7.46325],[112.15224,-7.46602],[112.15092,-7.46205],[112.1435,-7.46153],[112.14268,-7.46007],[112.14127,-7.46133],[112.13991,-7.45891],[112.13841,-7.46063],[112.1344,-7.46082],[112.13393,-7.4588],[112.12794,-7.45798],[112.12762,-7.45326],[112.12519,-7.45207],[112.12344,-7.45487],[112.1242,-7.45852],[112.1225,-7.4594],[112.12357,-7.46243],[112.12001,-7.46201],[112.11662,-7.45934],[112.11433,-7.46389],[112.11256,-7.46255],[112.11241,-7.46518],[112.1105,-7.46215],[112.10658,-7.46242],[112.10448,-7.45983],[112.10385,-7.46323],[112.10058,-7.46323],[112.09813,-7.46098],[112.09828,-7.46401],[112.093,-7.46507],[112.09464,-7.46736],[112.09359,-7.46925],[112.09109,-7.46867],[112.09155,-7.47036],[112.08663,-7.47078],[112.08685,-7.4726],[112.08356,-7.47468],[112.07948,-7.47359],[112.07879,-7.46288],[112.07616,-7.46011],[112.08089,-7.45221],[112.0777,-7.44906],[112.07741,-7.44356],[112.07315,-7.44122],[112.074,-7.43642],[112.06827,-7.43566],[112.06921,-7.43099],[112.06777,-7.42653],[112.06529,-7.42558],[112.06334,-7.42155],[112.06264,-7.41743],[112.07159,-7.4062],[112.07079,-7.40383],[112.06874,-7.40322],[112.07234,-7.39969],[112.06922,-7.39716],[112.07128,-7.39135],[112.0754,-7.38792],[112.07595,-7.3838],[112.07998,-7.38401],[112.08203,-7.38254],[112.08613,-7.38442],[112.08658,-7.38235],[112.08962,-7.38159],[112.0916,-7.38371],[112.09714,-7.38482],[112.10155,-7.38464],[112.1025,-7.38317],[112.10661,-7.38377],[112.10698,-7.38143],[112.11063,-7.382],[112.12302,-7.37348],[112.13349,-7.37108],[112.13776,-7.36793],[112.15243,-7.36677],[112.16381,-7.36161],[112.16969,-7.35718],[112.17908,-7.35636],[112.18712,-7.35218],[112.19043,-7.35349],[112.199,-7.35219],[112.20039,-7.35336],[112.20314,-7.35178],[112.203,-7.34998],[112.2073,-7.35075],[112.21156,-7.34856],[112.22183,-7.35113],[112.22726,-7.35043],[112.23965,-7.35523],[112.24168,-7.35803],[112.25171,-7.3634],[112.26419,-7.36197],[112.27546,-7.3569],[112.29483,-7.35951],[112.29625,-7.36112],[112.29303,-7.36239],[112.29202,-7.36424],[112.29336,-7.3647],[112.29788,-7.36263],[112.30011,-7.35821],[112.3025,-7.35713],[112.30565,-7.35784],[112.30632,-7.36448],[112.31189,-7.36528],[112.31405,-7.36504],[112.31278,-7.36471],[112.3146,-7.36026],[112.31206,-7.35833],[112.3085,-7.35879],[112.30642,-7.35671],[112.30778,-7.35184],[112.31681,-7.34962],[112.3289,-7.34398],[112.33314,-7.34381],[112.33536,-7.34575],[112.3458,-7.34506],[112.34216,-7.35495],[112.33598,-7.3624],[112.33463,-7.36847],[112.33567,-7.36974],[112.33219,-7.3708],[112.33305,-7.37763],[112.3319,-7.38],[112.33407,-7.38882],[112.33651,-7.38729],[112.34062,-7.38816],[112.34755,-7.39791],[112.34903,-7.40391],[112.34785,-7.40625],[112.34622,-7.4062],[112.34592,-7.40994],[112.35215,-7.41171],[112.35294,-7.41325],[112.35196,-7.41602],[112.34986,-7.41554],[112.34921,-7.41858],[112.34631,-7.4178],[112.34129,-7.43225],[112.34123,-7.43729],[112.34583,-7.43946],[112.34593,-7.4416],[112.34059,-7.4407],[112.33783,-7.44741],[112.33421,-7.44701],[112.33267,-7.45443],[112.33502,-7.45462],[112.34137,-7.45978],[112.35117,-7.45486],[112.35775,-7.45724],[112.36947,-7.45649],[112.38125,-7.4589],[112.39827,-7.4576],[112.40147,-7.4581],[112.40221,-7.4602],[112.40489,-7.46132],[112.40293,-7.46261],[112.40326,-7.46699],[112.39967,-7.46483],[112.39296,-7.46701],[112.3903,-7.47011],[112.38892,-7.48097],[112.38438,-7.47898],[112.3762,-7.48363],[112.3757,-7.48701],[112.37428,-7.4872],[112.37483,-7.49382],[112.37636,-7.49426],[112.37675,-7.49725],[112.37493,-7.50847],[112.37802,-7.51218],[112.37523,-7.51186],[112.37393,-7.52552],[112.36669,-7.52414],[112.36726,-7.52922],[112.36975,-7.52982],[112.36853,-7.53958],[112.37046,-7.54026],[112.36831,-7.54376],[112.36475,-7.54392],[112.36416,-7.54871],[112.36538,-7.54888],[112.36368,-7.55281],[112.36848,-7.55615],[112.36931,-7.56127],[112.37526,-7.563],[112.37181,-7.56652],[112.3716,-7.5715],[112.37341,-7.57195],[112.3739,-7.5752],[112.3766,-7.57735],[112.37486,-7.58317],[112.37567,-7.5863],[112.38104,-7.594],[112.38483,-7.61022],[112.38726,-7.61431],[112.38616,-7.61688],[112.38705,-7.6216],[112.38512,-7.6235],[112.38259,-7.63251],[112.37992,-7.63441],[112.38342,-7.64364],[112.38796,-7.64444],[112.38967,-7.65075],[112.40276,-7.64195],[112.41,-7.64498],[112.41212,-7.65818],[112.41088,-7.66352],[112.41168,-7.67354],[112.41554,-7.68027],[112.42177,-7.68528],[112.42402,-7.69196],[112.4304,-7.70005],[112.43859,-7.73287],[112.44268,-7.73572],[112.44812,-7.74302],[112.44623,-7.74495],[112.44835,-7.75135],[112.44679,-7.75912],[112.44778,-7.76477],[112.4509,-7.76727],[112.45003,-7.77052],[112.4516,-7.77185],[112.45143,-7.77513],[112.45562,-7.77922],[112.44248,-7.77621],[112.43629,-7.76536],[112.43021,-7.77079],[112.41805,-7.76422],[112.40861,-7.77339],[112.39693,-7.77597],[112.39348,-7.77335],[112.38811,-7.7724],[112.38462,-7.76876],[112.37528,-7.76397],[112.36536,-7.76081],[112.3612,-7.76116],[112.355,-7.75363],[112.34863,-7.74879],[112.34152,-7.74796],[112.33408,-7.74135],[112.32843,-7.74135],[112.32488,-7.73802],[112.31836,-7.73756],[112.31026,-7.73066],[112.3018,-7.72682],[112.30118,-7.72814],[112.29939,-7.72669],[112.29572,-7.7278],[112.29362,-7.72574],[112.27935,-7.7256],[112.26699,-7.72251],[112.26611,-7.72304],[112.26817,-7.72626],[112.26702,-7.72806],[112.25722,-7.72796],[112.25231,-7.72607],[112.23841,-7.7102],[112.23325,-7.70708],[112.23305,-7.70134],[112.22591,-7.69736],[112.22189,-7.69157],[112.21498,-7.68905],[112.21784,-7.67607],[112.21016,-7.66964],[112.20399,-7.66086],[112.19458,-7.65372],[112.19303,-7.64887],[112.18512,-7.64124],[112.18478,-7.63669]],[[112.32891,-7.34591],[112.33063,-7.35079],[112.33212,-7.35024],[112.33258,-7.34812],[112.32891,-7.34591]]]}},{"type":"Feature","properties":{"n":"Cilacap","p":"Jawa Tengah"},"geometry":{"type":"MultiPolygon","coordinates":[[[[108.74884,-7.63303],[108.74647,-7.61954],[108.74058,-7.61895],[108.74096,-7.61327],[108.73409,-7.61618],[108.73183,-7.61287],[108.73696,-7.6111],[108.73734,-7.60393],[108.74156,-7.59998],[108.74054,-7.59263],[108.74386,-7.59119],[108.74745,-7.594],[108.7508,-7.59186],[108.74854,-7.58641],[108.75218,-7.58454],[108.75118,-7.57697],[108.74867,-7.57532],[108.74849,-7.56747],[108.75478,-7.55928],[108.75124,-7.55282],[108.75091,-7.54535],[108.74403,-7.53983],[108.7439,-7.53334],[108.73732,-7.51919],[108.7352,-7.50448],[108.72579,-7.49299],[108.72102,-7.48962],[108.71736,-7.48051],[108.72042,-7.47263],[108.71239,-7.4585],[108.72066,-7.44463],[108.72106,-7.43555],[108.72337,-7.43112],[108.71956,-7.42999],[108.71794,-7.42658],[108.71227,-7.42643],[108.70587,-7.4179],[108.69957,-7.41475],[108.7012,-7.41049],[108.69715,-7.4001],[108.69449,-7.39916],[108.68904,-7.40055],[108.68682,-7.39899],[108.68671,-7.39507],[108.68911,-7.3924],[108.68427,-7.38595],[108.68514,-7.37934],[108.67794,-7.37665],[108.68342,-7.37035],[108.67694,-7.3658],[108.67629,-7.35759],[108.67066,-7.35734],[108.66733,-7.35353],[108.6605,-7.35164],[108.65986,-7.34879],[108.66486,-7.34764],[108.66198,-7.34229],[108.65627,-7.33905],[108.65093,-7.3414],[108.64795,-7.337],[108.64634,-7.33801],[108.64541,-7.34565],[108.63673,-7.34205],[108.62615,-7.34574],[108.61861,-7.34459],[108.61775,-7.3477],[108.61917,-7.34966],[108.61749,-7.35014],[108.61477,-7.34973],[108.61554,-7.34528],[108.61226,-7.34394],[108.59864,-7.3505],[108.59386,-7.34723],[108.59221,-7.3483],[108.59102,-7.34462],[108.58721,-7.34596],[108.58344,-7.34977],[108.58,-7.34028],[108.57564,-7.33976],[108.57588,-7.33503],[108.57394,-7.33354],[108.56639,-7.33226],[108.5642,-7.33688],[108.56279,-7.33323],[108.55845,-7.33472],[108.55975,-7.3238],[108.5636,-7.32058],[108.56299,-7.31465],[108.55894,-7.30752],[108.56337,-7.30668],[108.56434,-7.30388],[108.56046,-7.30033],[108.5601,-7.29298],[108.55598,-7.2878],[108.56687,-7.2789],[108.56998,-7.27116],[108.56909,-7.26785],[108.57108,-7.26662],[108.56874,-7.26182],[108.57413,-7.25356],[108.57636,-7.25328],[108.57825,-7.25587],[108.5818,-7.25371],[108.58018,-7.25101],[108.58348,-7.24332],[108.5857,-7.24252],[108.58015,-7.23761],[108.58441,-7.2307],[108.5842,-7.22549],[108.5825,-7.22349],[108.58532,-7.21845],[108.58196,-7.21738],[108.58058,-7.21399],[108.58221,-7.21063],[108.58111,-7.20623],[108.57919,-7.20836],[108.57738,-7.20515],[108.57288,-7.20292],[108.57359,-7.20642],[108.56403,-7.19749],[108.56269,-7.1942],[108.564,-7.18315],[108.56586,-7.18018],[108.56225,-7.17134],[108.56924,-7.16458],[108.57778,-7.16442],[108.58979,-7.15444],[108.63507,-7.1387],[108.6468,-7.14227],[108.651,-7.14966],[108.65825,-7.15715],[108.66395,-7.15546],[108.67513,-7.15679],[108.67987,-7.15316],[108.69545,-7.15192],[108.69374,-7.15285],[108.6931,-7.15958],[108.69691,-7.16682],[108.70022,-7.16908],[108.70514,-7.16758],[108.71121,-7.17324],[108.71235,-7.17667],[108.71763,-7.17891],[108.72411,-7.19524],[108.73534,-7.19522],[108.74622,-7.19989],[108.75444,-7.19597],[108.76414,-7.19953],[108.77516,-7.1985],[108.77488,-7.20275],[108.77698,-7.20502],[108.78278,-7.20891],[108.78717,-7.20978],[108.80762,-7.20586],[108.81314,-7.20258],[108.81518,-7.20324],[108.82082,-7.22115],[108.81802,-7.23112],[108.82422,-7.23421],[108.82954,-7.23235],[108.83826,-7.23634],[108.84461,-7.23584],[108.84711,-7.23799],[108.84956,-7.23775],[108.85259,-7.23997],[108.85727,-7.23973],[108.86104,-7.24289],[108.86474,-7.24338],[108.86513,-7.24508],[108.86266,-7.24772],[108.86496,-7.25667],[108.86228,-7.26426],[108.86527,-7.27165],[108.87697,-7.27283],[108.88196,-7.27159],[108.88573,-7.27461],[108.89308,-7.27557],[108.89348,-7.2805],[108.89711,-7.28659],[108.91036,-7.28773],[108.91223,-7.29211],[108.9105,-7.29677],[108.91116,-7.30235],[108.91343,-7.30454],[108.91585,-7.3045],[108.92194,-7.31309],[108.93201,-7.32093],[108.93364,-7.32055],[108.94078,-7.31004],[108.94645,-7.30951],[108.95466,-7.32452],[108.95341,-7.33304],[108.95519,-7.33619],[108.95754,-7.33619],[108.9642,-7.33179],[108.9678,-7.33331],[108.97316,-7.33173],[108.97603,-7.33471],[108.97131,-7.33837],[108.97302,-7.33893],[108.97053,-7.33901],[108.96803,-7.34225],[108.97063,-7.34688],[108.96829,-7.34955],[108.9516,-7.36116],[108.94985,-7.36026],[108.94573,-7.3624],[108.95396,-7.36416],[108.9554,-7.36695],[108.95245,-7.37096],[108.94645,-7.37474],[108.94923,-7.37717],[108.94875,-7.38059],[108.95096,-7.38224],[108.93803,-7.38645],[108.93928,-7.38856],[108.93789,-7.39503],[108.93849,-7.40713],[108.93681,-7.41172],[108.93395,-7.41428],[108.93626,-7.41456],[108.93848,-7.41786],[108.9329,-7.42118],[108.93189,-7.4237],[108.92914,-7.42351],[108.92542,-7.42796],[108.92329,-7.42719],[108.91866,-7.43435],[108.92175,-7.43746],[108.91419,-7.44167],[108.91116,-7.44648],[108.90746,-7.44639],[108.90145,-7.45019],[108.89644,-7.4498],[108.89381,-7.45187],[108.89294,-7.44978],[108.88939,-7.45006],[108.89929,-7.47212],[108.90199,-7.47138],[108.90569,-7.46587],[108.91045,-7.46492],[108.91207,-7.46268],[108.91512,-7.46492],[108.91742,-7.46202],[108.91865,-7.46385],[108.92629,-7.46254],[108.9394,-7.46462],[108.95606,-7.47003],[108.9559,-7.47534],[108.96442,-7.48597],[108.96307,-7.48841],[108.95818,-7.4904],[108.95643,-7.49583],[108.96031,-7.49657],[108.96319,-7.49961],[108.96426,-7.50514],[108.97267,-7.51317],[108.97286,-7.51841],[108.98052,-7.51946],[108.98275,-7.52383],[109.00439,-7.52739],[109.00228,-7.53157],[109.00414,-7.53401],[109.00339,-7.54452],[109.02436,-7.54348],[109.02956,-7.55266],[109.03805,-7.55742],[109.0398,-7.55653],[109.04358,-7.55956],[109.0549,-7.55576],[109.05818,-7.55602],[109.05907,-7.56833],[109.06626,-7.573],[109.08202,-7.57281],[109.09544,-7.57854],[109.10906,-7.58161],[109.11485,-7.57725],[109.12922,-7.57593],[109.13588,-7.57697],[109.13993,-7.58002],[109.14372,-7.57795],[109.15315,-7.57862],[109.16675,-7.5713],[109.17132,-7.55125],[109.17605,-7.55413],[109.17875,-7.55283],[109.17823,-7.55002],[109.18057,-7.54922],[109.19119,-7.55514],[109.21471,-7.56446],[109.25209,-7.58999],[109.25697,-7.59163],[109.26756,-7.59193],[109.26502,-7.59546],[109.26125,-7.61108],[109.26158,-7.61988],[109.29106,-7.62461],[109.29659,-7.62772],[109.31242,-7.62868],[109.31697,-7.63114],[109.33385,-7.63515],[109.33515,-7.637],[109.33822,-7.63639],[109.33972,-7.63865],[109.34176,-7.63856],[109.34316,-7.64172],[109.34942,-7.64012],[109.35104,-7.64211],[109.3595,-7.63958],[109.35989,-7.64075],[109.35453,-7.6452],[109.35627,-7.64645],[109.35873,-7.64441],[109.35985,-7.64585],[109.35705,-7.65103],[109.35763,-7.65248],[109.36128,-7.65199],[109.3647,-7.65749],[109.36659,-7.65323],[109.37168,-7.65682],[109.37235,-7.65907],[109.37447,-7.65831],[109.37559,-7.65955],[109.37696,-7.65737],[109.38054,-7.66102],[109.38153,-7.66642],[109.37952,-7.6669],[109.38239,-7.66763],[109.38423,-7.67207],[109.38674,-7.66831],[109.39043,-7.66995],[109.39007,-7.67312],[109.38543,-7.67336],[109.38592,-7.68107],[109.37876,-7.68679],[109.38278,-7.691],[109.38494,-7.6887],[109.38726,-7.6887],[109.39394,-7.69635],[109.38771,-7.7067],[109.38587,-7.71492],[109.38705,-7.72058],[109.39264,-7.72214],[109.39289,-7.7236],[109.39166,-7.72544],[109.39068,-7.72558],[109.39005,-7.72667],[109.38933,-7.72689],[109.39,-7.72484],[109.38156,-7.71972],[109.34402,-7.70991],[109.32116,-7.70563],[109.23916,-7.69559],[109.19708,-7.69372],[109.14564,-7.68893],[109.14067,-7.68961],[109.13985,-7.69338],[109.13892,-7.69506],[109.1316,-7.69921],[109.13869,-7.6949],[109.13996,-7.69014],[109.13548,-7.68914],[109.13335,-7.69467],[109.13465,-7.69005],[109.13171,-7.6881],[109.10715,-7.68262],[109.09318,-7.68684],[109.09211,-7.69195],[109.08738,-7.69427],[109.09203,-7.69163],[109.09179,-7.68828],[109.0871,-7.689],[109.08752,-7.69088],[109.08673,-7.69163],[109.08672,-7.68994],[109.08567,-7.69171],[109.08423,-7.68927],[109.0659,-7.6938],[109.05357,-7.69922],[109.04166,-7.70704],[109.03243,-7.71489],[109.02622,-7.72302],[109.02491,-7.72613],[109.02575,-7.72655],[109.02776,-7.72969],[109.0279,-7.73112],[109.0247,-7.72615],[109.02531,-7.72765],[109.02414,-7.72683],[109.02349,-7.72947],[109.02673,-7.73027],[109.02415,-7.72981],[109.02311,-7.7311],[109.02038,-7.7396],[109.01995,-7.7494],[109.02026,-7.75198],[109.02165,-7.75209],[109.01738,-7.75213],[109.0165,-7.75115],[109.0159,-7.75219],[109.0144,-7.74937],[109.01324,-7.7506],[109.00829,-7.74878],[109.01317,-7.75002],[109.01459,-7.74881],[109.01435,-7.7459],[109.00972,-7.74359],[109.01034,-7.74151],[109.00162,-7.74205],[109.00027,-7.74368],[108.99836,-7.74275],[108.99239,-7.73762],[108.99262,-7.73205],[108.98709,-7.72836],[108.98653,-7.72987],[108.9853,-7.72942],[108.97898,-7.72204],[108.96727,-7.71239],[108.9633,-7.71235],[108.96306,-7.71465],[108.95391,-7.7186],[108.93811,-7.71981],[108.93551,-7.71244],[108.92909,-7.71142],[108.9251,-7.70624],[108.9209,-7.70867],[108.91046,-7.70694],[108.89687,-7.70933],[108.89481,-7.70597],[108.89015,-7.70302],[108.88719,-7.69726],[108.8882,-7.69346],[108.88771,-7.69294],[108.88232,-7.69591],[108.87596,-7.69451],[108.87427,-7.68967],[108.87123,-7.68458],[108.87206,-7.67819],[108.86948,-7.67156],[108.85962,-7.65849],[108.85048,-7.65637],[108.84311,-7.65673],[108.82154,-7.6714],[108.81301,-7.6712],[108.81197,-7.66965],[108.80294,-7.67347],[108.80113,-7.67282],[108.80083,-7.66862],[108.79877,-7.66712],[108.79405,-7.67026],[108.78881,-7.66985],[108.78488,-7.66605],[108.7852,-7.65899],[108.77928,-7.6582],[108.77769,-7.6523],[108.77344,-7.65537],[108.76941,-7.65413],[108.76523,-7.6508],[108.76397,-7.64594],[108.75521,-7.64004],[108.75562,-7.63536],[108.74884,-7.63303]]],[[[108.78514,-7.6984],[108.78492,-7.69857],[108.78488,-7.69838],[108.78514,-7.6984]]],[[[108.79644,-7.69493],[108.80181,-7.68903],[108.80187,-7.68658],[108.79768,-7.68276],[108.79709,-7.6798],[108.80071,-7.67932],[108.81992,-7.68499],[108.83771,-7.68319],[108.84187,-7.68445],[108.84324,-7.68774],[108.84599,-7.69],[108.85242,-7.69154],[108.85917,-7.69558],[108.85976,-7.69812],[108.86067,-7.69941],[108.86915,-7.7035],[108.87107,-7.70682],[108.8744,-7.70879],[108.89804,-7.7103],[108.91032,-7.70796],[108.92148,-7.70988],[108.92445,-7.70705],[108.92698,-7.70972],[108.92566,-7.71353],[108.93217,-7.72005],[108.93415,-7.71846],[108.9324,-7.71405],[108.93368,-7.71273],[108.93784,-7.72106],[108.96321,-7.7184],[108.97658,-7.72807],[108.98472,-7.74174],[108.99325,-7.74321],[108.99248,-7.74472],[108.99467,-7.74716],[108.99942,-7.75003],[109.00998,-7.75282],[109.01775,-7.76055],[109.02518,-7.76481],[109.03306,-7.76613],[109.03524,-7.76539],[109.03692,-7.76156],[109.04353,-7.76002],[109.05013,-7.77484],[109.04793,-7.77713],[109.04492,-7.77757],[109.04457,-7.77925],[109.04681,-7.78157],[109.04432,-7.7839],[109.03863,-7.78436],[109.03472,-7.77887],[109.02433,-7.77804],[109.0238,-7.77474],[109.02153,-7.77308],[109.01977,-7.77454],[109.02072,-7.77756],[109.0174,-7.77856],[108.99569,-7.77513],[108.98428,-7.77049],[108.98322,-7.7716],[108.97695,-7.76814],[108.97564,-7.76668],[108.97664,-7.76421],[108.97523,-7.76329],[108.97202,-7.76638],[108.9661,-7.76246],[108.96491,-7.76423],[108.96191,-7.7643],[108.9582,-7.76073],[108.95644,-7.76266],[108.94957,-7.76012],[108.94821,-7.76206],[108.94003,-7.75834],[108.93376,-7.75882],[108.93104,-7.75612],[108.92156,-7.75361],[108.92024,-7.7547],[108.91801,-7.75264],[108.91017,-7.75095],[108.9055,-7.75378],[108.90427,-7.75147],[108.89304,-7.75069],[108.87965,-7.74422],[108.87452,-7.74303],[108.86902,-7.74422],[108.8642,-7.74065],[108.8555,-7.74029],[108.85837,-7.7427],[108.85508,-7.74367],[108.85061,-7.74059],[108.84708,-7.73962],[108.84573,-7.74067],[108.83923,-7.73684],[108.83589,-7.73903],[108.83235,-7.73766],[108.82932,-7.73899],[108.81394,-7.73446],[108.80966,-7.73584],[108.80505,-7.74178],[108.79946,-7.74249],[108.79761,-7.74132],[108.79868,-7.73967],[108.79589,-7.73468],[108.79004,-7.73847],[108.78868,-7.73656],[108.78519,-7.73579],[108.78902,-7.73356],[108.78839,-7.73199],[108.7901,-7.73075],[108.78982,-7.7277],[108.78799,-7.7262],[108.7889,-7.72463],[108.7924,-7.72288],[108.79408,-7.71881],[108.80062,-7.71733],[108.79969,-7.71079],[108.79469,-7.70513],[108.78998,-7.70535],[108.78694,-7.70874],[108.78295,-7.702],[108.78737,-7.70248],[108.7922,-7.69462],[108.79644,-7.69493]]],[[[108.82073,-7.683],[108.81582,-7.68244],[108.81946,-7.67729],[108.82427,-7.67848],[108.82073,-7.683]]],[[[108.82804,-7.68265],[108.82147,-7.68351],[108.82604,-7.67751],[108.82892,-7.67657],[108.82804,-7.68265]]],[[[108.81445,-7.68253],[108.80988,-7.6793],[108.81749,-7.67529],[108.82005,-7.6763],[108.81445,-7.68253]]],[[[108.80846,-7.67759],[108.81189,-7.67253],[108.82038,-7.673],[108.81123,-7.67615],[108.80846,-7.67759]]],[[[108.91343,-7.75358],[108.91416,-7.75374],[108.91409,-7.75398],[108.91343,-7.75358]]],[[[108.88635,-7.69768],[108.88977,-7.70374],[108.89449,-7.70689],[108.8949,-7.70869],[108.88068,-7.70791],[108.87709,-7.70493],[108.87549,-7.6995],[108.87844,-7.69932],[108.88177,-7.69757],[108.88635,-7.69768]]],[[[108.86636,-7.69693],[108.87419,-7.69773],[108.87615,-7.70402],[108.88006,-7.70807],[108.87335,-7.70798],[108.86928,-7.70313],[108.86078,-7.69908],[108.85992,-7.69578],[108.86636,-7.69693]]],[[[108.87144,-7.69373],[108.88076,-7.69758],[108.87555,-7.69916],[108.87352,-7.69695],[108.87147,-7.69643],[108.87144,-7.69373]]],[[[108.88546,-7.6953],[108.88754,-7.69406],[108.88691,-7.69659],[108.88546,-7.6953]]],[[[108.84841,-7.68057],[108.86455,-7.6872],[108.86652,-7.68654],[108.8678,-7.68688],[108.87134,-7.69315],[108.8712,-7.69659],[108.85994,-7.69548],[108.85224,-7.69084],[108.84683,-7.68983],[108.84171,-7.68355],[108.84841,-7.68057]]],[[[108.87518,-7.69426],[108.86917,-7.6881],[108.86951,-7.67805],[108.87088,-7.68505],[108.87518,-7.69426]]],[[[108.86435,-7.68708],[108.86301,-7.68552],[108.86723,-7.68335],[108.8678,-7.68671],[108.86636,-7.68646],[108.86435,-7.68708]]],[[[108.85682,-7.67578],[108.86447,-7.67482],[108.86738,-7.67806],[108.86729,-7.68272],[108.86347,-7.68524],[108.84874,-7.68034],[108.84535,-7.6806],[108.84118,-7.68331],[108.8372,-7.6819],[108.83999,-7.67718],[108.84501,-7.67692],[108.85111,-7.67484],[108.85682,-7.67578]]],[[[108.82914,-7.68281],[108.83026,-7.67758],[108.8384,-7.67043],[108.85178,-7.66531],[108.86083,-7.66929],[108.86429,-7.67462],[108.8509,-7.67474],[108.84079,-7.67677],[108.83823,-7.67802],[108.83632,-7.68214],[108.82914,-7.68281]]],[[[109.04751,-7.7778],[109.04747,-7.77807],[109.04736,-7.77795],[109.04751,-7.7778]]],[[[109.04589,-7.77776],[109.04575,-7.77781],[109.04578,-7.77771],[109.04589,-7.77776]]],[[[109.04736,-7.77774],[109.04717,-7.77784],[109.04722,-7.77756],[109.04736,-7.77774]]],[[[109.04728,-7.77746],[109.04723,-7.77731],[109.04729,-7.77732],[109.04728,-7.77746]]],[[[108.93108,-7.71216],[108.93117,-7.71414],[108.93242,-7.71832],[108.9268,-7.71268],[108.92817,-7.71108],[108.92897,-7.71182],[108.93108,-7.71216]]]]}},{"type":"Feature","properties":{"n":"Pangandaran","p":"Jawa Barat"},"geometry":{"type":"MultiPolygon","coordinates":[[[[108.43206,-7.82099],[108.37487,-7.81355],[108.36654,-7.81654],[108.36454,-7.81544],[108.36293,-7.81737],[108.35008,-7.81599],[108.3489,-7.8179],[108.34299,-7.8196],[108.34304,-7.81786],[108.33915,-7.81507],[108.34239,-7.81122],[108.34169,-7.80679],[108.34349,-7.80314],[108.33368,-7.79995],[108.32849,-7.79629],[108.32374,-7.79562],[108.32353,-7.79057],[108.3181,-7.78662],[108.31903,-7.78466],[108.32319,-7.78363],[108.32513,-7.77898],[108.32305,-7.76837],[108.3235,-7.76201],[108.32091,-7.75969],[108.32417,-7.75723],[108.32077,-7.74832],[108.31776,-7.74959],[108.31592,-7.74782],[108.31798,-7.73805],[108.31293,-7.72459],[108.3205,-7.72598],[108.32188,-7.72297],[108.31881,-7.72043],[108.31973,-7.7146],[108.32075,-7.71409],[108.32448,-7.72001],[108.33122,-7.71588],[108.33201,-7.71216],[108.32925,-7.70947],[108.32902,-7.71266],[108.32431,-7.71474],[108.3238,-7.70248],[108.31665,-7.69771],[108.31696,-7.69483],[108.31445,-7.69023],[108.31683,-7.6903],[108.31734,-7.69318],[108.3248,-7.69299],[108.32507,-7.69175],[108.32181,-7.69082],[108.32449,-7.68813],[108.32202,-7.68502],[108.32372,-7.68286],[108.32993,-7.69089],[108.33165,-7.68865],[108.33502,-7.68859],[108.33202,-7.68594],[108.33663,-7.68616],[108.34036,-7.6817],[108.34886,-7.68273],[108.34993,-7.68519],[108.35108,-7.68312],[108.35471,-7.68389],[108.35605,-7.68245],[108.35345,-7.67858],[108.35523,-7.67501],[108.35443,-7.67228],[108.3583,-7.67137],[108.35669,-7.66972],[108.35842,-7.6679],[108.3619,-7.66816],[108.36221,-7.66545],[108.36029,-7.66455],[108.3664,-7.65927],[108.36362,-7.65829],[108.36076,-7.65441],[108.36216,-7.65058],[108.3608,-7.64818],[108.36244,-7.64456],[108.35522,-7.64209],[108.35477,-7.63722],[108.3584,-7.63519],[108.35752,-7.6223],[108.36023,-7.62057],[108.36307,-7.62357],[108.36478,-7.62258],[108.35895,-7.61697],[108.3611,-7.61587],[108.35928,-7.61376],[108.36124,-7.61167],[108.36319,-7.61289],[108.3661,-7.61203],[108.36246,-7.60769],[108.36736,-7.60871],[108.36164,-7.60504],[108.35889,-7.60811],[108.35907,-7.60105],[108.36143,-7.60049],[108.35586,-7.59129],[108.35712,-7.57863],[108.35493,-7.57437],[108.35642,-7.57185],[108.35305,-7.56868],[108.35523,-7.56719],[108.35258,-7.56629],[108.35387,-7.56516],[108.35229,-7.56367],[108.35384,-7.5622],[108.34803,-7.55969],[108.34389,-7.5548],[108.34062,-7.55307],[108.33931,-7.55418],[108.33403,-7.55086],[108.33319,-7.54863],[108.33464,-7.54277],[108.33331,-7.53854],[108.33446,-7.52947],[108.33662,-7.52776],[108.3345,-7.52439],[108.33338,-7.51593],[108.3343,-7.50749],[108.33969,-7.49482],[108.35203,-7.49802],[108.36126,-7.48572],[108.37349,-7.47906],[108.39989,-7.4794],[108.40266,-7.48228],[108.40136,-7.48411],[108.40227,-7.48667],[108.40425,-7.48587],[108.40722,-7.4889],[108.40705,-7.49355],[108.41055,-7.49421],[108.41045,-7.49792],[108.41662,-7.49452],[108.41656,-7.48914],[108.42031,-7.48983],[108.41976,-7.49236],[108.42511,-7.49553],[108.42741,-7.49774],[108.42733,-7.50095],[108.43292,-7.50485],[108.44381,-7.5046],[108.4474,-7.50276],[108.45308,-7.50359],[108.45806,-7.51616],[108.46485,-7.51663],[108.47538,-7.52147],[108.48539,-7.52849],[108.49593,-7.53165],[108.49788,-7.53091],[108.49783,-7.52877],[108.50112,-7.52928],[108.50158,-7.52763],[108.50618,-7.52567],[108.50967,-7.52695],[108.52087,-7.52379],[108.52722,-7.52704],[108.53464,-7.53573],[108.52769,-7.53804],[108.52629,-7.54173],[108.52438,-7.54098],[108.5213,-7.54475],[108.5233,-7.54846],[108.5216,-7.55107],[108.52315,-7.55175],[108.52171,-7.55802],[108.52444,-7.56437],[108.52412,-7.56892],[108.52778,-7.57392],[108.53384,-7.57469],[108.54259,-7.57165],[108.55266,-7.57433],[108.55598,-7.57255],[108.56078,-7.56658],[108.57547,-7.56663],[108.58353,-7.56281],[108.59021,-7.56418],[108.59156,-7.56264],[108.59766,-7.56208],[108.60821,-7.55489],[108.61907,-7.55395],[108.62565,-7.54883],[108.62816,-7.54479],[108.6327,-7.54478],[108.6354,-7.54274],[108.6471,-7.53985],[108.64917,-7.53534],[108.65243,-7.53316],[108.65343,-7.52715],[108.65758,-7.52148],[108.65799,-7.5138],[108.65966,-7.51278],[108.65924,-7.50384],[108.6569,-7.50027],[108.65611,-7.49117],[108.65105,-7.48719],[108.65158,-7.48302],[108.6477,-7.48235],[108.64619,-7.47949],[108.64819,-7.4784],[108.64872,-7.46789],[108.6624,-7.4695],[108.66304,-7.46537],[108.66759,-7.46418],[108.66954,-7.46096],[108.68061,-7.4646],[108.68408,-7.46067],[108.68875,-7.4625],[108.69075,-7.46134],[108.69893,-7.4619],[108.69869,-7.47293],[108.70332,-7.47444],[108.70612,-7.47724],[108.70769,-7.4693],[108.71894,-7.47018],[108.72045,-7.47304],[108.71732,-7.47917],[108.71863,-7.48403],[108.72102,-7.48962],[108.72579,-7.49299],[108.7352,-7.50448],[108.73732,-7.51919],[108.7439,-7.53334],[108.74403,-7.53983],[108.75091,-7.54535],[108.75124,-7.55282],[108.75478,-7.55928],[108.74849,-7.56747],[108.74867,-7.57532],[108.75118,-7.57697],[108.75218,-7.58454],[108.74854,-7.58641],[108.7508,-7.59186],[108.74745,-7.594],[108.74386,-7.59119],[108.74054,-7.59263],[108.74156,-7.59998],[108.73734,-7.60393],[108.73696,-7.6111],[108.73185,-7.6134],[108.73409,-7.61618],[108.74109,-7.61337],[108.74071,-7.61912],[108.74539,-7.61918],[108.7474,-7.62087],[108.74884,-7.63303],[108.75562,-7.63536],[108.75521,-7.64004],[108.76397,-7.64594],[108.76523,-7.6508],[108.76941,-7.65413],[108.77344,-7.65537],[108.77769,-7.6523],[108.77928,-7.6582],[108.7852,-7.65899],[108.78476,-7.66563],[108.7878,-7.66933],[108.79318,-7.67044],[108.79845,-7.66717],[108.80039,-7.66774],[108.80022,-7.67533],[108.79435,-7.67657],[108.79186,-7.68169],[108.79496,-7.6876],[108.79465,-7.69057],[108.78754,-7.68995],[108.78609,-7.69501],[108.78015,-7.69511],[108.77902,-7.69734],[108.77653,-7.69949],[108.77788,-7.6975],[108.77738,-7.69259],[108.77501,-7.69015],[108.77401,-7.69101],[108.77263,-7.68956],[108.77075,-7.69102],[108.77154,-7.69352],[108.76822,-7.69095],[108.76524,-7.69106],[108.76506,-7.6956],[108.76218,-7.69644],[108.73612,-7.68366],[108.73244,-7.68373],[108.71351,-7.67681],[108.70129,-7.67606],[108.7017,-7.67438],[108.6794,-7.68099],[108.67458,-7.68377],[108.67494,-7.6853],[108.67369,-7.68662],[108.67472,-7.68452],[108.67222,-7.68363],[108.67404,-7.68187],[108.67068,-7.68429],[108.67314,-7.68528],[108.67329,-7.68549],[108.67291,-7.68625],[108.67115,-7.68484],[108.66314,-7.69257],[108.65851,-7.70178],[108.65929,-7.7045],[108.66549,-7.70716],[108.67596,-7.71625],[108.67811,-7.72195],[108.67528,-7.72233],[108.67402,-7.72596],[108.67155,-7.72612],[108.67151,-7.72993],[108.67021,-7.73077],[108.66924,-7.72728],[108.66683,-7.72845],[108.66514,-7.72486],[108.65103,-7.71888],[108.6491,-7.71481],[108.65051,-7.71237],[108.64821,-7.71032],[108.65089,-7.70926],[108.6536,-7.70491],[108.65528,-7.7062],[108.65537,-7.69954],[108.65163,-7.69453],[108.64057,-7.68765],[108.62347,-7.68483],[108.59051,-7.68298],[108.58878,-7.6845],[108.55385,-7.68806],[108.52405,-7.6959],[108.51447,-7.70004],[108.50652,-7.70644],[108.50206,-7.71305],[108.50126,-7.71925],[108.50273,-7.72022],[108.50344,-7.72791],[108.49885,-7.73386],[108.49681,-7.74092],[108.49842,-7.74834],[108.50438,-7.74958],[108.50766,-7.76371],[108.50525,-7.76724],[108.50329,-7.77559],[108.50434,-7.77856],[108.50153,-7.78108],[108.5032,-7.78531],[108.50254,-7.78386],[108.50075,-7.78413],[108.49795,-7.79241],[108.49672,-7.79222],[108.49564,-7.79454],[108.4941,-7.79365],[108.48415,-7.79778],[108.48189,-7.8024],[108.47567,-7.80594],[108.45086,-7.81197],[108.44605,-7.82006],[108.43548,-7.81972],[108.43206,-7.82099]]],[[[108.49671,-7.79391],[108.49706,-7.79344],[108.4972,-7.79376],[108.49671,-7.79391]]],[[[108.49802,-7.79272],[108.49844,-7.79279],[108.49813,-7.79296],[108.49802,-7.79272]]],[[[108.50016,-7.78891],[108.50044,-7.78829],[108.50068,-7.78867],[108.50016,-7.78891]]],[[[108.501,-7.78794],[108.50074,-7.78771],[108.50106,-7.78782],[108.501,-7.78794]]],[[[108.50303,-7.78287],[108.50326,-7.78241],[108.50346,-7.78316],[108.50303,-7.78287]]],[[[108.50565,-7.77543],[108.50594,-7.77542],[108.50592,-7.77563],[108.50565,-7.77543]]],[[[108.50639,-7.75389],[108.50667,-7.75411],[108.50627,-7.75411],[108.50639,-7.75389]]]]}},{"type":"Feature","properties":{"n":"Pamekasan","p":"Jawa Timur"},"geometry":{"type":"Polygon","coordinates":[[[113.44447,-7.22036],[113.42215,-7.2218],[113.41789,-7.22115],[113.41838,-7.219],[113.41101,-7.21748],[113.39369,-7.21764],[113.39381,-7.20884],[113.39767,-7.20169],[113.39592,-7.1991],[113.38843,-7.19744],[113.38609,-7.18997],[113.38346,-7.18886],[113.38045,-7.19115],[113.38204,-7.20306],[113.37899,-7.21087],[113.37726,-7.20843],[113.37671,-7.19907],[113.3741,-7.19828],[113.37193,-7.19462],[113.37653,-7.18911],[113.38144,-7.17866],[113.38136,-7.17203],[113.37891,-7.16506],[113.3795,-7.15467],[113.38128,-7.1533],[113.38057,-7.15055],[113.37626,-7.14717],[113.37139,-7.15086],[113.36217,-7.15186],[113.36064,-7.14462],[113.36418,-7.14212],[113.36498,-7.13825],[113.36741,-7.13745],[113.36449,-7.13114],[113.36721,-7.129],[113.36646,-7.12531],[113.36794,-7.12124],[113.36662,-7.11727],[113.37003,-7.11233],[113.36964,-7.10993],[113.36487,-7.10915],[113.36277,-7.10686],[113.36351,-7.10087],[113.37765,-7.09408],[113.38156,-7.08923],[113.3846,-7.08886],[113.38687,-7.0844],[113.38117,-7.08076],[113.38023,-7.0774],[113.38423,-7.07815],[113.38973,-7.07623],[113.39528,-7.07067],[113.39555,-7.06243],[113.3921,-7.05684],[113.39724,-7.05681],[113.39523,-7.05167],[113.39716,-7.03919],[113.39243,-7.03454],[113.39698,-7.02827],[113.4001,-7.02985],[113.40265,-7.02811],[113.41037,-7.01889],[113.41315,-7.02025],[113.4141,-7.01775],[113.4169,-7.01663],[113.41754,-7.013],[113.42158,-7.01124],[113.42283,-7.00855],[113.41974,-7.00695],[113.41955,-7.00484],[113.42175,-7.0034],[113.42095,-7.00179],[113.42255,-7.00217],[113.42339,-6.99803],[113.42001,-6.99469],[113.42165,-6.99313],[113.4211,-6.98921],[113.42511,-6.9816],[113.42917,-6.98028],[113.42969,-6.97485],[113.43379,-6.96895],[113.4344,-6.96138],[113.43578,-6.96154],[113.43827,-6.95795],[113.44464,-6.95567],[113.44841,-6.95141],[113.45448,-6.95302],[113.46,-6.95071],[113.459,-6.94489],[113.4611,-6.9355],[113.46601,-6.93513],[113.46791,-6.92924],[113.47013,-6.9317],[113.47228,-6.93113],[113.47362,-6.92776],[113.47784,-6.92432],[113.47592,-6.91721],[113.47603,-6.90818],[113.48283,-6.9015],[113.48339,-6.89672],[113.50665,-6.89733],[113.51348,-6.8952],[113.52448,-6.89577],[113.52621,-6.89445],[113.54179,-6.89323],[113.5722,-6.8929],[113.58914,-6.88858],[113.62522,-6.88998],[113.64235,-6.88739],[113.64184,-6.89723],[113.63655,-6.90691],[113.63561,-6.91717],[113.64313,-6.9159],[113.64903,-6.91761],[113.64972,-6.91965],[113.64701,-6.92444],[113.64008,-6.9277],[113.63879,-6.92976],[113.63729,-6.93612],[113.63847,-6.93898],[113.6316,-6.9387],[113.62537,-6.94846],[113.62396,-6.95448],[113.62534,-6.95682],[113.62329,-6.96086],[113.62625,-6.96289],[113.6265,-6.96484],[113.61265,-6.96729],[113.60842,-6.97375],[113.61236,-6.98103],[113.60916,-6.99294],[113.61051,-6.9955],[113.60839,-6.99646],[113.60979,-6.99795],[113.6092,-7.00042],[113.61126,-7.00396],[113.615,-7.00477],[113.61478,-7.00686],[113.6189,-7.00818],[113.61901,-7.00949],[113.61193,-7.01136],[113.59226,-7.00944],[113.59123,-7.01193],[113.59223,-7.01662],[113.58024,-7.01848],[113.57779,-7.02252],[113.57933,-7.02432],[113.57869,-7.02792],[113.57624,-7.03137],[113.57864,-7.0381],[113.57823,-7.04115],[113.58205,-7.04354],[113.59233,-7.03869],[113.59813,-7.03895],[113.6,-7.04213],[113.60335,-7.0413],[113.60559,-7.04343],[113.6047,-7.04527],[113.60191,-7.0459],[113.59114,-7.06114],[113.59987,-7.06288],[113.60066,-7.06584],[113.60664,-7.06925],[113.61371,-7.07968],[113.62119,-7.08483],[113.62271,-7.10402],[113.61708,-7.10352],[113.61146,-7.10556],[113.6106,-7.11282],[113.6055,-7.12131],[113.60169,-7.12468],[113.60202,-7.12845],[113.58915,-7.13857],[113.57826,-7.15767],[113.57374,-7.16142],[113.57391,-7.17148],[113.5716,-7.17353],[113.57118,-7.17892],[113.56619,-7.18275],[113.56518,-7.19654],[113.55907,-7.19943],[113.55648,-7.2026],[113.56015,-7.2054],[113.56077,-7.20993],[113.55992,-7.21374],[113.55735,-7.21529],[113.55617,-7.22156],[113.54975,-7.23013],[113.55205,-7.23378],[113.54822,-7.23254],[113.5389,-7.23589],[113.53783,-7.23474],[113.5248,-7.24548],[113.52085,-7.24594],[113.519,-7.24957],[113.50917,-7.25402],[113.50359,-7.25232],[113.50282,-7.24888],[113.49849,-7.24366],[113.50327,-7.24761],[113.49975,-7.24264],[113.50558,-7.24024],[113.5117,-7.24195],[113.51331,-7.24416],[113.51367,-7.24276],[113.51611,-7.24537],[113.51488,-7.24278],[113.51686,-7.24583],[113.51591,-7.24251],[113.51348,-7.24175],[113.51549,-7.24191],[113.51628,-7.24126],[113.51206,-7.24057],[113.51093,-7.23931],[113.51351,-7.23936],[113.51418,-7.23839],[113.50819,-7.2374],[113.50367,-7.23018],[113.4995,-7.22772],[113.49521,-7.22745],[113.49227,-7.22543],[113.47697,-7.22451],[113.47427,-7.22181],[113.4608,-7.22318],[113.45543,-7.22207],[113.455,-7.22335],[113.45206,-7.22114],[113.45096,-7.22216],[113.44447,-7.22036]]]}},{"type":"Feature","properties":{"n":"Garut","p":"Jawa Barat"},"geometry":{"type":"MultiPolygon","coordinates":[[[[107.71453,-7.6664],[107.69651,-7.66906],[107.69032,-7.66817],[107.68936,-7.66462],[107.68258,-7.66168],[107.68558,-7.66216],[107.68755,-7.66007],[107.6888,-7.65333],[107.68352,-7.64486],[107.68308,-7.63847],[107.67522,-7.62836],[107.65392,-7.61081],[107.64195,-7.60454],[107.63598,-7.59959],[107.63247,-7.60106],[107.62567,-7.59839],[107.62322,-7.59528],[107.62338,-7.58908],[107.61798,-7.58365],[107.61078,-7.5816],[107.60596,-7.5742],[107.60068,-7.57109],[107.57925,-7.56607],[107.54812,-7.55318],[107.54394,-7.55213],[107.54248,-7.55404],[107.53994,-7.55141],[107.53704,-7.55324],[107.5367,-7.55159],[107.53225,-7.55071],[107.52943,-7.54564],[107.52559,-7.54588],[107.52151,-7.54172],[107.51949,-7.54314],[107.51659,-7.54076],[107.50736,-7.53967],[107.49995,-7.53518],[107.49737,-7.53674],[107.49584,-7.5343],[107.49338,-7.53427],[107.48321,-7.53892],[107.48063,-7.53785],[107.47945,-7.53401],[107.48114,-7.53074],[107.47699,-7.52676],[107.47741,-7.52179],[107.47385,-7.51852],[107.45818,-7.51395],[107.454,-7.51096],[107.44254,-7.5069],[107.42332,-7.5052],[107.42622,-7.50248],[107.42629,-7.49494],[107.4215,-7.48828],[107.42194,-7.48059],[107.42381,-7.47669],[107.42188,-7.47326],[107.42305,-7.46923],[107.42031,-7.46207],[107.42806,-7.44957],[107.42644,-7.44406],[107.42927,-7.44369],[107.42969,-7.44135],[107.4262,-7.43973],[107.43069,-7.43441],[107.42986,-7.4318],[107.43188,-7.42358],[107.43384,-7.42041],[107.43918,-7.41732],[107.45112,-7.41354],[107.45479,-7.40857],[107.47382,-7.40151],[107.47368,-7.38214],[107.47687,-7.37679],[107.47688,-7.37079],[107.48006,-7.36721],[107.47989,-7.36427],[107.48168,-7.36416],[107.48463,-7.35652],[107.48319,-7.34853],[107.47879,-7.34684],[107.47547,-7.34344],[107.47275,-7.33298],[107.46588,-7.32697],[107.45731,-7.30243],[107.45878,-7.29848],[107.45499,-7.29231],[107.45544,-7.29025],[107.45852,-7.28586],[107.46371,-7.28228],[107.4625,-7.27996],[107.46451,-7.27955],[107.46424,-7.2763],[107.46875,-7.2743],[107.47218,-7.26547],[107.47448,-7.26491],[107.47421,-7.262],[107.47621,-7.26042],[107.47772,-7.25535],[107.47676,-7.25394],[107.48064,-7.25157],[107.49262,-7.2587],[107.50074,-7.25012],[107.50361,-7.24967],[107.50773,-7.25154],[107.50747,-7.25419],[107.51006,-7.25157],[107.51284,-7.25145],[107.51871,-7.25413],[107.52041,-7.25695],[107.52497,-7.25587],[107.52831,-7.24981],[107.53262,-7.24963],[107.53377,-7.24798],[107.54082,-7.25032],[107.54311,-7.25535],[107.54606,-7.25747],[107.54996,-7.25553],[107.55275,-7.25159],[107.55749,-7.25149],[107.56186,-7.25445],[107.56188,-7.25699],[107.56647,-7.26048],[107.56982,-7.26013],[107.57363,-7.26271],[107.57443,-7.26669],[107.57742,-7.26735],[107.57802,-7.27153],[107.58216,-7.2767],[107.59075,-7.28166],[107.59259,-7.28058],[107.5966,-7.28328],[107.59923,-7.28295],[107.60367,-7.2932],[107.60382,-7.29638],[107.60165,-7.30003],[107.60482,-7.30783],[107.60763,-7.30927],[107.61209,-7.30976],[107.6206,-7.30694],[107.6277,-7.29902],[107.63115,-7.30174],[107.64074,-7.30109],[107.64631,-7.29542],[107.6523,-7.29413],[107.65767,-7.28977],[107.66549,-7.29454],[107.66606,-7.29734],[107.66402,-7.29819],[107.6676,-7.30115],[107.67709,-7.29047],[107.68017,-7.29156],[107.68361,-7.29064],[107.68772,-7.28643],[107.6965,-7.28231],[107.70866,-7.29599],[107.71698,-7.29959],[107.7241,-7.29726],[107.72654,-7.29791],[107.73098,-7.29449],[107.72228,-7.28949],[107.73682,-7.27566],[107.73903,-7.27182],[107.73723,-7.26748],[107.73772,-7.26416],[107.73419,-7.26031],[107.72773,-7.25881],[107.7271,-7.25724],[107.72101,-7.25495],[107.71967,-7.25082],[107.71096,-7.24906],[107.70621,-7.23791],[107.70832,-7.23088],[107.70711,-7.22745],[107.72532,-7.21187],[107.72243,-7.20467],[107.72062,-7.20365],[107.72115,-7.19837],[107.72919,-7.18604],[107.7342,-7.18202],[107.73669,-7.17342],[107.74087,-7.16913],[107.75056,-7.16867],[107.75965,-7.15793],[107.76475,-7.15568],[107.76923,-7.15714],[107.7712,-7.15975],[107.77378,-7.15604],[107.77782,-7.15408],[107.78443,-7.1611],[107.78832,-7.16152],[107.79657,-7.15321],[107.79824,-7.14883],[107.80724,-7.14288],[107.8115,-7.13655],[107.81172,-7.12672],[107.80777,-7.11574],[107.81088,-7.10987],[107.8099,-7.10198],[107.81112,-7.09801],[107.81765,-7.09772],[107.81968,-7.09565],[107.82678,-7.09434],[107.8272,-7.09188],[107.83034,-7.09221],[107.83384,-7.08993],[107.83693,-7.08515],[107.83479,-7.06937],[107.83804,-7.06659],[107.84049,-7.06704],[107.84686,-7.06408],[107.84929,-7.05901],[107.85616,-7.06073],[107.86282,-7.05888],[107.86515,-7.05638],[107.87127,-7.0564],[107.87717,-7.05253],[107.89196,-7.05055],[107.89728,-7.05594],[107.89897,-7.05274],[107.90149,-7.05474],[107.90785,-7.05333],[107.92374,-7.05336],[107.92762,-7.05214],[107.92579,-7.05025],[107.93049,-7.04535],[107.93631,-7.04294],[107.93843,-7.04378],[107.93446,-7.04005],[107.93463,-7.03515],[107.92396,-7.03314],[107.91476,-7.0368],[107.91007,-7.03592],[107.91009,-7.02321],[107.90717,-7.01823],[107.90575,-7.01095],[107.9089,-7.00879],[107.90642,-6.99022],[107.90482,-6.9872],[107.90119,-6.987],[107.89696,-6.98247],[107.88941,-6.9825],[107.89476,-6.97646],[107.89799,-6.97627],[107.8996,-6.97184],[107.90419,-6.97113],[107.90639,-6.96822],[107.91625,-6.96825],[107.91837,-6.9548],[107.91466,-6.95278],[107.91576,-6.94577],[107.92216,-6.94971],[107.92602,-6.94863],[107.92697,-6.95218],[107.93142,-6.95592],[107.93479,-6.95503],[107.93902,-6.9563],[107.94308,-6.95322],[107.94781,-6.9585],[107.95726,-6.96051],[107.96655,-6.95874],[107.96837,-6.96289],[107.97791,-6.97235],[107.99069,-6.98197],[107.99701,-6.9813],[108.00019,-6.98359],[108.00324,-6.98295],[108.00436,-6.98103],[108.00765,-6.9824],[108.01588,-6.98012],[108.02052,-6.98309],[108.02308,-6.98177],[108.02338,-6.98364],[108.02639,-6.98545],[108.0253,-6.98745],[108.02718,-6.98875],[108.02849,-6.9874],[108.03052,-6.98932],[108.03026,-6.99133],[108.03682,-6.99162],[108.03736,-6.99471],[108.04212,-6.99635],[108.04519,-6.99568],[108.04713,-6.99267],[108.05413,-6.99597],[108.05811,-6.99427],[108.06383,-6.9948],[108.0698,-6.987],[108.08212,-6.98713],[108.08295,-6.99718],[108.08416,-6.99931],[108.09048,-6.99895],[108.09327,-7.00167],[108.09495,-7.00534],[108.09413,-7.00714],[108.09949,-7.0146],[108.10006,-7.01953],[108.10931,-7.02606],[108.11548,-7.03332],[108.12272,-7.0371],[108.12623,-7.0372],[108.12552,-7.03848],[108.12796,-7.04321],[108.12627,-7.04514],[108.13187,-7.04637],[108.13271,-7.04913],[108.136,-7.05084],[108.13408,-7.05451],[108.13635,-7.06037],[108.13513,-7.06271],[108.13281,-7.06359],[108.12769,-7.07122],[108.12511,-7.06903],[108.12357,-7.06963],[108.11799,-7.07806],[108.12342,-7.08593],[108.12358,-7.09211],[108.12109,-7.09368],[108.12118,-7.09531],[108.126,-7.10215],[108.12251,-7.11477],[108.12039,-7.11077],[108.11599,-7.10784],[108.11336,-7.10263],[108.11063,-7.10208],[108.10866,-7.10382],[108.10692,-7.10243],[108.10182,-7.1045],[108.09938,-7.10288],[108.09639,-7.1064],[108.09036,-7.10642],[108.08581,-7.10915],[108.07579,-7.12185],[108.06935,-7.12739],[108.06797,-7.13035],[108.07038,-7.13428],[108.07576,-7.13717],[108.08067,-7.14299],[108.08283,-7.15613],[108.0877,-7.16267],[108.07863,-7.17089],[108.07715,-7.17522],[108.07918,-7.179],[108.07599,-7.1813],[108.07215,-7.19229],[108.0751,-7.19828],[108.06839,-7.20169],[108.06607,-7.20746],[108.06837,-7.20873],[108.06877,-7.21118],[108.06344,-7.22018],[108.05769,-7.22204],[108.05498,-7.22523],[108.03961,-7.22721],[108.03658,-7.22625],[108.01858,-7.23104],[108.01481,-7.23587],[107.98954,-7.2452],[107.98588,-7.25026],[107.98585,-7.25789],[107.97356,-7.27032],[107.94582,-7.28208],[107.93917,-7.28334],[107.93137,-7.28258],[107.92968,-7.28466],[107.92434,-7.28562],[107.92247,-7.28901],[107.92274,-7.29353],[107.92604,-7.29716],[107.92686,-7.3017],[107.93013,-7.30126],[107.93178,-7.30413],[107.92854,-7.3127],[107.93249,-7.31692],[107.93658,-7.31548],[107.94027,-7.31621],[107.94192,-7.32182],[107.94079,-7.32294],[107.94705,-7.33086],[107.94129,-7.32984],[107.93808,-7.33087],[107.93473,-7.33421],[107.93469,-7.3371],[107.92939,-7.33839],[107.93118,-7.3401],[107.92994,-7.34208],[107.93152,-7.34444],[107.92911,-7.34979],[107.92424,-7.35218],[107.92076,-7.35112],[107.91368,-7.35625],[107.90666,-7.35835],[107.90451,-7.36094],[107.90704,-7.36687],[107.91435,-7.36919],[107.91553,-7.37199],[107.92783,-7.38385],[107.94094,-7.39339],[107.94071,-7.39581],[107.9436,-7.39818],[107.9394,-7.40422],[107.94039,-7.40756],[107.9517,-7.42371],[107.95166,-7.42688],[107.94609,-7.43121],[107.94532,-7.43833],[107.94693,-7.44748],[107.94559,-7.45095],[107.94922,-7.4529],[107.95337,-7.46035],[107.94816,-7.46587],[107.94686,-7.47387],[107.95135,-7.48073],[107.95028,-7.4874],[107.94489,-7.49511],[107.94327,-7.50394],[107.94247,-7.52699],[107.94566,-7.53346],[107.94687,-7.54044],[107.94617,-7.54501],[107.93593,-7.55606],[107.93486,-7.56079],[107.93471,-7.56469],[107.94248,-7.57355],[107.93963,-7.58196],[107.93355,-7.58588],[107.92612,-7.58794],[107.91695,-7.59752],[107.91688,-7.60366],[107.91896,-7.60498],[107.91815,-7.6082],[107.92014,-7.61014],[107.9187,-7.61339],[107.92165,-7.61293],[107.92187,-7.61562],[107.92517,-7.61802],[107.92424,-7.61984],[107.92562,-7.62223],[107.92481,-7.63102],[107.92587,-7.6336],[107.92104,-7.63693],[107.92266,-7.63986],[107.92519,-7.64019],[107.92584,-7.64275],[107.92503,-7.64745],[107.92279,-7.64966],[107.92325,-7.65211],[107.92482,-7.65455],[107.92942,-7.65524],[107.93026,-7.65743],[107.9261,-7.66213],[107.92849,-7.66581],[107.92673,-7.66624],[107.92499,-7.66382],[107.92331,-7.66538],[107.92776,-7.67146],[107.9238,-7.67682],[107.92549,-7.67644],[107.92861,-7.68211],[107.93114,-7.68258],[107.93048,-7.68848],[107.92773,-7.6933],[107.92401,-7.69552],[107.92687,-7.70082],[107.92291,-7.70126],[107.92146,-7.70328],[107.92141,-7.70694],[107.91738,-7.71103],[107.91806,-7.71551],[107.91329,-7.72012],[107.91266,-7.72704],[107.90609,-7.73747],[107.9051,-7.73552],[107.90333,-7.73563],[107.90304,-7.73831],[107.89988,-7.73967],[107.89407,-7.73513],[107.889,-7.7394],[107.87813,-7.73817],[107.87469,-7.74024],[107.85906,-7.73854],[107.85035,-7.73443],[107.84722,-7.73714],[107.84311,-7.73513],[107.83625,-7.72769],[107.83435,-7.72141],[107.83672,-7.7191],[107.83764,-7.71352],[107.83389,-7.70587],[107.82643,-7.69819],[107.81976,-7.69392],[107.78328,-7.67899],[107.71453,-7.6664]]],[[[107.85265,-7.73712],[107.8501,-7.73534],[107.85327,-7.73686],[107.85265,-7.73712]]],[[[107.89936,-7.74036],[107.89897,-7.74062],[107.89906,-7.74028],[107.89936,-7.74036]]],[[[107.91902,-7.74027],[107.91898,-7.74002],[107.91923,-7.74001],[107.91902,-7.74027]]],[[[107.90671,-7.73888],[107.90679,-7.73861],[107.90689,-7.73867],[107.90671,-7.73888]]]]}},{"type":"Feature","properties":{"n":"Kota Bekasi","p":"Jawa Barat"},"geometry":{"type":"Polygon","coordinates":[[[106.93514,-6.38185],[106.92936,-6.38625],[106.92657,-6.38548],[106.92595,-6.38834],[106.92476,-6.38612],[106.92328,-6.3899],[106.92182,-6.38887],[106.92087,-6.39293],[106.92286,-6.3943],[106.9212,-6.39701],[106.91461,-6.39514],[106.90888,-6.39758],[106.90633,-6.39655],[106.90007,-6.39852],[106.89783,-6.3967],[106.89855,-6.39447],[106.9027,-6.3939],[106.90438,-6.39161],[106.9039,-6.38026],[106.9082,-6.3767],[106.90789,-6.37109],[106.91034,-6.37013],[106.91068,-6.36788],[106.91247,-6.36838],[106.91618,-6.36294],[106.9136,-6.35884],[106.91714,-6.35647],[106.91542,-6.35497],[106.91782,-6.35044],[106.9159,-6.34633],[106.91721,-6.34629],[106.91728,-6.34381],[106.91948,-6.34354],[106.91819,-6.33957],[106.91958,-6.33866],[106.92095,-6.3309],[106.92004,-6.32768],[106.91832,-6.32725],[106.92152,-6.32414],[106.92072,-6.31836],[106.92282,-6.31425],[106.92062,-6.31204],[106.92177,-6.30496],[106.92072,-6.30023],[106.9193,-6.30072],[106.91914,-6.29896],[106.91802,-6.29973],[106.91525,-6.29709],[106.913,-6.29889],[106.91113,-6.29598],[106.91245,-6.29458],[106.91028,-6.29414],[106.91181,-6.29025],[106.90943,-6.29073],[106.91053,-6.28697],[106.90793,-6.28244],[106.91006,-6.2727],[106.90424,-6.27034],[106.90563,-6.26883],[106.90435,-6.26205],[106.91041,-6.25804],[106.91009,-6.2554],[106.91696,-6.25628],[106.9187,-6.25381],[106.91782,-6.25178],[106.91924,-6.25118],[106.92052,-6.25122],[106.92176,-6.2551],[106.944,-6.2524],[106.94491,-6.2438],[106.94371,-6.24383],[106.94266,-6.23759],[106.94553,-6.23687],[106.94975,-6.22062],[106.95379,-6.21921],[106.95406,-6.21748],[106.95761,-6.21777],[106.95902,-6.21234],[106.96282,-6.21217],[106.96624,-6.20693],[106.96606,-6.20112],[106.96756,-6.19865],[106.97052,-6.1979],[106.97064,-6.19212],[106.973,-6.18944],[106.973,-6.17497],[106.97909,-6.17556],[106.97903,-6.17257],[106.98027,-6.17247],[107.01064,-6.17244],[107.00969,-6.17701],[107.00666,-6.17741],[107.0061,-6.17997],[107.00748,-6.18482],[107.00641,-6.19323],[107.01193,-6.19289],[107.01165,-6.19502],[107.0155,-6.1953],[107.01825,-6.20005],[107.01995,-6.19644],[107.03378,-6.19878],[107.03274,-6.20543],[107.03397,-6.20621],[107.03211,-6.20848],[107.03397,-6.21218],[107.03083,-6.21563],[107.03314,-6.21999],[107.03026,-6.22662],[107.03398,-6.22677],[107.03449,-6.22891],[107.03841,-6.23045],[107.03871,-6.23248],[107.04239,-6.23375],[107.0415,-6.24612],[107.03535,-6.24669],[107.03078,-6.24989],[107.02963,-6.25306],[107.02453,-6.25488],[107.02003,-6.26351],[107.01794,-6.26279],[107.01681,-6.26452],[107.01771,-6.273],[107.01409,-6.28259],[107.01547,-6.29125],[107.0222,-6.28068],[107.02754,-6.27786],[107.0302,-6.28153],[107.03661,-6.28269],[107.03757,-6.28633],[107.0402,-6.28748],[107.04112,-6.29556],[107.03847,-6.30633],[107.04117,-6.30744],[107.03758,-6.31348],[107.03725,-6.32135],[107.03036,-6.32545],[107.02897,-6.33014],[107.0208,-6.32778],[107.01941,-6.3304],[107.01651,-6.33039],[107.01249,-6.33955],[107.01545,-6.34111],[107.01298,-6.34255],[107.0164,-6.34461],[107.01511,-6.34595],[107.01565,-6.34955],[107.01749,-6.35109],[107.01633,-6.35789],[107.01073,-6.35769],[107.00674,-6.36029],[107.00439,-6.35665],[107.00502,-6.3554],[107.00195,-6.35378],[106.99971,-6.35555],[107.00087,-6.35914],[106.99962,-6.36049],[106.99637,-6.35914],[106.98805,-6.3646],[106.98643,-6.36345],[106.97977,-6.36413],[106.97917,-6.36195],[106.98181,-6.35775],[106.97687,-6.35517],[106.97703,-6.35318],[106.96991,-6.34944],[106.97263,-6.34666],[106.97003,-6.34641],[106.96616,-6.3422],[106.96907,-6.34151],[106.97148,-6.34295],[106.97576,-6.341],[106.97575,-6.33944],[106.97284,-6.34008],[106.97547,-6.33521],[106.97249,-6.33193],[106.97437,-6.33009],[106.97518,-6.33184],[106.97702,-6.33149],[106.97634,-6.31918],[106.98095,-6.31505],[106.97328,-6.3116],[106.97086,-6.3023],[106.96837,-6.30304],[106.96957,-6.30298],[106.96995,-6.30565],[106.96665,-6.30309],[106.96701,-6.30511],[106.96444,-6.30512],[106.96654,-6.30687],[106.96533,-6.30693],[106.96514,-6.31009],[106.96369,-6.31024],[106.96417,-6.30849],[106.96103,-6.30905],[106.96348,-6.31206],[106.9615,-6.31221],[106.96117,-6.31547],[106.96375,-6.31708],[106.96025,-6.32138],[106.96198,-6.32264],[106.96167,-6.32501],[106.96481,-6.32484],[106.9638,-6.32679],[106.96079,-6.3264],[106.96356,-6.32885],[106.96237,-6.33109],[106.96021,-6.3315],[106.96038,-6.33369],[106.9624,-6.33308],[106.96184,-6.33586],[106.95946,-6.3354],[106.95689,-6.33756],[106.9571,-6.33961],[106.95299,-6.34002],[106.95466,-6.34451],[106.95025,-6.34418],[106.95214,-6.34868],[106.95402,-6.34908],[106.95375,-6.35086],[106.95206,-6.34911],[106.95033,-6.35056],[106.95249,-6.35359],[106.94958,-6.35402],[106.94738,-6.35748],[106.94873,-6.35865],[106.94631,-6.35948],[106.94699,-6.35821],[106.94395,-6.35805],[106.94368,-6.35955],[106.94717,-6.36023],[106.94395,-6.36641],[106.94512,-6.36627],[106.94554,-6.36843],[106.94348,-6.3692],[106.94232,-6.36728],[106.94214,-6.36917],[106.93862,-6.37069],[106.9387,-6.37224],[106.94068,-6.37149],[106.93799,-6.37402],[106.93802,-6.3786],[106.93535,-6.37881],[106.93774,-6.38064],[106.93648,-6.38262],[106.93514,-6.38185]]]}},{"type":"Feature","properties":{"n":"Kendal","p":"Jawa Tengah"},"geometry":{"type":"Polygon","coordinates":[[[109.99906,-7.16323],[109.99342,-7.17152],[109.98518,-7.17371],[109.98188,-7.17991],[109.97298,-7.18438],[109.96785,-7.18944],[109.95633,-7.19479],[109.94856,-7.19531],[109.94039,-7.19835],[109.9355,-7.20176],[109.92268,-7.18679],[109.93009,-7.18012],[109.93213,-7.17167],[109.93983,-7.15755],[109.93988,-7.14173],[109.94729,-7.13293],[109.9471,-7.1271],[109.95085,-7.1216],[109.9538,-7.11993],[109.9554,-7.11441],[109.95927,-7.11057],[109.95967,-7.10606],[109.96191,-7.10382],[109.9615,-7.1006],[109.96337,-7.09958],[109.96333,-7.09456],[109.96534,-7.095],[109.96667,-7.09032],[109.97362,-7.08727],[109.97428,-7.08271],[109.97741,-7.08176],[109.97988,-7.0681],[109.97755,-7.06508],[109.98034,-7.06086],[109.97822,-7.05471],[109.97866,-7.0499],[109.97621,-7.04822],[109.97749,-7.04666],[109.97232,-7.04464],[109.97515,-7.04316],[109.9743,-7.03365],[109.977,-7.03151],[109.98309,-7.03179],[109.98911,-7.02451],[109.9936,-7.0251],[109.99576,-7.027],[110.00366,-7.01932],[110.00642,-7.01976],[110.00766,-7.01783],[110.01193,-7.01712],[110.01316,-7.01862],[110.01514,-7.01057],[110.02306,-7.00634],[110.02632,-7.00165],[110.02495,-6.99753],[110.03091,-6.99661],[110.03056,-6.99419],[110.0326,-6.99159],[110.03601,-6.99377],[110.03967,-6.9897],[110.04311,-6.98894],[110.04532,-6.97944],[110.05104,-6.97999],[110.05077,-6.96681],[110.04878,-6.96576],[110.04783,-6.95975],[110.04829,-6.95853],[110.05165,-6.95875],[110.05348,-6.95462],[110.047,-6.94638],[110.05095,-6.94154],[110.04366,-6.94053],[110.04042,-6.94219],[110.03973,-6.93883],[110.03416,-6.93806],[110.03545,-6.93203],[110.03077,-6.93013],[110.04017,-6.92377],[110.04281,-6.92548],[110.04503,-6.92123],[110.0411,-6.91805],[110.02632,-6.9118],[110.03808,-6.90633],[110.04063,-6.90429],[110.03924,-6.90319],[110.04231,-6.90495],[110.05496,-6.90396],[110.05617,-6.90334],[110.05605,-6.90242],[110.05638,-6.90172],[110.05666,-6.90132],[110.0578,-6.90077],[110.05617,-6.90219],[110.05678,-6.90414],[110.05879,-6.90245],[110.0585,-6.90029],[110.059,-6.90307],[110.06119,-6.90323],[110.07487,-6.90019],[110.11005,-6.88887],[110.14043,-6.87581],[110.15695,-6.86517],[110.16967,-6.85121],[110.16919,-6.85557],[110.17396,-6.85402],[110.17424,-6.85118],[110.17101,-6.85148],[110.17354,-6.85073],[110.17214,-6.84872],[110.17339,-6.84676],[110.17146,-6.83388],[110.17259,-6.83306],[110.17485,-6.83481],[110.17625,-6.83841],[110.17556,-6.84256],[110.17932,-6.84842],[110.21317,-6.8591],[110.21531,-6.86141],[110.21929,-6.86136],[110.22423,-6.86365],[110.22706,-6.86566],[110.22814,-6.8674],[110.22839,-6.8681],[110.22625,-6.86528],[110.21948,-6.86161],[110.21797,-6.86385],[110.22015,-6.86535],[110.22022,-6.86729],[110.22182,-6.86729],[110.2295,-6.88633],[110.23244,-6.88513],[110.23373,-6.88731],[110.24047,-6.88989],[110.23979,-6.89101],[110.24578,-6.90186],[110.25462,-6.90981],[110.27607,-6.9167],[110.27962,-6.91552],[110.28172,-6.91112],[110.28193,-6.91072],[110.28275,-6.9096],[110.27983,-6.91509],[110.2828,-6.91725],[110.284,-6.9148],[110.28421,-6.91489],[110.28307,-6.91738],[110.28665,-6.91879],[110.28793,-6.91789],[110.28854,-6.91937],[110.29034,-6.91657],[110.28738,-6.92191],[110.30803,-6.92909],[110.30271,-6.93435],[110.30704,-6.93778],[110.2998,-6.94027],[110.29154,-6.95046],[110.2931,-6.95207],[110.29102,-6.95416],[110.2936,-6.95628],[110.29306,-6.95759],[110.2997,-6.96004],[110.29572,-6.96856],[110.28793,-6.96546],[110.28767,-6.96884],[110.28522,-6.96889],[110.28482,-6.97073],[110.28908,-6.9728],[110.29314,-6.97825],[110.29287,-6.97996],[110.29501,-6.98101],[110.29326,-6.98472],[110.28585,-6.98517],[110.28455,-6.9869],[110.28527,-6.98894],[110.28167,-6.99055],[110.28348,-6.99106],[110.28385,-6.99296],[110.28482,-6.99186],[110.28703,-6.99327],[110.28756,-6.99718],[110.284,-6.99689],[110.28049,-7.00079],[110.28023,-7.00447],[110.28245,-7.00504],[110.28245,-7.00694],[110.28574,-7.01015],[110.28436,-7.0129],[110.2749,-7.01164],[110.27326,-7.01512],[110.27481,-7.01925],[110.26971,-7.02147],[110.27201,-7.02465],[110.27048,-7.02508],[110.27206,-7.02679],[110.27167,-7.0336],[110.27406,-7.03439],[110.27361,-7.03566],[110.27144,-7.03546],[110.27276,-7.0373],[110.27157,-7.04118],[110.27572,-7.04332],[110.27781,-7.04174],[110.2855,-7.05231],[110.28786,-7.05077],[110.29437,-7.05398],[110.29192,-7.05582],[110.30074,-7.06489],[110.2991,-7.06765],[110.3012,-7.06833],[110.30071,-7.07274],[110.30283,-7.07696],[110.30314,-7.07946],[110.30114,-7.08041],[110.30481,-7.08505],[110.30507,-7.09202],[110.30332,-7.09727],[110.3049,-7.1015],[110.30945,-7.1017],[110.31471,-7.10776],[110.31843,-7.10593],[110.31967,-7.10152],[110.32176,-7.10321],[110.3242,-7.10165],[110.32892,-7.10222],[110.33222,-7.09908],[110.33351,-7.10303],[110.33682,-7.1047],[110.34284,-7.09919],[110.34522,-7.10021],[110.34359,-7.09437],[110.34448,-7.09274],[110.34225,-7.08964],[110.34599,-7.08811],[110.34648,-7.085],[110.34836,-7.09322],[110.35288,-7.10272],[110.35261,-7.10558],[110.34879,-7.10541],[110.35005,-7.11565],[110.34891,-7.11865],[110.35318,-7.12398],[110.35332,-7.13643],[110.34913,-7.14613],[110.34423,-7.1519],[110.34382,-7.15531],[110.34772,-7.16043],[110.34901,-7.1656],[110.3556,-7.16929],[110.36375,-7.16932],[110.36639,-7.17584],[110.36116,-7.17682],[110.34943,-7.18487],[110.34833,-7.18287],[110.33888,-7.18822],[110.32851,-7.18916],[110.32093,-7.19232],[110.31153,-7.19266],[110.30543,-7.1954],[110.29672,-7.19482],[110.28497,-7.18819],[110.28543,-7.19325],[110.28176,-7.19463],[110.28095,-7.19747],[110.27236,-7.19922],[110.25675,-7.19425],[110.25236,-7.19045],[110.25219,-7.18826],[110.24903,-7.18785],[110.24555,-7.18439],[110.23998,-7.18782],[110.22983,-7.18758],[110.22105,-7.18408],[110.21352,-7.18563],[110.21135,-7.18171],[110.20671,-7.18108],[110.20142,-7.17662],[110.19254,-7.17248],[110.19125,-7.16926],[110.19282,-7.1651],[110.18492,-7.15165],[110.17795,-7.15323],[110.177,-7.14971],[110.17088,-7.14646],[110.16285,-7.14637],[110.15126,-7.14207],[110.14671,-7.14403],[110.14513,-7.14146],[110.146,-7.13821],[110.14413,-7.13679],[110.14043,-7.13809],[110.13852,-7.13366],[110.14207,-7.13156],[110.1421,-7.12838],[110.14427,-7.13098],[110.14496,-7.12527],[110.14822,-7.12674],[110.15068,-7.12578],[110.15372,-7.12785],[110.15949,-7.12588],[110.16123,-7.11666],[110.16636,-7.1126],[110.17406,-7.11151],[110.17579,-7.1093],[110.17986,-7.11013],[110.1895,-7.10803],[110.19344,-7.10572],[110.19098,-7.10498],[110.191,-7.10136],[110.18784,-7.10203],[110.19353,-7.09558],[110.19057,-7.09223],[110.1932,-7.08899],[110.19097,-7.08508],[110.19332,-7.08075],[110.19025,-7.07972],[110.18676,-7.08104],[110.18336,-7.0775],[110.18276,-7.07941],[110.17703,-7.08257],[110.17558,-7.09003],[110.17666,-7.09398],[110.174,-7.09849],[110.17541,-7.10104],[110.17022,-7.09739],[110.16734,-7.09971],[110.16529,-7.09608],[110.16333,-7.09727],[110.16486,-7.09908],[110.16261,-7.09975],[110.15729,-7.09884],[110.15492,-7.10005],[110.15249,-7.0986],[110.14495,-7.10046],[110.14228,-7.09711],[110.1394,-7.0985],[110.13825,-7.09674],[110.13313,-7.09735],[110.13258,-7.09939],[110.13006,-7.09606],[110.12798,-7.09786],[110.12527,-7.09746],[110.12511,-7.0955],[110.12225,-7.09505],[110.12151,-7.09321],[110.11751,-7.09546],[110.11376,-7.095],[110.11163,-7.09765],[110.10194,-7.09986],[110.09694,-7.10343],[110.09727,-7.10459],[110.09503,-7.10467],[110.0945,-7.10722],[110.09066,-7.10726],[110.08848,-7.11039],[110.08576,-7.10925],[110.0837,-7.11311],[110.08463,-7.11451],[110.07659,-7.1209],[110.06891,-7.12152],[110.06724,-7.11999],[110.05984,-7.11893],[110.05782,-7.12136],[110.0555,-7.12119],[110.05473,-7.12373],[110.05011,-7.12423],[110.05044,-7.12743],[110.04863,-7.12598],[110.04875,-7.12818],[110.04713,-7.12794],[110.04597,-7.13025],[110.04404,-7.12962],[110.04312,-7.13056],[110.04427,-7.1315],[110.04099,-7.13285],[110.04097,-7.13473],[110.03808,-7.13481],[110.03659,-7.13882],[110.03438,-7.13876],[110.03358,-7.14076],[110.03223,-7.13922],[110.02953,-7.1442],[110.02645,-7.14526],[110.02735,-7.14675],[110.02413,-7.14902],[110.02185,-7.14803],[110.01964,-7.15024],[110.01823,-7.14856],[110.01601,-7.14959],[110.016,-7.15198],[110.01368,-7.15328],[110.01308,-7.1522],[110.0127,-7.15458],[110.00999,-7.15491],[110.01009,-7.15792],[110.00763,-7.16064],[109.99906,-7.16323]]]}},{"type":"Feature","properties":{"n":"Pati","p":"Jawa Tengah"},"geometry":{"type":"Polygon","coordinates":[[[110.86753,-6.97544],[110.86326,-6.9857],[110.85815,-6.98461],[110.85577,-6.98739],[110.85155,-6.99985],[110.84775,-6.9979],[110.84527,-6.99021],[110.84057,-6.99338],[110.83472,-6.99125],[110.83254,-6.99825],[110.82792,-7.00199],[110.81943,-6.99601],[110.81679,-6.99786],[110.81459,-6.99734],[110.81446,-7.00011],[110.81222,-7.00069],[110.81208,-6.99884],[110.80932,-6.99697],[110.80879,-6.99275],[110.80437,-6.99021],[110.80255,-6.98277],[110.80397,-6.97966],[110.80895,-6.9793],[110.81201,-6.97616],[110.81055,-6.95054],[110.81491,-6.93887],[110.8268,-6.93932],[110.82954,-6.9375],[110.83463,-6.94019],[110.83717,-6.93731],[110.8442,-6.9358],[110.84768,-6.93102],[110.84592,-6.91908],[110.84951,-6.91142],[110.85725,-6.90117],[110.87497,-6.90632],[110.87748,-6.9051],[110.88264,-6.90571],[110.88303,-6.8802],[110.88099,-6.87156],[110.88215,-6.86743],[110.91996,-6.86718],[110.94784,-6.85881],[110.95249,-6.85583],[110.96112,-6.84631],[110.96425,-6.83991],[110.96931,-6.83699],[110.97246,-6.83692],[110.977,-6.8333],[110.97457,-6.81683],[110.97532,-6.80428],[110.97053,-6.80267],[110.97114,-6.79255],[110.96825,-6.7831],[110.9645,-6.77691],[110.96542,-6.77288],[110.96141,-6.75962],[110.96305,-6.75589],[110.94482,-6.75565],[110.94246,-6.75025],[110.94414,-6.74059],[110.94099,-6.73541],[110.93077,-6.738],[110.9249,-6.73737],[110.92798,-6.73659],[110.9233,-6.73156],[110.92597,-6.72497],[110.92538,-6.7146],[110.92873,-6.71518],[110.9321,-6.72073],[110.93459,-6.71877],[110.93553,-6.71289],[110.93788,-6.71056],[110.93362,-6.70635],[110.93532,-6.69787],[110.92518,-6.69174],[110.92764,-6.6904],[110.92514,-6.68763],[110.92603,-6.68494],[110.92384,-6.68257],[110.92397,-6.67818],[110.92176,-6.67408],[110.91339,-6.66697],[110.91256,-6.65735],[110.90901,-6.6486],[110.90437,-6.64314],[110.8978,-6.63892],[110.89812,-6.63562],[110.90365,-6.63068],[110.90237,-6.62648],[110.90329,-6.61912],[110.90769,-6.61459],[110.90801,-6.60641],[110.912,-6.60066],[110.91,-6.59008],[110.9061,-6.5831],[110.91063,-6.56955],[110.90861,-6.56076],[110.90946,-6.55285],[110.91114,-6.55133],[110.91174,-6.5447],[110.91342,-6.5421],[110.91778,-6.54026],[110.91405,-6.52862],[110.90834,-6.52489],[110.91024,-6.52252],[110.90872,-6.52059],[110.91103,-6.51816],[110.90989,-6.51212],[110.9123,-6.50713],[110.91256,-6.49966],[110.91466,-6.49589],[110.92942,-6.49583],[110.93434,-6.49095],[110.93709,-6.48346],[110.94103,-6.48559],[110.94258,-6.48498],[110.94288,-6.48682],[110.94549,-6.48526],[110.94642,-6.4827],[110.94994,-6.48201],[110.95001,-6.4797],[110.95359,-6.4773],[110.95495,-6.47509],[110.95379,-6.47327],[110.95811,-6.47042],[110.95616,-6.46977],[110.957,-6.46725],[110.96204,-6.46701],[110.96522,-6.46473],[110.96553,-6.46227],[110.96875,-6.46402],[110.96881,-6.46078],[110.97074,-6.45997],[110.96978,-6.45796],[110.97346,-6.45666],[110.97382,-6.45496],[110.97123,-6.45319],[110.97238,-6.44682],[110.9739,-6.44597],[110.972,-6.44503],[110.97206,-6.44328],[110.9739,-6.4414],[110.97296,-6.43994],[110.97703,-6.43707],[110.97647,-6.4351],[110.97395,-6.43533],[110.97395,-6.43331],[110.97206,-6.43352],[110.97412,-6.43098],[110.97183,-6.43017],[110.97618,-6.42347],[110.97515,-6.41591],[110.96933,-6.41041],[110.97379,-6.41054],[110.97507,-6.41228],[110.97677,-6.4104],[110.98448,-6.4131],[111.00651,-6.41612],[111.04462,-6.42606],[111.04779,-6.42822],[111.04376,-6.43135],[111.04326,-6.43854],[111.04472,-6.44013],[111.049,-6.46068],[111.05411,-6.49189],[111.05948,-6.50893],[111.06382,-6.52015],[111.07137,-6.53234],[111.07165,-6.53585],[111.0742,-6.53827],[111.08162,-6.56071],[111.08951,-6.57745],[111.09812,-6.59431],[111.11726,-6.62504],[111.12976,-6.64125],[111.14372,-6.65319],[111.1618,-6.65948],[111.18325,-6.66279],[111.18634,-6.66381],[111.18554,-6.66586],[111.18742,-6.66734],[111.19281,-6.66582],[111.20578,-6.67359],[111.21328,-6.68106],[111.22641,-6.68657],[111.23418,-6.68728],[111.23543,-6.69838],[111.23782,-6.69856],[111.23835,-6.70347],[111.2428,-6.70746],[111.24045,-6.71079],[111.24044,-6.71845],[111.23791,-6.72032],[111.23933,-6.72258],[111.23788,-6.72235],[111.23585,-6.72661],[111.23852,-6.73254],[111.23681,-6.73736],[111.23796,-6.74012],[111.2339,-6.74098],[111.23541,-6.74312],[111.23462,-6.74479],[111.23643,-6.74516],[111.23765,-6.74334],[111.23911,-6.74526],[111.2376,-6.74633],[111.23921,-6.74657],[111.23786,-6.74761],[111.2387,-6.74992],[111.23394,-6.75275],[111.23766,-6.75592],[111.23691,-6.75965],[111.23964,-6.75778],[111.24199,-6.76062],[111.24411,-6.7603],[111.24378,-6.76162],[111.24699,-6.76423],[111.24579,-6.76529],[111.24748,-6.76708],[111.24546,-6.77176],[111.24667,-6.77469],[111.24339,-6.77718],[111.2454,-6.7777],[111.24559,-6.77952],[111.24703,-6.77774],[111.24926,-6.778],[111.24723,-6.77891],[111.2486,-6.78075],[111.24743,-6.78226],[111.24912,-6.78347],[111.24682,-6.78693],[111.24926,-6.78851],[111.2472,-6.78911],[111.24713,-6.79206],[111.24515,-6.79254],[111.24466,-6.7964],[111.24671,-6.79786],[111.24649,-6.79961],[111.25017,-6.80167],[111.25049,-6.80811],[111.25512,-6.80825],[111.25691,-6.81199],[111.26136,-6.81479],[111.26043,-6.81629],[111.26437,-6.82055],[111.26548,-6.82502],[111.26851,-6.82458],[111.26883,-6.82886],[111.27088,-6.82873],[111.27046,-6.83133],[111.26708,-6.83349],[111.26508,-6.83413],[111.26343,-6.83264],[111.26196,-6.83525],[111.25899,-6.8345],[111.25584,-6.83666],[111.25719,-6.83962],[111.25785,-6.83858],[111.25988,-6.83967],[111.26021,-6.84392],[111.26214,-6.84327],[111.26296,-6.84446],[111.26401,-6.84724],[111.26219,-6.85131],[111.26428,-6.85411],[111.26286,-6.85401],[111.26333,-6.85577],[111.25775,-6.85383],[111.25432,-6.85825],[111.24314,-6.86291],[111.24168,-6.85938],[111.23189,-6.85541],[111.231,-6.85057],[111.22897,-6.85122],[111.22544,-6.84944],[111.22328,-6.85246],[111.22401,-6.85496],[111.22224,-6.85616],[111.22379,-6.86371],[111.22194,-6.86912],[111.21529,-6.87179],[111.21184,-6.86934],[111.21116,-6.87134],[111.20822,-6.87215],[111.20885,-6.87363],[111.20311,-6.87456],[111.20227,-6.88003],[111.20355,-6.88051],[111.20391,-6.88902],[111.20305,-6.89514],[111.20149,-6.89663],[111.19333,-6.89883],[111.1869,-6.89669],[111.1867,-6.90041],[111.18348,-6.89989],[111.18218,-6.90239],[111.17943,-6.90207],[111.17632,-6.90487],[111.1628,-6.90887],[111.15559,-6.90708],[111.15277,-6.90829],[111.14381,-6.89951],[111.1406,-6.90267],[111.14378,-6.90913],[111.14271,-6.91502],[111.14046,-6.918],[111.13759,-6.91795],[111.13645,-6.92045],[111.13168,-6.91973],[111.12524,-6.91222],[111.11771,-6.90905],[111.10799,-6.914],[111.10388,-6.91721],[111.10188,-6.92457],[111.09796,-6.93038],[111.09539,-6.92958],[111.08926,-6.93175],[111.08787,-6.93649],[111.08434,-6.9401],[111.08425,-6.94384],[111.08004,-6.94603],[111.08442,-6.94846],[111.08685,-6.9519],[111.08591,-6.96195],[111.07118,-6.96141],[111.06856,-6.96694],[111.06048,-6.9696],[111.04495,-6.96926],[111.03307,-6.97235],[111.02614,-6.96984],[111.00977,-6.97187],[111.00657,-6.97136],[111.00497,-6.9693],[110.99165,-6.97023],[110.98675,-6.968],[110.98434,-6.97067],[110.97491,-6.97042],[110.9714,-6.97244],[110.96562,-6.97175],[110.96269,-6.97331],[110.96027,-6.97318],[110.95876,-6.9677],[110.95137,-6.96629],[110.94806,-6.96375],[110.94457,-6.96928],[110.94209,-6.969],[110.93963,-6.97202],[110.92566,-6.97217],[110.92379,-6.96932],[110.92062,-6.96965],[110.92051,-6.96743],[110.91578,-6.96598],[110.91689,-6.96282],[110.91512,-6.96114],[110.91292,-6.97172],[110.90698,-6.97494],[110.90575,-6.98265],[110.89303,-6.9847],[110.89038,-6.97924],[110.88384,-6.97719],[110.88378,-6.97499],[110.88013,-6.97044],[110.87222,-6.97605],[110.86942,-6.97431],[110.86753,-6.97544]]]}},{"type":"Feature","properties":{"n":"Gunungkidul","p":"Daerah Istimewa Yogyakarta"},"geometry":{"type":"MultiPolygon","coordinates":[[[[110.54765,-8.12823],[110.54588,-8.13221],[110.54461,-8.13155],[110.54553,-8.135],[110.53524,-8.13119],[110.53448,-8.12946],[110.53245,-8.13148],[110.53027,-8.13006],[110.52902,-8.13174],[110.52733,-8.13133],[110.52766,-8.12954],[110.52553,-8.13003],[110.52635,-8.12878],[110.52402,-8.12745],[110.52273,-8.12864],[110.52051,-8.12466],[110.5167,-8.12484],[110.51657,-8.12239],[110.51455,-8.12351],[110.51421,-8.12093],[110.51269,-8.12389],[110.51213,-8.12239],[110.50298,-8.11842],[110.49692,-8.11796],[110.49638,-8.11621],[110.49106,-8.11706],[110.48942,-8.11503],[110.49017,-8.11379],[110.48581,-8.11333],[110.48549,-8.11155],[110.48158,-8.1121],[110.47643,-8.10971],[110.47245,-8.11062],[110.46863,-8.1078],[110.46917,-8.11028],[110.46815,-8.10912],[110.4672,-8.11022],[110.46232,-8.10616],[110.45064,-8.1005],[110.4419,-8.10085],[110.44049,-8.09866],[110.43874,-8.10057],[110.43801,-8.09932],[110.43646,-8.10001],[110.43591,-8.09829],[110.43409,-8.09859],[110.43477,-8.09338],[110.43069,-8.08912],[110.4189,-8.08661],[110.41812,-8.08388],[110.41,-8.08122],[110.40883,-8.07891],[110.40431,-8.0798],[110.40125,-8.07742],[110.39898,-8.07866],[110.39619,-8.07647],[110.39207,-8.076],[110.38714,-8.07211],[110.37553,-8.07146],[110.36832,-8.06098],[110.35996,-8.05696],[110.35578,-8.05298],[110.34858,-8.04097],[110.34482,-8.03085],[110.339,-8.02807],[110.33087,-8.0077],[110.33209,-7.99749],[110.34045,-7.99178],[110.35242,-7.99355],[110.35341,-7.98777],[110.35072,-7.98975],[110.34951,-7.98816],[110.35263,-7.9807],[110.34825,-7.9758],[110.34855,-7.97422],[110.35892,-7.98211],[110.36287,-7.98149],[110.36565,-7.97245],[110.37408,-7.97929],[110.39557,-7.98104],[110.39931,-7.97909],[110.39637,-7.97382],[110.39574,-7.96821],[110.39699,-7.96714],[110.40465,-7.96826],[110.40902,-7.97166],[110.4212,-7.97327],[110.43186,-7.96297],[110.43565,-7.96679],[110.44292,-7.96711],[110.44455,-7.96074],[110.4436,-7.95129],[110.44944,-7.94692],[110.45177,-7.94731],[110.45485,-7.95161],[110.45125,-7.95534],[110.45063,-7.9606],[110.45464,-7.96723],[110.45741,-7.96528],[110.45674,-7.95799],[110.46654,-7.95419],[110.46724,-7.95551],[110.46457,-7.95722],[110.46499,-7.95936],[110.47068,-7.96273],[110.46772,-7.96653],[110.46448,-7.96666],[110.46336,-7.96842],[110.4673,-7.9712],[110.46919,-7.9698],[110.47723,-7.9714],[110.47262,-7.96731],[110.47507,-7.96672],[110.47594,-7.9645],[110.47261,-7.95357],[110.47804,-7.95026],[110.47642,-7.94268],[110.48229,-7.94214],[110.48801,-7.94518],[110.48959,-7.94237],[110.48865,-7.93924],[110.49195,-7.93837],[110.49315,-7.93153],[110.49124,-7.92531],[110.49596,-7.91407],[110.49785,-7.90032],[110.49498,-7.89064],[110.47567,-7.88926],[110.47504,-7.88488],[110.46715,-7.86975],[110.46754,-7.86667],[110.47025,-7.8622],[110.47272,-7.86131],[110.47546,-7.8515],[110.48065,-7.84451],[110.48731,-7.84079],[110.48891,-7.83776],[110.49448,-7.83933],[110.49784,-7.83786],[110.51627,-7.8376],[110.52115,-7.83406],[110.51952,-7.83093],[110.52307,-7.82764],[110.53099,-7.82582],[110.52979,-7.82376],[110.53219,-7.82339],[110.53248,-7.82469],[110.53475,-7.82249],[110.5376,-7.82391],[110.54236,-7.82345],[110.54657,-7.80975],[110.54466,-7.80735],[110.54668,-7.79795],[110.54478,-7.79719],[110.54359,-7.79256],[110.54781,-7.79035],[110.55089,-7.79496],[110.55505,-7.79505],[110.55291,-7.79217],[110.55413,-7.79028],[110.55298,-7.78731],[110.55796,-7.78291],[110.56361,-7.78176],[110.57134,-7.78603],[110.57323,-7.78864],[110.58206,-7.78908],[110.58099,-7.795],[110.58397,-7.79648],[110.58387,-7.79787],[110.57605,-7.80147],[110.57586,-7.80588],[110.58002,-7.80588],[110.58616,-7.80269],[110.588,-7.80499],[110.58583,-7.80858],[110.59448,-7.80618],[110.60006,-7.80674],[110.60088,-7.80479],[110.59877,-7.79997],[110.60425,-7.79828],[110.61065,-7.79825],[110.616,-7.80193],[110.61932,-7.79889],[110.62578,-7.80319],[110.63044,-7.79769],[110.63349,-7.79801],[110.63227,-7.80092],[110.63934,-7.79997],[110.65073,-7.79242],[110.65494,-7.79785],[110.65524,-7.80285],[110.65768,-7.8048],[110.66774,-7.79447],[110.66692,-7.79308],[110.66965,-7.78941],[110.66894,-7.78775],[110.67124,-7.78614],[110.67652,-7.79088],[110.67205,-7.79632],[110.67292,-7.80001],[110.67724,-7.80101],[110.6818,-7.80628],[110.69835,-7.80766],[110.70328,-7.80543],[110.70878,-7.80515],[110.71435,-7.79973],[110.71176,-7.79148],[110.71333,-7.79077],[110.72611,-7.79512],[110.74033,-7.80485],[110.74334,-7.81771],[110.74947,-7.81999],[110.75233,-7.82499],[110.75874,-7.82568],[110.76225,-7.82346],[110.76184,-7.8156],[110.76453,-7.80951],[110.76787,-7.80818],[110.77229,-7.80826],[110.78558,-7.81672],[110.78303,-7.84176],[110.78539,-7.8535],[110.78289,-7.87101],[110.77695,-7.88206],[110.77049,-7.90404],[110.76985,-7.92104],[110.77149,-7.94282],[110.76825,-7.95325],[110.76743,-7.98258],[110.76283,-7.99575],[110.75891,-8.00226],[110.75568,-8.02486],[110.75789,-8.03385],[110.76205,-8.03897],[110.76172,-8.04349],[110.76702,-8.04521],[110.76994,-8.05547],[110.77346,-8.05934],[110.78093,-8.09184],[110.78874,-8.11077],[110.78954,-8.1162],[110.78719,-8.12657],[110.78562,-8.15069],[110.79038,-8.15715],[110.80371,-8.1625],[110.80627,-8.15615],[110.80995,-8.15512],[110.81435,-8.14664],[110.8147,-8.13783],[110.81939,-8.13874],[110.82718,-8.13593],[110.83049,-8.13634],[110.82884,-8.14624],[110.82417,-8.14583],[110.82159,-8.14985],[110.81528,-8.15354],[110.8156,-8.159],[110.81294,-8.16053],[110.81614,-8.16579],[110.8144,-8.16824],[110.81566,-8.17617],[110.81384,-8.17963],[110.82226,-8.18187],[110.82285,-8.17587],[110.82519,-8.17278],[110.82509,-8.16828],[110.83263,-8.16918],[110.8329,-8.17409],[110.8378,-8.17677],[110.83881,-8.17911],[110.83328,-8.19263],[110.83312,-8.19884],[110.83493,-8.20305],[110.83343,-8.20229],[110.83214,-8.20364],[110.83023,-8.20141],[110.8286,-8.20433],[110.82502,-8.20243],[110.82102,-8.20331],[110.81863,-8.19999],[110.8102,-8.19884],[110.80738,-8.20052],[110.80571,-8.19993],[110.80585,-8.19832],[110.80302,-8.19727],[110.79956,-8.19788],[110.79731,-8.19548],[110.7987,-8.1921],[110.79778,-8.19132],[110.7995,-8.19128],[110.79895,-8.1891],[110.79488,-8.19302],[110.79082,-8.1923],[110.78929,-8.19402],[110.78745,-8.19198],[110.78131,-8.19621],[110.77449,-8.19675],[110.77279,-8.19531],[110.76589,-8.19651],[110.76371,-8.19527],[110.76237,-8.19515],[110.75504,-8.19712],[110.75311,-8.19498],[110.74848,-8.19706],[110.73751,-8.19242],[110.73181,-8.19261],[110.72909,-8.1939],[110.72501,-8.19943],[110.72255,-8.19675],[110.7216,-8.19867],[110.7204,-8.19754],[110.72022,-8.19968],[110.71795,-8.19959],[110.71926,-8.1975],[110.71694,-8.19839],[110.71498,-8.19689],[110.70945,-8.20068],[110.70616,-8.19934],[110.70739,-8.19406],[110.70988,-8.19295],[110.71049,-8.18994],[110.70984,-8.18576],[110.70706,-8.18327],[110.70492,-8.18511],[110.70143,-8.18405],[110.6968,-8.18689],[110.6915,-8.18684],[110.6895,-8.18444],[110.68443,-8.18394],[110.6833,-8.18145],[110.67956,-8.18276],[110.67658,-8.18016],[110.67395,-8.18125],[110.67327,-8.17915],[110.66868,-8.17647],[110.66524,-8.17692],[110.66333,-8.17547],[110.66235,-8.1766],[110.65997,-8.17307],[110.65452,-8.17302],[110.65191,-8.17129],[110.653,-8.16992],[110.64459,-8.16836],[110.64154,-8.16463],[110.63186,-8.1597],[110.6252,-8.1583],[110.60399,-8.14519],[110.59878,-8.14534],[110.59576,-8.14923],[110.59493,-8.14683],[110.59374,-8.148],[110.58556,-8.14481],[110.58351,-8.14002],[110.57896,-8.13811],[110.56373,-8.13658],[110.5534,-8.13305],[110.55022,-8.13437],[110.54841,-8.13122],[110.54924,-8.1288],[110.54765,-8.12823]]],[[[110.40391,-8.08014],[110.40381,-8.08008],[110.40388,-8.08006],[110.40391,-8.08014]]],[[[110.34812,-8.04107],[110.34828,-8.0412],[110.34811,-8.04119],[110.34812,-8.04107]]],[[[110.58554,-8.1454],[110.5857,-8.14568],[110.58537,-8.14564],[110.58554,-8.1454]]],[[[110.57693,-8.14546],[110.57711,-8.14563],[110.57695,-8.14564],[110.57693,-8.14546]]],[[[110.57841,-8.13961],[110.5775,-8.13893],[110.57837,-8.13893],[110.57841,-8.13961]]],[[[110.57588,-8.13807],[110.57588,-8.13818],[110.57581,-8.13815],[110.57588,-8.13807]]],[[[110.5552,-8.13457],[110.55548,-8.13442],[110.55542,-8.13465],[110.5552,-8.13457]]],[[[110.55369,-8.13396],[110.5538,-8.13382],[110.55383,-8.13399],[110.55369,-8.13396]]],[[[110.67667,-8.18517],[110.67695,-8.18533],[110.67662,-8.1855],[110.67667,-8.18517]]],[[[110.67211,-8.18024],[110.6718,-8.17999],[110.67193,-8.17983],[110.67211,-8.18024]]],[[[110.66237,-8.17764],[110.66249,-8.17721],[110.66275,-8.17762],[110.66237,-8.17764]]],[[[110.6046,-8.14766],[110.60469,-8.14801],[110.6045,-8.14812],[110.6046,-8.14766]]],[[[110.71969,-8.2015],[110.71843,-8.20036],[110.71879,-8.19967],[110.71969,-8.2015]]],[[[110.71218,-8.19917],[110.71249,-8.19978],[110.71204,-8.19947],[110.71218,-8.19917]]],[[[110.70603,-8.19632],[110.70612,-8.19572],[110.70664,-8.19546],[110.70603,-8.19632]]],[[[110.72816,-8.19567],[110.72811,-8.19579],[110.72808,-8.1957],[110.72816,-8.19567]]],[[[110.70622,-8.19523],[110.70657,-8.19533],[110.70632,-8.19546],[110.70622,-8.19523]]],[[[110.67969,-8.18735],[110.67964,-8.18746],[110.67961,-8.18738],[110.67969,-8.18735]]],[[[110.67977,-8.18702],[110.67968,-8.18719],[110.67969,-8.18698],[110.67977,-8.18702]]],[[[110.68812,-8.18536],[110.68844,-8.18553],[110.68832,-8.18563],[110.68812,-8.18536]]],[[[110.67856,-8.1847],[110.67853,-8.18393],[110.67874,-8.18462],[110.67856,-8.1847]]],[[[110.67923,-8.18321],[110.67852,-8.18298],[110.67899,-8.18286],[110.67923,-8.18321]]],[[[110.68188,-8.18253],[110.68195,-8.18285],[110.68174,-8.18269],[110.68188,-8.18253]]],[[[110.82642,-8.20553],[110.82648,-8.20562],[110.82641,-8.20558],[110.82642,-8.20553]]],[[[110.8198,-8.20371],[110.81943,-8.20346],[110.8198,-8.20318],[110.8198,-8.20371]]],[[[110.82447,-8.20278],[110.82446,-8.20287],[110.82441,-8.20284],[110.82447,-8.20278]]],[[[110.80479,-8.1983],[110.80471,-8.19838],[110.80474,-8.19829],[110.80479,-8.1983]]],[[[110.80225,-8.19812],[110.80219,-8.19807],[110.80223,-8.19803],[110.80225,-8.19812]]],[[[110.76481,-8.19609],[110.76478,-8.19636],[110.7647,-8.1963],[110.76481,-8.19609]]],[[[110.76163,-8.19573],[110.76183,-8.19586],[110.76156,-8.19592],[110.76163,-8.19573]]],[[[110.79717,-8.19562],[110.79725,-8.1958],[110.7971,-8.19574],[110.79717,-8.19562]]],[[[110.76291,-8.19552],[110.76284,-8.19564],[110.76284,-8.19551],[110.76291,-8.19552]]],[[[110.74406,-8.19536],[110.74409,-8.19561],[110.744,-8.19566],[110.74406,-8.19536]]]]}},{"type":"Feature","properties":{"n":"Ciamis","p":"Jawa Barat"},"geometry":{"type":"Polygon","coordinates":[[[108.26919,-7.31876],[108.26766,-7.32217],[108.26487,-7.32021],[108.26385,-7.32277],[108.26269,-7.32124],[108.25995,-7.32248],[108.25512,-7.32068],[108.25249,-7.32137],[108.25335,-7.31765],[108.24951,-7.31299],[108.24718,-7.31408],[108.2425,-7.3128],[108.23773,-7.30912],[108.238,-7.30774],[108.23592,-7.30752],[108.23546,-7.30554],[108.23288,-7.30464],[108.23139,-7.30587],[108.22839,-7.30081],[108.21924,-7.2933],[108.21199,-7.29188],[108.20958,-7.28939],[108.20215,-7.28651],[108.19662,-7.27867],[108.19546,-7.27556],[108.19659,-7.27402],[108.19391,-7.27307],[108.19504,-7.27008],[108.19334,-7.26965],[108.19337,-7.26629],[108.19032,-7.26517],[108.1918,-7.26184],[108.18837,-7.26328],[108.18867,-7.25463],[108.19085,-7.25136],[108.19262,-7.25275],[108.1925,-7.2506],[108.19488,-7.25035],[108.19308,-7.24795],[108.19409,-7.2464],[108.19203,-7.24472],[108.19545,-7.24085],[108.19308,-7.23931],[108.19373,-7.2335],[108.19567,-7.23373],[108.19584,-7.23021],[108.19706,-7.23202],[108.19925,-7.23066],[108.19785,-7.22856],[108.19931,-7.22537],[108.19683,-7.22006],[108.19687,-7.21621],[108.19851,-7.21416],[108.196,-7.21251],[108.19748,-7.20746],[108.1955,-7.20552],[108.19836,-7.19422],[108.1969,-7.18829],[108.19242,-7.18731],[108.19505,-7.1823],[108.19324,-7.17543],[108.19506,-7.17388],[108.19243,-7.17335],[108.19258,-7.16959],[108.19576,-7.16796],[108.19505,-7.16664],[108.19651,-7.16487],[108.19524,-7.1641],[108.19769,-7.16251],[108.19768,-7.15686],[108.19951,-7.15761],[108.19939,-7.15629],[108.20206,-7.15508],[108.2001,-7.15326],[108.20335,-7.15206],[108.20006,-7.14856],[108.20172,-7.14811],[108.19999,-7.14612],[108.20238,-7.14507],[108.20061,-7.14443],[108.20344,-7.14176],[108.20141,-7.13745],[108.20655,-7.13774],[108.20904,-7.13414],[108.21299,-7.13434],[108.21279,-7.13228],[108.21549,-7.13198],[108.21758,-7.12911],[108.21603,-7.12507],[108.21839,-7.12581],[108.21744,-7.12467],[108.21995,-7.12333],[108.21559,-7.1152],[108.2155,-7.11037],[108.21602,-7.1048],[108.21704,-7.10393],[108.21791,-7.10537],[108.21907,-7.10373],[108.21794,-7.102],[108.21905,-7.10012],[108.21707,-7.10049],[108.21549,-7.09881],[108.21827,-7.09735],[108.21598,-7.0904],[108.21956,-7.08966],[108.21964,-7.08794],[108.21037,-7.08892],[108.20883,-7.08797],[108.20858,-7.08316],[108.2074,-7.08207],[108.20384,-7.08286],[108.20523,-7.08053],[108.20425,-7.07713],[108.19645,-7.07513],[108.19387,-7.07084],[108.19104,-7.07003],[108.1852,-7.07178],[108.18305,-7.06952],[108.18067,-7.06993],[108.17685,-7.06766],[108.1713,-7.06892],[108.16743,-7.06713],[108.16703,-7.06349],[108.18258,-7.05657],[108.18954,-7.05743],[108.20963,-7.0534],[108.21521,-7.05803],[108.22205,-7.05477],[108.2278,-7.0546],[108.23104,-7.05689],[108.23234,-7.06271],[108.24501,-7.06662],[108.25796,-7.06459],[108.27286,-7.06499],[108.29563,-7.05846],[108.30378,-7.06239],[108.31455,-7.05658],[108.33758,-7.0656],[108.34236,-7.06996],[108.34471,-7.06721],[108.34525,-7.06267],[108.34936,-7.05403],[108.35139,-7.05237],[108.35792,-7.05189],[108.36203,-7.05375],[108.36674,-7.05948],[108.37015,-7.0593],[108.37208,-7.06149],[108.37679,-7.06286],[108.37757,-7.06646],[108.38057,-7.06664],[108.38215,-7.072],[108.39207,-7.0753],[108.39305,-7.07889],[108.39636,-7.07951],[108.39793,-7.08206],[108.40157,-7.08229],[108.40131,-7.08551],[108.40536,-7.08456],[108.41177,-7.08938],[108.41674,-7.08917],[108.41377,-7.09634],[108.41579,-7.09577],[108.41678,-7.09291],[108.42552,-7.09492],[108.4262,-7.09764],[108.42847,-7.0986],[108.42585,-7.10097],[108.42625,-7.10232],[108.42856,-7.10158],[108.43031,-7.10379],[108.43354,-7.1037],[108.43434,-7.10796],[108.43692,-7.10561],[108.43871,-7.10653],[108.43599,-7.11229],[108.43945,-7.1179],[108.44519,-7.11928],[108.4506,-7.11822],[108.45277,-7.12021],[108.45692,-7.11896],[108.46117,-7.1215],[108.46383,-7.11934],[108.46563,-7.12154],[108.46801,-7.118],[108.46989,-7.12318],[108.47342,-7.12257],[108.4739,-7.11945],[108.4757,-7.12414],[108.48078,-7.1206],[108.48335,-7.12508],[108.48985,-7.1301],[108.49222,-7.12764],[108.4939,-7.13001],[108.49577,-7.12734],[108.49962,-7.13149],[108.50227,-7.12891],[108.50214,-7.13232],[108.50553,-7.13143],[108.50716,-7.13525],[108.51131,-7.13188],[108.51205,-7.13782],[108.50613,-7.13801],[108.50569,-7.14044],[108.50706,-7.14133],[108.51192,-7.13928],[108.51303,-7.14201],[108.51492,-7.13943],[108.51629,-7.14133],[108.51321,-7.15526],[108.50986,-7.1562],[108.50847,-7.16086],[108.51206,-7.16128],[108.51316,-7.15925],[108.51943,-7.16045],[108.51695,-7.16568],[108.52127,-7.16384],[108.52457,-7.16963],[108.52895,-7.17106],[108.52628,-7.17406],[108.52587,-7.18106],[108.53724,-7.18522],[108.54142,-7.18445],[108.55116,-7.18861],[108.55131,-7.19093],[108.5554,-7.19086],[108.555,-7.19337],[108.56365,-7.19485],[108.56595,-7.20039],[108.57256,-7.20586],[108.57424,-7.20626],[108.57288,-7.20292],[108.57738,-7.20515],[108.57919,-7.20836],[108.58111,-7.20623],[108.58221,-7.21063],[108.58058,-7.21399],[108.58196,-7.21738],[108.58532,-7.21845],[108.5825,-7.22349],[108.5842,-7.22549],[108.58441,-7.2307],[108.58015,-7.23761],[108.58566,-7.24192],[108.58348,-7.24332],[108.58018,-7.25101],[108.5818,-7.25371],[108.57874,-7.25586],[108.57566,-7.25306],[108.57317,-7.25446],[108.56874,-7.26182],[108.57108,-7.26662],[108.56909,-7.26785],[108.56998,-7.27116],[108.56734,-7.27801],[108.55598,-7.2878],[108.5601,-7.29298],[108.56046,-7.30033],[108.56434,-7.30388],[108.56337,-7.30668],[108.55894,-7.30752],[108.56299,-7.31465],[108.5636,-7.32058],[108.55975,-7.3238],[108.55919,-7.33226],[108.55093,-7.335],[108.55071,-7.34157],[108.54764,-7.34121],[108.5466,-7.3443],[108.54019,-7.34663],[108.53838,-7.34354],[108.53541,-7.34345],[108.53418,-7.34826],[108.5268,-7.35242],[108.52376,-7.35933],[108.51704,-7.35744],[108.51138,-7.35789],[108.50662,-7.35403],[108.50113,-7.35814],[108.49978,-7.35497],[108.49641,-7.35477],[108.49682,-7.34886],[108.48917,-7.35001],[108.48451,-7.35628],[108.47749,-7.35727],[108.47925,-7.35881],[108.47763,-7.361],[108.46971,-7.36161],[108.47062,-7.36526],[108.47821,-7.36875],[108.46962,-7.38189],[108.47668,-7.38707],[108.48175,-7.38754],[108.48357,-7.39166],[108.48439,-7.38963],[108.48615,-7.3931],[108.48831,-7.3926],[108.4882,-7.3908],[108.49025,-7.39234],[108.49371,-7.39126],[108.49352,-7.39397],[108.49557,-7.39573],[108.51198,-7.40537],[108.51689,-7.40551],[108.51844,-7.4075],[108.52465,-7.40685],[108.52672,-7.41295],[108.53293,-7.41588],[108.53839,-7.41606],[108.54003,-7.41134],[108.54412,-7.4123],[108.54895,-7.42148],[108.55078,-7.42213],[108.55481,-7.41922],[108.55499,-7.42494],[108.5588,-7.42551],[108.56128,-7.43074],[108.56542,-7.42981],[108.56439,-7.44129],[108.5671,-7.44453],[108.56876,-7.44286],[108.56975,-7.43703],[108.57802,-7.42909],[108.58073,-7.42327],[108.57997,-7.41751],[108.59112,-7.41575],[108.59198,-7.41035],[108.59399,-7.40829],[108.59105,-7.40294],[108.60024,-7.39447],[108.60513,-7.40102],[108.61559,-7.40584],[108.61861,-7.39323],[108.62405,-7.39524],[108.62615,-7.3924],[108.62578,-7.38875],[108.63254,-7.38629],[108.63106,-7.38173],[108.63648,-7.38112],[108.63895,-7.38522],[108.6505,-7.38822],[108.65246,-7.37796],[108.66025,-7.36304],[108.66209,-7.3525],[108.66625,-7.35306],[108.67066,-7.35734],[108.67629,-7.35759],[108.67694,-7.3658],[108.67872,-7.36807],[108.68314,-7.36942],[108.6831,-7.37208],[108.67794,-7.37665],[108.68514,-7.37934],[108.68427,-7.38595],[108.6892,-7.39295],[108.68649,-7.39587],[108.68749,-7.39999],[108.69715,-7.4001],[108.7012,-7.41049],[108.69957,-7.41475],[108.70587,-7.4179],[108.71227,-7.42643],[108.71794,-7.42658],[108.71956,-7.42999],[108.72337,-7.43112],[108.72106,-7.43555],[108.72066,-7.44463],[108.71239,-7.4585],[108.71811,-7.46942],[108.70769,-7.4693],[108.70612,-7.47724],[108.70332,-7.47444],[108.69869,-7.47293],[108.69823,-7.46599],[108.69961,-7.46381],[108.69843,-7.4618],[108.69075,-7.46134],[108.68875,-7.4625],[108.68408,-7.46067],[108.68061,-7.4646],[108.66963,-7.46093],[108.66759,-7.46418],[108.66304,-7.46537],[108.6624,-7.4695],[108.64872,-7.46789],[108.64819,-7.4784],[108.64619,-7.47949],[108.6477,-7.48235],[108.65158,-7.48302],[108.65105,-7.48719],[108.65611,-7.49117],[108.6569,-7.50027],[108.65924,-7.50384],[108.65966,-7.51278],[108.65799,-7.5138],[108.65758,-7.52148],[108.65343,-7.52715],[108.6524,-7.53322],[108.64992,-7.53441],[108.64661,-7.54028],[108.63627,-7.54245],[108.6327,-7.54478],[108.62816,-7.54479],[108.62565,-7.54883],[108.61859,-7.55421],[108.60856,-7.55476],[108.59879,-7.56156],[108.59144,-7.56268],[108.5903,-7.56417],[108.58353,-7.56281],[108.57563,-7.56661],[108.56109,-7.56648],[108.553,-7.57431],[108.54259,-7.57165],[108.53384,-7.57469],[108.52778,-7.57392],[108.52367,-7.56785],[108.52444,-7.56437],[108.52171,-7.55802],[108.52315,-7.55175],[108.5216,-7.55107],[108.5233,-7.54846],[108.52127,-7.54487],[108.52438,-7.54098],[108.52629,-7.54173],[108.52769,-7.53804],[108.53464,-7.53573],[108.52702,-7.52687],[108.51971,-7.52354],[108.50967,-7.52695],[108.50618,-7.52567],[108.50158,-7.52763],[108.50112,-7.52928],[108.49783,-7.52877],[108.49776,-7.531],[108.49433,-7.53152],[108.48539,-7.52849],[108.47538,-7.52147],[108.46485,-7.51663],[108.45806,-7.51616],[108.45308,-7.50359],[108.4474,-7.50276],[108.44381,-7.5046],[108.43362,-7.50503],[108.42708,-7.50057],[108.44257,-7.48834],[108.43914,-7.48981],[108.43364,-7.48978],[108.43207,-7.48839],[108.42981,-7.48962],[108.42543,-7.48628],[108.42471,-7.48414],[108.4287,-7.47859],[108.42769,-7.46193],[108.42348,-7.45226],[108.42061,-7.42308],[108.41687,-7.42082],[108.40945,-7.42304],[108.40488,-7.42193],[108.39893,-7.41683],[108.39608,-7.40879],[108.40019,-7.38926],[108.41494,-7.37703],[108.40775,-7.37069],[108.40798,-7.36526],[108.40574,-7.36033],[108.402,-7.36269],[108.39836,-7.3613],[108.39591,-7.36206],[108.39297,-7.35913],[108.39051,-7.3615],[108.38876,-7.35844],[108.38611,-7.35855],[108.38503,-7.35638],[108.38228,-7.35722],[108.38059,-7.35547],[108.37885,-7.35674],[108.3795,-7.35889],[108.37369,-7.35982],[108.37284,-7.35786],[108.36818,-7.35692],[108.36274,-7.35226],[108.36088,-7.35343],[108.35553,-7.35233],[108.35481,-7.35428],[108.34747,-7.354],[108.34219,-7.3558],[108.33999,-7.35002],[108.33794,-7.34926],[108.3373,-7.34514],[108.33515,-7.34713],[108.3315,-7.34619],[108.33156,-7.34834],[108.33017,-7.34889],[108.33024,-7.34688],[108.32635,-7.34535],[108.32729,-7.3438],[108.32462,-7.3429],[108.32353,-7.3394],[108.31149,-7.33955],[108.31094,-7.33719],[108.30645,-7.33444],[108.29972,-7.3355],[108.30072,-7.33257],[108.29882,-7.33177],[108.2975,-7.33419],[108.29515,-7.33227],[108.28819,-7.33583],[108.28736,-7.33355],[108.28437,-7.33611],[108.28148,-7.33327],[108.27804,-7.3345],[108.27853,-7.3328],[108.27511,-7.33002],[108.27648,-7.32954],[108.2743,-7.32346],[108.27242,-7.3239],[108.26919,-7.31876]]]}},{"type":"Feature","properties":{"n":"Kota Magelang","p":"Jawa Tengah"},"geometry":{"type":"Polygon","coordinates":[[[110.22372,-7.50315],[110.21952,-7.50586],[110.22025,-7.50387],[110.21769,-7.50344],[110.21811,-7.5016],[110.21488,-7.50224],[110.21248,-7.50603],[110.20645,-7.50398],[110.20193,-7.49897],[110.206,-7.49241],[110.20193,-7.49155],[110.20052,-7.49401],[110.19889,-7.49303],[110.19999,-7.4894],[110.20152,-7.49013],[110.20529,-7.48703],[110.20748,-7.48161],[110.20574,-7.48],[110.20634,-7.4767],[110.20839,-7.47654],[110.20987,-7.47385],[110.20868,-7.47197],[110.21186,-7.4622],[110.21,-7.45979],[110.21218,-7.45545],[110.21172,-7.45317],[110.21405,-7.45092],[110.21187,-7.4464],[110.21464,-7.44391],[110.21924,-7.44448],[110.21802,-7.44014],[110.21878,-7.43868],[110.22353,-7.43863],[110.22247,-7.43578],[110.22345,-7.43351],[110.23083,-7.43536],[110.23101,-7.43715],[110.22864,-7.43697],[110.22754,-7.43988],[110.23156,-7.44398],[110.22784,-7.44933],[110.22826,-7.45344],[110.23006,-7.45534],[110.22874,-7.4571],[110.23013,-7.46105],[110.22864,-7.461],[110.22875,-7.46421],[110.22737,-7.46533],[110.22885,-7.46586],[110.22733,-7.46637],[110.23277,-7.47936],[110.23463,-7.48004],[110.2344,-7.48301],[110.23637,-7.48396],[110.23524,-7.48561],[110.23724,-7.48795],[110.23562,-7.48947],[110.23748,-7.49335],[110.23697,-7.49589],[110.23362,-7.49861],[110.23666,-7.50421],[110.23412,-7.50532],[110.22372,-7.50315]]]}},{"type":"Feature","properties":{"n":"Malang","p":"Jawa Timur"},"geometry":{"type":"MultiPolygon","coordinates":[[[[112.44483,-8.40048],[112.44524,-8.40028],[112.44521,-8.4006],[112.44483,-8.40048]]],[[[112.45575,-8.39896],[112.45544,-8.39838],[112.45585,-8.39841],[112.45575,-8.39896]]],[[[112.44581,-8.39805],[112.44677,-8.39784],[112.44616,-8.39844],[112.44581,-8.39805]]],[[[112.44909,-8.39601],[112.44928,-8.39651],[112.44906,-8.39646],[112.44909,-8.39601]]],[[[112.47694,-8.39606],[112.4771,-8.39581],[112.47708,-8.39612],[112.47694,-8.39606]]],[[[112.463,-8.39581],[112.46291,-8.39574],[112.46303,-8.39574],[112.463,-8.39581]]],[[[112.42452,-8.38972],[112.42483,-8.38989],[112.42442,-8.3901],[112.42452,-8.38972]]],[[[112.42503,-8.3874],[112.42513,-8.38858],[112.42463,-8.38823],[112.42503,-8.3874]]],[[[112.42381,-8.38712],[112.42354,-8.38722],[112.42345,-8.38717],[112.42381,-8.38712]]],[[[112.42428,-8.38697],[112.42421,-8.38726],[112.42401,-8.3871],[112.42428,-8.38697]]],[[[112.39608,-8.37991],[112.39616,-8.38023],[112.39591,-8.38015],[112.39608,-8.37991]]],[[[112.37368,-8.37875],[112.37352,-8.37887],[112.37353,-8.37871],[112.37368,-8.37875]]],[[[112.37448,-8.3774],[112.37431,-8.37716],[112.37457,-8.3771],[112.37448,-8.3774]]],[[[112.46441,-8.39521],[112.46444,-8.39641],[112.46298,-8.39561],[112.45742,-8.3958],[112.45644,-8.39727],[112.45289,-8.39738],[112.45247,-8.39479],[112.45122,-8.39483],[112.44331,-8.39821],[112.43964,-8.39393],[112.43856,-8.39448],[112.43879,-8.39286],[112.43703,-8.3936],[112.43794,-8.39207],[112.43485,-8.38864],[112.42654,-8.38894],[112.42536,-8.38516],[112.42224,-8.38556],[112.42424,-8.38327],[112.42147,-8.38321],[112.42079,-8.38112],[112.41037,-8.37901],[112.40789,-8.3799],[112.40656,-8.37856],[112.4037,-8.37963],[112.40311,-8.37841],[112.39906,-8.37854],[112.39858,-8.37999],[112.39471,-8.37894],[112.39409,-8.3803],[112.39287,-8.37912],[112.39453,-8.37668],[112.3924,-8.37653],[112.392,-8.37349],[112.38885,-8.37481],[112.38808,-8.37204],[112.38312,-8.37605],[112.37235,-8.3748],[112.37369,-8.37288],[112.37016,-8.36951],[112.36498,-8.35239],[112.3599,-8.34841],[112.36307,-8.34048],[112.36222,-8.33779],[112.36424,-8.32839],[112.37015,-8.32352],[112.37064,-8.31257],[112.37636,-8.30872],[112.37817,-8.29876],[112.38108,-8.29699],[112.38521,-8.2876],[112.38843,-8.28529],[112.38324,-8.26646],[112.38212,-8.24526],[112.38054,-8.24133],[112.37814,-8.24011],[112.37886,-8.23752],[112.38438,-8.23836],[112.38766,-8.23621],[112.38941,-8.2308],[112.38924,-8.21524],[112.3863,-8.21384],[112.38295,-8.20785],[112.38516,-8.20578],[112.38481,-8.19993],[112.38223,-8.1947],[112.38271,-8.19125],[112.3672,-8.18347],[112.36681,-8.17488],[112.3728,-8.16998],[112.38014,-8.17052],[112.38327,-8.16902],[112.38937,-8.16255],[112.39206,-8.16176],[112.39583,-8.16482],[112.41186,-8.16033],[112.41553,-8.16635],[112.4177,-8.15975],[112.42228,-8.15801],[112.42532,-8.15965],[112.43065,-8.15893],[112.43636,-8.15468],[112.44017,-8.14882],[112.44417,-8.14919],[112.45353,-8.14411],[112.45462,-8.14173],[112.45349,-8.13339],[112.45777,-8.12647],[112.45674,-8.12288],[112.45916,-8.11494],[112.45759,-8.10954],[112.45595,-8.11001],[112.45427,-8.10671],[112.45457,-8.09975],[112.45318,-8.09782],[112.45488,-8.09324],[112.4541,-8.08788],[112.45679,-8.08101],[112.45533,-8.07841],[112.45686,-8.07789],[112.45577,-8.07661],[112.45704,-8.07621],[112.45665,-8.07259],[112.45814,-8.07082],[112.45781,-8.06751],[112.45425,-8.06381],[112.45512,-8.0593],[112.45343,-8.05695],[112.45546,-8.05626],[112.45798,-8.04472],[112.46577,-8.03102],[112.4664,-8.0249],[112.4745,-8.0138],[112.47297,-8.00293],[112.46838,-7.99942],[112.47188,-7.98323],[112.47691,-7.97534],[112.47799,-7.96609],[112.47268,-7.96151],[112.47095,-7.9575],[112.46529,-7.95595],[112.46425,-7.95158],[112.46789,-7.94708],[112.46031,-7.93942],[112.45214,-7.92651],[112.44503,-7.93219],[112.43225,-7.93033],[112.42045,-7.94243],[112.40721,-7.95026],[112.38336,-7.95292],[112.37051,-7.95722],[112.36524,-7.95536],[112.36268,-7.9562],[112.36417,-7.95383],[112.36337,-7.95109],[112.35558,-7.94541],[112.3392,-7.94443],[112.31748,-7.93158],[112.31394,-7.93129],[112.31339,-7.92902],[112.31116,-7.92826],[112.30913,-7.93095],[112.30658,-7.9293],[112.31023,-7.92772],[112.31349,-7.9217],[112.31352,-7.90825],[112.31195,-7.90472],[112.31783,-7.89564],[112.32326,-7.8922],[112.32604,-7.87349],[112.32257,-7.86553],[112.3182,-7.86147],[112.31902,-7.85734],[112.32125,-7.85545],[112.32031,-7.85009],[112.31731,-7.84686],[112.31935,-7.83908],[112.31558,-7.8375],[112.30763,-7.83892],[112.30951,-7.83398],[112.30664,-7.82848],[112.30804,-7.82348],[112.30527,-7.81222],[112.30686,-7.79928],[112.30174,-7.79323],[112.30038,-7.78927],[112.29607,-7.7889],[112.29269,-7.78128],[112.28802,-7.77908],[112.28887,-7.77585],[112.28751,-7.77138],[112.29209,-7.76863],[112.29941,-7.76939],[112.30058,-7.77168],[112.30635,-7.77278],[112.30684,-7.77486],[112.3109,-7.77498],[112.31046,-7.77675],[112.32864,-7.77729],[112.33706,-7.77394],[112.33936,-7.77444],[112.33965,-7.76805],[112.34647,-7.76551],[112.34946,-7.76156],[112.35757,-7.76626],[112.36676,-7.76838],[112.37196,-7.77617],[112.38186,-7.7849],[112.38902,-7.78293],[112.39622,-7.78539],[112.40049,-7.78112],[112.40572,-7.78051],[112.41161,-7.77661],[112.41747,-7.76435],[112.43021,-7.77079],[112.43629,-7.76536],[112.44248,-7.77621],[112.45562,-7.77922],[112.46303,-7.76903],[112.47856,-7.7679],[112.48382,-7.76429],[112.48875,-7.76452],[112.49162,-7.77688],[112.49138,-7.78574],[112.49776,-7.79629],[112.49762,-7.80722],[112.49961,-7.81566],[112.49893,-7.82125],[112.49365,-7.82753],[112.49673,-7.83642],[112.49296,-7.84548],[112.49462,-7.85399],[112.49185,-7.8551],[112.48983,-7.85897],[112.48681,-7.85867],[112.48872,-7.86127],[112.48778,-7.87759],[112.47892,-7.88624],[112.47734,-7.89202],[112.47805,-7.89765],[112.48291,-7.90569],[112.48146,-7.90885],[112.48372,-7.91373],[112.48199,-7.92021],[112.48405,-7.92418],[112.47463,-7.93937],[112.48445,-7.93124],[112.49895,-7.93198],[112.52242,-7.92768],[112.5266,-7.92542],[112.54139,-7.92631],[112.5415,-7.923],[112.54912,-7.92205],[112.54911,-7.92069],[112.55183,-7.91926],[112.5541,-7.92025],[112.55543,-7.91813],[112.55723,-7.91903],[112.56301,-7.91382],[112.56711,-7.91291],[112.57491,-7.91476],[112.57503,-7.91805],[112.58017,-7.91752],[112.58007,-7.91188],[112.58247,-7.90932],[112.5894,-7.90669],[112.59161,-7.90818],[112.59505,-7.90595],[112.59558,-7.90301],[112.58334,-7.88847],[112.57569,-7.88671],[112.57247,-7.88918],[112.56435,-7.87948],[112.56586,-7.85827],[112.56477,-7.85288],[112.56547,-7.85098],[112.56789,-7.85033],[112.5692,-7.84656],[112.56921,-7.83786],[112.57331,-7.82632],[112.57192,-7.82498],[112.57167,-7.81714],[112.57827,-7.80658],[112.57767,-7.79952],[112.58037,-7.78819],[112.58471,-7.78055],[112.58285,-7.77825],[112.58339,-7.77091],[112.58739,-7.76626],[112.59276,-7.76476],[112.60431,-7.77107],[112.6152,-7.78692],[112.61976,-7.78977],[112.62843,-7.79147],[112.63139,-7.79364],[112.63245,-7.7976],[112.63639,-7.79782],[112.64202,-7.79504],[112.6542,-7.79697],[112.65367,-7.80062],[112.65661,-7.80064],[112.66143,-7.80593],[112.66947,-7.80684],[112.68089,-7.8117],[112.69561,-7.8144],[112.69829,-7.81672],[112.70472,-7.81707],[112.70742,-7.81825],[112.70622,-7.82213],[112.71111,-7.82392],[112.71144,-7.81899],[112.71583,-7.82095],[112.72002,-7.81864],[112.73289,-7.81808],[112.73308,-7.82258],[112.73914,-7.82394],[112.73765,-7.83397],[112.73904,-7.8386],[112.74431,-7.84192],[112.74604,-7.84591],[112.74937,-7.84829],[112.7497,-7.85094],[112.76001,-7.85436],[112.76232,-7.85966],[112.76098,-7.86373],[112.76198,-7.8761],[112.76571,-7.87558],[112.77488,-7.8702],[112.77939,-7.87239],[112.78073,-7.87404],[112.77732,-7.87979],[112.78005,-7.89155],[112.78498,-7.89736],[112.78367,-7.90027],[112.78816,-7.90422],[112.79,-7.91029],[112.79678,-7.91762],[112.8018,-7.91971],[112.80551,-7.92549],[112.8147,-7.92834],[112.8216,-7.92809],[112.82336,-7.92998],[112.82327,-7.93272],[112.82804,-7.93575],[112.84053,-7.93868],[112.85319,-7.93375],[112.8552,-7.93521],[112.85655,-7.93974],[112.86957,-7.9468],[112.87368,-7.94547],[112.88084,-7.94721],[112.88498,-7.95235],[112.89736,-7.94678],[112.90392,-7.94698],[112.90646,-7.95271],[112.91083,-7.95414],[112.91285,-7.95673],[112.91539,-7.95135],[112.92136,-7.95489],[112.93521,-7.95601],[112.92706,-7.9605],[112.92614,-7.96648],[112.93465,-7.97318],[112.94512,-7.97514],[112.94566,-7.97974],[112.94073,-7.98194],[112.94237,-7.98701],[112.93889,-7.99451],[112.93864,-7.99915],[112.9366,-7.99863],[112.93276,-8.00066],[112.93028,-7.99869],[112.92505,-8.00079],[112.93101,-8.00568],[112.93069,-8.01226],[112.93341,-8.01253],[112.93342,-8.01453],[112.92771,-8.01872],[112.92256,-8.032],[112.91562,-8.03234],[112.91357,-8.03661],[112.91055,-8.03863],[112.90818,-8.04232],[112.90908,-8.05172],[112.90279,-8.0565],[112.90013,-8.06186],[112.90164,-8.07306],[112.90539,-8.08089],[112.90908,-8.08228],[112.91342,-8.08073],[112.91625,-8.08698],[112.92034,-8.08786],[112.92206,-8.10888],[112.92348,-8.108],[112.92594,-8.11044],[112.92661,-8.11415],[112.9204,-8.12173],[112.92018,-8.13969],[112.91515,-8.15124],[112.91578,-8.15846],[112.9117,-8.16345],[112.91299,-8.16634],[112.90879,-8.179],[112.90904,-8.18292],[112.9059,-8.18661],[112.90421,-8.19221],[112.90703,-8.19672],[112.90605,-8.2001],[112.90908,-8.20096],[112.90987,-8.20493],[112.91279,-8.20838],[112.91207,-8.21085],[112.91393,-8.21393],[112.91266,-8.21969],[112.91671,-8.22215],[112.91547,-8.22709],[112.91717,-8.23257],[112.9227,-8.23971],[112.92127,-8.24233],[112.92227,-8.24544],[112.92016,-8.24534],[112.92013,-8.2501],[112.91778,-8.25438],[112.9174,-8.26017],[112.91262,-8.26476],[112.91188,-8.27051],[112.91455,-8.27765],[112.91375,-8.28158],[112.92204,-8.29222],[112.92358,-8.29987],[112.92637,-8.30409],[112.92957,-8.30744],[112.93742,-8.31051],[112.94096,-8.31516],[112.9407,-8.31861],[112.93635,-8.32331],[112.93751,-8.33491],[112.93858,-8.33818],[112.94715,-8.34275],[112.94799,-8.34504],[112.94585,-8.35035],[112.94643,-8.35392],[112.9491,-8.35587],[112.94663,-8.36019],[112.94698,-8.36374],[112.94759,-8.36327],[112.94802,-8.36355],[112.94551,-8.36402],[112.94495,-8.37023],[112.93966,-8.3722],[112.94014,-8.37397],[112.94329,-8.37443],[112.93922,-8.37569],[112.93777,-8.38165],[112.93601,-8.38209],[112.93553,-8.38059],[112.93488,-8.38303],[112.93296,-8.38033],[112.9306,-8.3821],[112.93221,-8.38824],[112.9289,-8.38504],[112.92789,-8.38856],[112.92896,-8.39035],[112.92623,-8.38825],[112.92382,-8.38976],[112.92237,-8.38885],[112.92222,-8.39228],[112.91481,-8.3938],[112.9157,-8.39786],[112.91125,-8.39913],[112.91136,-8.39263],[112.90551,-8.39308],[112.90541,-8.38845],[112.90805,-8.38517],[112.90771,-8.38345],[112.90493,-8.38095],[112.89858,-8.38074],[112.89598,-8.38181],[112.8961,-8.38522],[112.8927,-8.38887],[112.89935,-8.39711],[112.89827,-8.40207],[112.89665,-8.40083],[112.8954,-8.40216],[112.88507,-8.40216],[112.88521,-8.40368],[112.88373,-8.40297],[112.8813,-8.40614],[112.87908,-8.40558],[112.87679,-8.40885],[112.87642,-8.40684],[112.87174,-8.40845],[112.8716,-8.40518],[112.86937,-8.40737],[112.86813,-8.40623],[112.86759,-8.40324],[112.8695,-8.40192],[112.86697,-8.40105],[112.86574,-8.39644],[112.86321,-8.39422],[112.85832,-8.40202],[112.85905,-8.3993],[112.85665,-8.4002],[112.85602,-8.40255],[112.85422,-8.39977],[112.84746,-8.40544],[112.8438,-8.40045],[112.84822,-8.39343],[112.85145,-8.39136],[112.85099,-8.3882],[112.84607,-8.38788],[112.8482,-8.37761],[112.84457,-8.37646],[112.83942,-8.38583],[112.8402,-8.38315],[112.83795,-8.38173],[112.83756,-8.37886],[112.83886,-8.37801],[112.83729,-8.37461],[112.83882,-8.3723],[112.83334,-8.3686],[112.83122,-8.36884],[112.82649,-8.37257],[112.82009,-8.37296],[112.82103,-8.37892],[112.81911,-8.37789],[112.81703,-8.37964],[112.81735,-8.38204],[112.81593,-8.38309],[112.81791,-8.38436],[112.81553,-8.38676],[112.81917,-8.39184],[112.81262,-8.40138],[112.81103,-8.4014],[112.80943,-8.3965],[112.80833,-8.3981],[112.80764,-8.39617],[112.80462,-8.39686],[112.80417,-8.39534],[112.80349,-8.39927],[112.80201,-8.39711],[112.80017,-8.39799],[112.80158,-8.40235],[112.79911,-8.4048],[112.79299,-8.4024],[112.79247,-8.40315],[112.79226,-8.40071],[112.78815,-8.3976],[112.78317,-8.39729],[112.78539,-8.39134],[112.78338,-8.38684],[112.77365,-8.38592],[112.77007,-8.38699],[112.76821,-8.39189],[112.76634,-8.39234],[112.76584,-8.39833],[112.76805,-8.40189],[112.76744,-8.40612],[112.76559,-8.40735],[112.76608,-8.41201],[112.76442,-8.41207],[112.76539,-8.40894],[112.76424,-8.40772],[112.75978,-8.41129],[112.75501,-8.41076],[112.75374,-8.41245],[112.7572,-8.41852],[112.75686,-8.42085],[112.75444,-8.42163],[112.7502,-8.41455],[112.74448,-8.41758],[112.74268,-8.4248],[112.74078,-8.41998],[112.74118,-8.4166],[112.73943,-8.41582],[112.73233,-8.41768],[112.73015,-8.41969],[112.7263,-8.41652],[112.71546,-8.42057],[112.71537,-8.41827],[112.7087,-8.41753],[112.70361,-8.42082],[112.70048,-8.42591],[112.69302,-8.42589],[112.6914,-8.42784],[112.69132,-8.42643],[112.69078,-8.42635],[112.69072,-8.42827],[112.68406,-8.43212],[112.6845,-8.43383],[112.67967,-8.43655],[112.67162,-8.44508],[112.66769,-8.44074],[112.66609,-8.4439],[112.66301,-8.44321],[112.66141,-8.44598],[112.65891,-8.44508],[112.65158,-8.44855],[112.64927,-8.44646],[112.64842,-8.44726],[112.64863,-8.4452],[112.64289,-8.44237],[112.6409,-8.43524],[112.63289,-8.4296],[112.62422,-8.42841],[112.62175,-8.42973],[112.62182,-8.43232],[112.62061,-8.43058],[112.61818,-8.43409],[112.61588,-8.43381],[112.61689,-8.43272],[112.61518,-8.4317],[112.61506,-8.4265],[112.6107,-8.42118],[112.59629,-8.41784],[112.59609,-8.41636],[112.58631,-8.41816],[112.58632,-8.41685],[112.57927,-8.41448],[112.57971,-8.41339],[112.57682,-8.41201],[112.57761,-8.41008],[112.57328,-8.40743],[112.56824,-8.40771],[112.56791,-8.40576],[112.56048,-8.40318],[112.55287,-8.40174],[112.54681,-8.40552],[112.54557,-8.40322],[112.52898,-8.40196],[112.52674,-8.40493],[112.52468,-8.40292],[112.52241,-8.4047],[112.52222,-8.39807],[112.51632,-8.39547],[112.51521,-8.39759],[112.5127,-8.39661],[112.51124,-8.39774],[112.51034,-8.39539],[112.50601,-8.40349],[112.50451,-8.40207],[112.50468,-8.40398],[112.50267,-8.40456],[112.50345,-8.40365],[112.50146,-8.40336],[112.50059,-8.40136],[112.49613,-8.40075],[112.49525,-8.40264],[112.49382,-8.39972],[112.49319,-8.40206],[112.4922,-8.40034],[112.4908,-8.40159],[112.48979,-8.39969],[112.4871,-8.39981],[112.48386,-8.39763],[112.48446,-8.39637],[112.47964,-8.39446],[112.47667,-8.39501],[112.47105,-8.39283],[112.46868,-8.39506],[112.46441,-8.39521]],[[112.6502,-7.91699],[112.64707,-7.91753],[112.64495,-7.91364],[112.63998,-7.92157],[112.63021,-7.91085],[112.62453,-7.91125],[112.62471,-7.91368],[112.62146,-7.91689],[112.61847,-7.91711],[112.61736,-7.9193],[112.60977,-7.91791],[112.61114,-7.91991],[112.60995,-7.9224],[112.61254,-7.92525],[112.60147,-7.92114],[112.60003,-7.92401],[112.60009,-7.92249],[112.59727,-7.92288],[112.59626,-7.92034],[112.59206,-7.9175],[112.59377,-7.91933],[112.5934,-7.92333],[112.59613,-7.92277],[112.60004,-7.92626],[112.59737,-7.93105],[112.59909,-7.93558],[112.5982,-7.93725],[112.57385,-7.93538],[112.57065,-7.93599],[112.56895,-7.93895],[112.58047,-7.9437],[112.58195,-7.94524],[112.58105,-7.94976],[112.58852,-7.95046],[112.5891,-7.95416],[112.599,-7.95854],[112.59805,-7.96318],[112.60275,-7.96751],[112.60084,-7.96842],[112.60333,-7.97053],[112.59927,-7.97344],[112.59189,-7.97283],[112.59111,-7.97406],[112.59104,-7.97609],[112.59749,-7.97909],[112.59683,-7.98038],[112.59826,-7.98102],[112.59687,-7.98379],[112.59529,-7.98168],[112.59179,-7.984],[112.57928,-7.97902],[112.57647,-7.98375],[112.58275,-7.98705],[112.58826,-7.98502],[112.5915,-7.98597],[112.58924,-7.99234],[112.5953,-7.99386],[112.59971,-7.99747],[112.60027,-7.99521],[112.6014,-7.99551],[112.59736,-8.00597],[112.60435,-8.00892],[112.60687,-8.01116],[112.60648,-8.01345],[112.61215,-8.01346],[112.61463,-8.00886],[112.61866,-8.01099],[112.6181,-8.0165],[112.61377,-8.01924],[112.61371,-8.02111],[112.61854,-8.02321],[112.61768,-8.02681],[112.62471,-8.02946],[112.63087,-8.03496],[112.63169,-8.04599],[112.64227,-8.0498],[112.64545,-8.04815],[112.64584,-8.05157],[112.64766,-8.04842],[112.65173,-8.05013],[112.65244,-8.04777],[112.65468,-8.04909],[112.65615,-8.04465],[112.66006,-8.04414],[112.66181,-8.03962],[112.66522,-8.04075],[112.66977,-8.03216],[112.67153,-8.03056],[112.67315,-8.03137],[112.67681,-8.02565],[112.67244,-8.02322],[112.67338,-8.01737],[112.67208,-8.009],[112.67879,-8.01038],[112.67914,-8.00576],[112.68315,-8.00546],[112.68987,-7.99373],[112.69377,-7.9817],[112.69037,-7.98019],[112.69006,-7.97557],[112.6845,-7.97468],[112.67877,-7.97659],[112.67559,-7.97458],[112.67648,-7.97225],[112.6702,-7.97119],[112.66803,-7.96899],[112.66674,-7.97069],[112.66319,-7.97101],[112.66369,-7.96819],[112.65741,-7.96517],[112.66202,-7.9587],[112.66362,-7.95883],[112.66392,-7.94816],[112.66605,-7.94607],[112.66714,-7.94895],[112.66889,-7.94624],[112.66481,-7.9409],[112.66584,-7.93938],[112.66247,-7.93217],[112.66288,-7.92691],[112.64984,-7.91938],[112.6502,-7.91699]]],[[[112.5216,-8.40583],[112.52104,-8.40523],[112.52169,-8.40542],[112.5216,-8.40583]]],[[[112.52985,-8.40489],[112.52958,-8.40513],[112.52978,-8.40486],[112.52985,-8.40489]]],[[[112.52089,-8.40394],[112.52168,-8.40361],[112.52174,-8.40369],[112.52089,-8.40394]]],[[[112.5299,-8.40335],[112.53011,-8.40419],[112.52966,-8.40412],[112.5299,-8.40335]]],[[[112.53338,-8.40354],[112.5337,-8.40365],[112.53351,-8.40382],[112.53338,-8.40354]]],[[[112.49758,-8.40291],[112.49735,-8.40349],[112.49722,-8.40338],[112.49758,-8.40291]]],[[[112.49379,-8.4021],[112.49421,-8.40279],[112.49371,-8.40277],[112.49379,-8.4021]]],[[[112.52099,-8.40152],[112.52101,-8.40131],[112.52112,-8.40142],[112.52099,-8.40152]]],[[[112.48526,-8.39949],[112.48469,-8.40018],[112.48443,-8.39937],[112.48526,-8.39949]]],[[[112.52128,-8.39929],[112.5209,-8.39973],[112.52093,-8.3993],[112.52128,-8.39929]]],[[[112.51893,-8.39897],[112.5192,-8.39896],[112.51896,-8.3991],[112.51893,-8.39897]]],[[[112.51313,-8.39772],[112.51293,-8.39761],[112.51319,-8.39743],[112.51313,-8.39772]]],[[[112.51737,-8.39723],[112.51688,-8.39726],[112.5174,-8.39701],[112.51737,-8.39723]]],[[[112.51843,-8.39739],[112.5187,-8.39721],[112.51871,-8.3974],[112.51843,-8.39739]]],[[[112.48202,-8.39621],[112.48166,-8.39688],[112.48146,-8.39675],[112.48202,-8.39621]]],[[[112.59321,-8.41845],[112.59294,-8.41849],[112.59307,-8.41831],[112.59321,-8.41845]]],[[[112.59471,-8.41845],[112.59512,-8.41821],[112.59512,-8.41837],[112.59471,-8.41845]]],[[[112.5847,-8.4176],[112.58499,-8.41775],[112.58471,-8.41828],[112.5847,-8.4176]]],[[[112.64947,-8.4516],[112.64957,-8.45162],[112.64948,-8.45167],[112.64947,-8.4516]]],[[[112.64182,-8.45118],[112.64169,-8.45092],[112.64191,-8.45095],[112.64182,-8.45118]]],[[[112.65211,-8.45117],[112.65291,-8.45022],[112.65239,-8.45196],[112.65211,-8.45117]]],[[[112.64955,-8.44906],[112.64974,-8.44969],[112.6493,-8.44964],[112.64955,-8.44906]]],[[[112.65395,-8.44828],[112.65467,-8.44888],[112.65375,-8.44895],[112.65395,-8.44828]]],[[[112.6373,-8.44826],[112.63701,-8.44852],[112.63709,-8.44818],[112.6373,-8.44826]]],[[[112.6372,-8.44781],[112.63731,-8.4475],[112.63728,-8.44781],[112.6372,-8.44781]]],[[[112.64686,-8.44606],[112.64652,-8.44609],[112.64667,-8.44595],[112.64686,-8.44606]]],[[[112.6478,-8.44544],[112.64746,-8.4455],[112.64761,-8.44535],[112.6478,-8.44544]]],[[[112.6449,-8.44442],[112.64482,-8.44434],[112.64496,-8.44421],[112.6449,-8.44442]]],[[[112.64136,-8.44356],[112.64232,-8.44234],[112.64166,-8.44387],[112.64136,-8.44356]]],[[[112.62288,-8.44167],[112.62258,-8.44169],[112.62269,-8.44154],[112.62288,-8.44167]]],[[[112.62093,-8.44028],[112.6212,-8.44086],[112.62081,-8.44101],[112.62093,-8.44028]]],[[[112.64063,-8.44085],[112.64097,-8.44022],[112.64116,-8.44077],[112.64063,-8.44085]]],[[[112.61575,-8.43256],[112.61563,-8.43263],[112.61572,-8.43246],[112.61575,-8.43256]]],[[[112.67264,-8.4595],[112.67281,-8.45954],[112.67267,-8.4596],[112.67264,-8.4595]]],[[[112.67719,-8.45869],[112.677,-8.45833],[112.67728,-8.4583],[112.67719,-8.45869]]],[[[112.67778,-8.45747],[112.67789,-8.45801],[112.67736,-8.45816],[112.67778,-8.45747]]],[[[112.6813,-8.45698],[112.6807,-8.45745],[112.68123,-8.45666],[112.6813,-8.45698]]],[[[112.67942,-8.45666],[112.67986,-8.45625],[112.6799,-8.45682],[112.67942,-8.45666]]],[[[112.67937,-8.45554],[112.67891,-8.45553],[112.6791,-8.45527],[112.67937,-8.45554]]],[[[112.68197,-8.45564],[112.68182,-8.45528],[112.68201,-8.45524],[112.68197,-8.45564]]],[[[112.67631,-8.4551],[112.67639,-8.45478],[112.67652,-8.45485],[112.67631,-8.4551]]],[[[112.67837,-8.45491],[112.67857,-8.4547],[112.67868,-8.45497],[112.67837,-8.45491]]],[[[112.67712,-8.45338],[112.67795,-8.45319],[112.67672,-8.45491],[112.67712,-8.45338]]],[[[112.67851,-8.4536],[112.67873,-8.45386],[112.6785,-8.4538],[112.67851,-8.4536]]],[[[112.65545,-8.4522],[112.65511,-8.45209],[112.65552,-8.45176],[112.65545,-8.4522]]],[[[112.67769,-8.45125],[112.67746,-8.45225],[112.67678,-8.45225],[112.67769,-8.45125]]],[[[112.67904,-8.45164],[112.67855,-8.45134],[112.67902,-8.45121],[112.67904,-8.45164]]],[[[112.67251,-8.44971],[112.67262,-8.44938],[112.67267,-8.44964],[112.67251,-8.44971]]],[[[112.65611,-8.44701],[112.65604,-8.44689],[112.65614,-8.44693],[112.65611,-8.44701]]],[[[112.65962,-8.44655],[112.65944,-8.4473],[112.65936,-8.44729],[112.65962,-8.44655]]],[[[112.67778,-8.4471],[112.67777,-8.44669],[112.6779,-8.44691],[112.67778,-8.4471]]],[[[112.67034,-8.44611],[112.67067,-8.4454],[112.67085,-8.44608],[112.67034,-8.44611]]],[[[112.66812,-8.44595],[112.66893,-8.44465],[112.66941,-8.44533],[112.66812,-8.44595]]],[[[112.66411,-8.44472],[112.66477,-8.44516],[112.66462,-8.44551],[112.66411,-8.44472]]],[[[112.66712,-8.4426],[112.66716,-8.4428],[112.66701,-8.4427],[112.66712,-8.4426]]],[[[112.66831,-8.44277],[112.66817,-8.44234],[112.66842,-8.44245],[112.66831,-8.44277]]],[[[112.70609,-8.46375],[112.70544,-8.46389],[112.70616,-8.46372],[112.70609,-8.46375]]],[[[112.70483,-8.46345],[112.70452,-8.46343],[112.70474,-8.46327],[112.70483,-8.46345]]],[[[112.70117,-8.46318],[112.70032,-8.4625],[112.70118,-8.46215],[112.70117,-8.46318]]],[[[112.69935,-8.46141],[112.69789,-8.46266],[112.69919,-8.46121],[112.69935,-8.46141]]],[[[112.6919,-8.46095],[112.69158,-8.46081],[112.69173,-8.46058],[112.6919,-8.46095]]],[[[112.69617,-8.45994],[112.69646,-8.46146],[112.69593,-8.45996],[112.69617,-8.45994]]],[[[112.69153,-8.46044],[112.69162,-8.46004],[112.69184,-8.46034],[112.69153,-8.46044]]],[[[112.69527,-8.45891],[112.69467,-8.45915],[112.69467,-8.45882],[112.69527,-8.45891]]],[[[112.69298,-8.4592],[112.69252,-8.45882],[112.69263,-8.4583],[112.69298,-8.4592]]],[[[112.70566,-8.4311],[112.71243,-8.43425],[112.71232,-8.45854],[112.70915,-8.45861],[112.71006,-8.45939],[112.70734,-8.46038],[112.70847,-8.46137],[112.70714,-8.46355],[112.70474,-8.46219],[112.70372,-8.46385],[112.70048,-8.46077],[112.69752,-8.46128],[112.69542,-8.45798],[112.69154,-8.45794],[112.69204,-8.4562],[112.68845,-8.45802],[112.68877,-8.451],[112.68652,-8.45257],[112.68355,-8.45177],[112.68223,-8.45455],[112.68106,-8.45437],[112.6822,-8.45271],[112.68046,-8.4521],[112.6802,-8.45598],[112.67812,-8.44517],[112.68146,-8.43984],[112.68407,-8.44051],[112.68316,-8.43851],[112.68738,-8.43518],[112.69143,-8.43501],[112.69059,-8.43233],[112.69198,-8.43293],[112.69169,-8.43118],[112.69548,-8.42973],[112.70566,-8.4311]]],[[[112.73523,-8.4344],[112.73362,-8.43384],[112.73533,-8.43259],[112.73523,-8.4344]]],[[[112.73415,-8.4269],[112.73371,-8.42692],[112.73395,-8.42664],[112.73415,-8.4269]]],[[[112.75481,-8.42444],[112.75385,-8.42344],[112.7548,-8.42232],[112.75481,-8.42444]]],[[[112.7392,-8.41779],[112.739,-8.41827],[112.73872,-8.41793],[112.7392,-8.41779]]],[[[112.74627,-8.4178],[112.74594,-8.41772],[112.74624,-8.41738],[112.74627,-8.4178]]],[[[112.75058,-8.41721],[112.75092,-8.4172],[112.75073,-8.4174],[112.75058,-8.41721]]],[[[112.74863,-8.41626],[112.74898,-8.41593],[112.74869,-8.41627],[112.74863,-8.41626]]],[[[112.7983,-8.41244],[112.79768,-8.41333],[112.79617,-8.4134],[112.7983,-8.41244]]],[[[112.79921,-8.40931],[112.79945,-8.41081],[112.79816,-8.41069],[112.79525,-8.40754],[112.79921,-8.40931]]],[[[112.79335,-8.40322],[112.7939,-8.40394],[112.79403,-8.40509],[112.79335,-8.40322]]],[[[112.79892,-8.40818],[112.79854,-8.40851],[112.7985,-8.40821],[112.79892,-8.40818]]],[[[112.8484,-8.4067],[112.84768,-8.40691],[112.84796,-8.40626],[112.8484,-8.4067]]],[[[112.81002,-8.4022],[112.81064,-8.40226],[112.81025,-8.40268],[112.81002,-8.4022]]],[[[112.81253,-8.4018],[112.81258,-8.40166],[112.81265,-8.40179],[112.81253,-8.4018]]],[[[112.81597,-8.40005],[112.8162,-8.40054],[112.81597,-8.40055],[112.81597,-8.40005]]],[[[112.80964,-8.39986],[112.80949,-8.40028],[112.8093,-8.40038],[112.80964,-8.39986]]],[[[112.81775,-8.3952],[112.81818,-8.39561],[112.81817,-8.39599],[112.81775,-8.3952]]],[[[112.92613,-8.38911],[112.92694,-8.39041],[112.92654,-8.39062],[112.92613,-8.38911]]],[[[112.83599,-8.38378],[112.83646,-8.38307],[112.83616,-8.38412],[112.83599,-8.38378]]],[[[112.83858,-8.38312],[112.83833,-8.38312],[112.83849,-8.38291],[112.83858,-8.38312]]],[[[112.93299,-8.38364],[112.93168,-8.38297],[112.93264,-8.38215],[112.93299,-8.38364]]],[[[112.83668,-8.38278],[112.83644,-8.38266],[112.83655,-8.3826],[112.83668,-8.38278]]],[[[112.83738,-8.38235],[112.83738,-8.38273],[112.83707,-8.38232],[112.83738,-8.38235]]],[[[112.83751,-8.38196],[112.83795,-8.38242],[112.83775,-8.38259],[112.83751,-8.38196]]],[[[112.83649,-8.37536],[112.83682,-8.3744],[112.83695,-8.37441],[112.83649,-8.37536]]],[[[112.8254,-8.37292],[112.82523,-8.3734],[112.82496,-8.37318],[112.8254,-8.37292]]],[[[112.82683,-8.37285],[112.82653,-8.37306],[112.82641,-8.37299],[112.82683,-8.37285]]],[[[112.94594,-8.36645],[112.9469,-8.36631],[112.9464,-8.36714],[112.94594,-8.36645]]],[[[112.94774,-8.36548],[112.94751,-8.36591],[112.94731,-8.36562],[112.94774,-8.36548]]],[[[112.94812,-8.36276],[112.9478,-8.36282],[112.94804,-8.36263],[112.94812,-8.36276]]],[[[112.94988,-8.36069],[112.9498,-8.36081],[112.94982,-8.36067],[112.94988,-8.36069]]]]}},{"type":"Feature","properties":{"n":"Magelang","p":"Jawa Tengah"},"geometry":{"type":"Polygon","coordinates":[[[110.10739,-7.59292],[110.10281,-7.58976],[110.10187,-7.57703],[110.10044,-7.57581],[110.10291,-7.57223],[110.10169,-7.56961],[110.09417,-7.56569],[110.07975,-7.56906],[110.07467,-7.57647],[110.07307,-7.57303],[110.06782,-7.57098],[110.06527,-7.5713],[110.06443,-7.57331],[110.06252,-7.57211],[110.0597,-7.57549],[110.05588,-7.57033],[110.05904,-7.55932],[110.05717,-7.5564],[110.05536,-7.55648],[110.05353,-7.55265],[110.05105,-7.55166],[110.05245,-7.54814],[110.04403,-7.5376],[110.04429,-7.53475],[110.04579,-7.53453],[110.04433,-7.53091],[110.0451,-7.5288],[110.04346,-7.5275],[110.04443,-7.52013],[110.04606,-7.51959],[110.04907,-7.51377],[110.04699,-7.50966],[110.05012,-7.50747],[110.05057,-7.50541],[110.04859,-7.5027],[110.0539,-7.49276],[110.05188,-7.48252],[110.06496,-7.45951],[110.05905,-7.45234],[110.0602,-7.44557],[110.05884,-7.44287],[110.06003,-7.43854],[110.05866,-7.42816],[110.05955,-7.42182],[110.0641,-7.40472],[110.07273,-7.39037],[110.0743,-7.38514],[110.07813,-7.38206],[110.09035,-7.385],[110.10498,-7.38588],[110.12371,-7.38347],[110.13322,-7.38846],[110.13789,-7.38805],[110.14511,-7.38462],[110.15942,-7.38674],[110.17446,-7.3819],[110.18614,-7.38577],[110.18877,-7.38809],[110.19061,-7.38546],[110.19264,-7.38582],[110.19078,-7.38421],[110.19543,-7.38094],[110.20624,-7.3873],[110.20967,-7.39119],[110.21408,-7.39046],[110.21217,-7.3984],[110.21453,-7.40396],[110.21611,-7.39596],[110.22381,-7.39294],[110.22456,-7.38678],[110.22248,-7.38217],[110.22425,-7.38217],[110.22614,-7.38596],[110.22907,-7.38459],[110.22846,-7.38343],[110.23284,-7.38337],[110.23554,-7.37245],[110.25252,-7.37039],[110.25488,-7.38223],[110.25733,-7.38034],[110.2611,-7.38012],[110.26657,-7.38193],[110.26862,-7.38075],[110.27065,-7.37508],[110.28758,-7.363],[110.29242,-7.36204],[110.29567,-7.35933],[110.29881,-7.36],[110.30724,-7.35497],[110.30992,-7.35561],[110.3157,-7.35317],[110.32344,-7.34181],[110.31783,-7.3375],[110.31877,-7.33161],[110.32467,-7.32882],[110.32655,-7.32377],[110.33582,-7.32464],[110.33724,-7.32299],[110.34321,-7.32593],[110.35393,-7.32586],[110.36146,-7.33027],[110.37914,-7.33455],[110.3804,-7.33877],[110.37931,-7.34686],[110.38154,-7.35406],[110.38509,-7.35252],[110.39081,-7.35308],[110.40328,-7.36471],[110.40605,-7.38236],[110.40533,-7.38979],[110.4137,-7.40922],[110.41434,-7.41665],[110.4242,-7.42971],[110.42464,-7.434],[110.43196,-7.44583],[110.43935,-7.45358],[110.43426,-7.46505],[110.43543,-7.46955],[110.43261,-7.47653],[110.42618,-7.48171],[110.42396,-7.48675],[110.41656,-7.49533],[110.41114,-7.4965],[110.40794,-7.49928],[110.40529,-7.49715],[110.40254,-7.49904],[110.39857,-7.49777],[110.39542,-7.49862],[110.39503,-7.50082],[110.39355,-7.50029],[110.38835,-7.50703],[110.37713,-7.51212],[110.38208,-7.51418],[110.38701,-7.5133],[110.39324,-7.51542],[110.4049,-7.516],[110.4205,-7.52026],[110.42496,-7.52692],[110.43575,-7.53726],[110.44251,-7.5412],[110.44522,-7.54116],[110.4315,-7.55662],[110.41383,-7.57181],[110.40572,-7.57277],[110.39747,-7.58745],[110.39144,-7.59436],[110.37717,-7.60383],[110.36483,-7.61594],[110.34764,-7.62591],[110.33832,-7.62905],[110.33209,-7.63701],[110.3241,-7.64177],[110.3223,-7.64512],[110.30285,-7.65578],[110.30099,-7.66124],[110.28643,-7.67995],[110.28566,-7.68604],[110.28205,-7.68834],[110.28064,-7.69266],[110.2738,-7.70075],[110.27186,-7.70647],[110.26991,-7.70597],[110.27067,-7.70276],[110.26564,-7.691],[110.26074,-7.6875],[110.26114,-7.68473],[110.26454,-7.68151],[110.26295,-7.67958],[110.26699,-7.66471],[110.2665,-7.66238],[110.26323,-7.66082],[110.26404,-7.65252],[110.26619,-7.64961],[110.26369,-7.64618],[110.25123,-7.64197],[110.24998,-7.6453],[110.24328,-7.65245],[110.23876,-7.6533],[110.21491,-7.64586],[110.21249,-7.64649],[110.20874,-7.65145],[110.2025,-7.65392],[110.19877,-7.65313],[110.18939,-7.64565],[110.17039,-7.64856],[110.15066,-7.647],[110.14765,-7.65024],[110.14477,-7.65067],[110.14277,-7.64575],[110.13955,-7.64437],[110.13307,-7.63568],[110.12534,-7.63083],[110.12136,-7.62353],[110.12251,-7.62062],[110.12031,-7.60865],[110.11131,-7.5996],[110.10739,-7.59292]],[[110.23551,-7.48336],[110.22733,-7.46637],[110.22885,-7.46586],[110.22737,-7.46533],[110.22875,-7.46421],[110.22864,-7.461],[110.23013,-7.46105],[110.22874,-7.4571],[110.23006,-7.45534],[110.22826,-7.45344],[110.22784,-7.44933],[110.23156,-7.44398],[110.22754,-7.43988],[110.22864,-7.43697],[110.23101,-7.43715],[110.23083,-7.43536],[110.22345,-7.43351],[110.22247,-7.43578],[110.22353,-7.43863],[110.21878,-7.43868],[110.21802,-7.44014],[110.21924,-7.44448],[110.21464,-7.44391],[110.21187,-7.4464],[110.21405,-7.45092],[110.21172,-7.45317],[110.21218,-7.45545],[110.21,-7.45979],[110.21186,-7.4622],[110.20868,-7.47197],[110.20987,-7.47385],[110.20839,-7.47654],[110.20634,-7.4767],[110.20574,-7.48],[110.20748,-7.48161],[110.20529,-7.48703],[110.20152,-7.49013],[110.19999,-7.4894],[110.19889,-7.49303],[110.20052,-7.49401],[110.20193,-7.49155],[110.206,-7.49241],[110.20198,-7.49913],[110.20423,-7.50271],[110.2114,-7.50573],[110.21291,-7.50577],[110.21511,-7.50207],[110.21811,-7.5016],[110.21769,-7.50344],[110.22025,-7.50387],[110.21952,-7.50586],[110.22388,-7.50313],[110.23507,-7.50511],[110.23666,-7.50421],[110.2337,-7.49805],[110.2369,-7.49599],[110.23748,-7.49345],[110.23601,-7.49238],[110.23563,-7.48935],[110.23724,-7.48795],[110.23529,-7.48574],[110.23551,-7.48336]]]}},{"type":"Feature","properties":{"n":"Kota Surabaya","p":"Jawa Timur"},"geometry":{"type":"Polygon","coordinates":[[[112.69679,-7.34262],[112.67747,-7.35076],[112.66459,-7.35144],[112.66496,-7.34041],[112.66138,-7.33723],[112.65776,-7.3305],[112.65446,-7.33207],[112.65413,-7.334],[112.64819,-7.33347],[112.65099,-7.32517],[112.65089,-7.32145],[112.64831,-7.31899],[112.64924,-7.31456],[112.63626,-7.31281],[112.63097,-7.31414],[112.63072,-7.31314],[112.63052,-7.31437],[112.63049,-7.31307],[112.63008,-7.31461],[112.6273,-7.29865],[112.6278,-7.29058],[112.62528,-7.28964],[112.6253,-7.28601],[112.62178,-7.28216],[112.62736,-7.27347],[112.62911,-7.27362],[112.63034,-7.26671],[112.63311,-7.26419],[112.63106,-7.26277],[112.63064,-7.26004],[112.62514,-7.26071],[112.61834,-7.25772],[112.61838,-7.25568],[112.61407,-7.25464],[112.61465,-7.25097],[112.61264,-7.24969],[112.60763,-7.24796],[112.6056,-7.25071],[112.60185,-7.24655],[112.60617,-7.24138],[112.60719,-7.23723],[112.60459,-7.2329],[112.60004,-7.23236],[112.59695,-7.22347],[112.59177,-7.22347],[112.59011,-7.21515],[112.59044,-7.21404],[112.59425,-7.21543],[112.59579,-7.22098],[112.59922,-7.22331],[112.59753,-7.21945],[112.60113,-7.21619],[112.59608,-7.21614],[112.59473,-7.21458],[112.59794,-7.21236],[112.60091,-7.2129],[112.5986,-7.20726],[112.59617,-7.2066],[112.59745,-7.20396],[112.60162,-7.20256],[112.60524,-7.20766],[112.60799,-7.20234],[112.61034,-7.20799],[112.61281,-7.20553],[112.60987,-7.20187],[112.61354,-7.20085],[112.61511,-7.20229],[112.61527,-7.20773],[112.62028,-7.20172],[112.61965,-7.20768],[112.62094,-7.20866],[112.62444,-7.20746],[112.62583,-7.20331],[112.62508,-7.20091],[112.62153,-7.20101],[112.62729,-7.1961],[112.64006,-7.19245],[112.64759,-7.19525],[112.66226,-7.19315],[112.66387,-7.19401],[112.66524,-7.19881],[112.66088,-7.20348],[112.66007,-7.20781],[112.66229,-7.21014],[112.66775,-7.2047],[112.66757,-7.20272],[112.67645,-7.1953],[112.67527,-7.19235],[112.67746,-7.19039],[112.68204,-7.19433],[112.68143,-7.19842],[112.68021,-7.1992],[112.67666,-7.19618],[112.66913,-7.2038],[112.66996,-7.20494],[112.66788,-7.2048],[112.662,-7.2111],[112.66808,-7.2178],[112.66807,-7.21987],[112.67679,-7.22405],[112.67762,-7.22164],[112.67835,-7.22299],[112.67995,-7.22139],[112.68,-7.22365],[112.68505,-7.22564],[112.68946,-7.22368],[112.69886,-7.22293],[112.70308,-7.22027],[112.70755,-7.22532],[112.70939,-7.2249],[112.70848,-7.22217],[112.70988,-7.21819],[112.71413,-7.21634],[112.71555,-7.21332],[112.71295,-7.2075],[112.71525,-7.20826],[112.71896,-7.20681],[112.7222,-7.21122],[112.71766,-7.19904],[112.72006,-7.1986],[112.72625,-7.20958],[112.72441,-7.20328],[112.72548,-7.20268],[112.72865,-7.20911],[112.73046,-7.20874],[112.7298,-7.20711],[112.7327,-7.20663],[112.73212,-7.20137],[112.73058,-7.20033],[112.73198,-7.19972],[112.73143,-7.19854],[112.72435,-7.19972],[112.72362,-7.19803],[112.73427,-7.1963],[112.73721,-7.20926],[112.73573,-7.19596],[112.73778,-7.19626],[112.73831,-7.20368],[112.73975,-7.20292],[112.73898,-7.19876],[112.74063,-7.19841],[112.74089,-7.20278],[112.74465,-7.202],[112.74349,-7.19579],[112.73969,-7.19669],[112.73944,-7.19502],[112.74772,-7.19427],[112.74859,-7.19526],[112.74608,-7.19574],[112.7466,-7.19739],[112.75262,-7.19976],[112.75909,-7.19614],[112.76408,-7.19592],[112.7704,-7.1998],[112.77257,-7.20321],[112.77469,-7.20154],[112.77387,-7.20549],[112.77521,-7.20805],[112.77627,-7.20709],[112.78189,-7.21064],[112.78484,-7.21727],[112.78741,-7.21936],[112.78868,-7.22591],[112.79398,-7.2306],[112.79611,-7.2383],[112.7996,-7.24256],[112.80121,-7.24183],[112.80403,-7.25147],[112.80529,-7.24934],[112.81018,-7.25365],[112.81109,-7.25191],[112.8123,-7.25235],[112.81272,-7.25501],[112.81585,-7.25027],[112.81611,-7.25191],[112.8161,-7.24934],[112.82367,-7.25396],[112.82273,-7.25748],[112.8247,-7.25488],[112.83356,-7.2595],[112.83603,-7.26644],[112.84057,-7.27209],[112.83867,-7.27411],[112.84116,-7.27457],[112.84362,-7.27806],[112.84683,-7.28705],[112.84494,-7.2993],[112.8463,-7.30036],[112.84327,-7.30537],[112.84562,-7.30598],[112.84425,-7.31315],[112.83909,-7.32141],[112.83585,-7.32009],[112.8376,-7.32263],[112.83564,-7.32328],[112.83267,-7.32828],[112.83335,-7.33235],[112.82894,-7.33774],[112.82732,-7.34317],[112.81923,-7.34348],[112.81252,-7.34639],[112.79875,-7.3449],[112.79358,-7.34638],[112.78905,-7.34394],[112.78447,-7.34551],[112.77956,-7.34477],[112.77742,-7.34009],[112.77017,-7.33921],[112.76806,-7.34158],[112.76636,-7.33833],[112.75541,-7.33674],[112.75346,-7.34223],[112.74303,-7.34082],[112.74198,-7.3452],[112.73677,-7.3448],[112.73315,-7.34813],[112.72689,-7.34843],[112.71976,-7.34441],[112.71988,-7.34305],[112.71567,-7.34189],[112.71603,-7.33996],[112.70428,-7.33651],[112.69679,-7.34262]]]}},{"type":"Feature","properties":{"n":"Sampang","p":"Jawa Timur"},"geometry":{"type":"MultiPolygon","coordinates":[[[[113.14562,-7.21567],[113.14982,-7.21651],[113.15028,-7.22399],[113.1405,-7.22452],[113.13244,-7.22253],[113.10814,-7.22796],[113.10257,-7.22754],[113.10032,-7.22904],[113.08627,-7.2262],[113.08101,-7.22332],[113.07099,-7.22281],[113.05531,-7.2167],[113.04091,-7.21443],[113.04046,-7.21278],[113.04695,-7.19957],[113.05397,-7.19708],[113.0575,-7.19854],[113.06014,-7.19785],[113.06017,-7.18934],[113.05676,-7.18682],[113.05293,-7.18766],[113.04966,-7.18649],[113.04837,-7.18439],[113.04989,-7.17837],[113.05497,-7.17476],[113.0573,-7.16371],[113.06176,-7.16576],[113.06751,-7.1638],[113.0673,-7.16062],[113.07056,-7.15819],[113.07286,-7.1492],[113.08156,-7.15125],[113.08685,-7.1564],[113.09425,-7.15829],[113.09749,-7.15709],[113.0972,-7.15382],[113.09317,-7.15053],[113.09596,-7.14823],[113.09308,-7.13272],[113.09785,-7.12719],[113.10011,-7.12647],[113.10322,-7.12846],[113.10623,-7.12447],[113.10703,-7.12178],[113.10557,-7.11625],[113.10717,-7.1164],[113.10789,-7.11346],[113.10562,-7.1099],[113.10784,-7.10764],[113.1078,-7.11317],[113.10926,-7.11314],[113.11156,-7.11655],[113.11285,-7.11484],[113.1154,-7.116],[113.11379,-7.11236],[113.11456,-7.10764],[113.11259,-7.10595],[113.11351,-7.10418],[113.11585,-7.10455],[113.11547,-7.10161],[113.10938,-7.10051],[113.10814,-7.09752],[113.10842,-7.09548],[113.11204,-7.09449],[113.11065,-7.08583],[113.10783,-7.08101],[113.10996,-7.07849],[113.11191,-7.07987],[113.11492,-7.07904],[113.11482,-7.08095],[113.11688,-7.08146],[113.11814,-7.0795],[113.1198,-7.08068],[113.12196,-7.07458],[113.12003,-7.06767],[113.1158,-7.06386],[113.11731,-7.06147],[113.11233,-7.05802],[113.11297,-7.05199],[113.11059,-7.04786],[113.11207,-7.04391],[113.11029,-7.04233],[113.1117,-7.03443],[113.11034,-7.03014],[113.11146,-7.02912],[113.11432,-7.03202],[113.11742,-7.0318],[113.12793,-7.03656],[113.13281,-7.03282],[113.13404,-7.02883],[113.13244,-7.0267],[113.13448,-7.02207],[113.13635,-7.02199],[113.13717,-7.01657],[113.13917,-7.01663],[113.14233,-7.0114],[113.13942,-7.00948],[113.14048,-7.00759],[113.13852,-7.00527],[113.14079,-6.99976],[113.14624,-6.99791],[113.14745,-6.99003],[113.14184,-6.98954],[113.14183,-6.9858],[113.13651,-6.98223],[113.13614,-6.98009],[113.13456,-6.97867],[113.13042,-6.97925],[113.12838,-6.97686],[113.12589,-6.97706],[113.12179,-6.98556],[113.11256,-6.98347],[113.11044,-6.98711],[113.10724,-6.97915],[113.10925,-6.9741],[113.10664,-6.97297],[113.10664,-6.96896],[113.10514,-6.96901],[113.10259,-6.9641],[113.10161,-6.95998],[113.10373,-6.95677],[113.10182,-6.95801],[113.09936,-6.95726],[113.10163,-6.9531],[113.09968,-6.95152],[113.09734,-6.94284],[113.09606,-6.94258],[113.09595,-6.93781],[113.09701,-6.93572],[113.10026,-6.93824],[113.10444,-6.93749],[113.11301,-6.93213],[113.11486,-6.93355],[113.11794,-6.93298],[113.11904,-6.92564],[113.11631,-6.91783],[113.11807,-6.90857],[113.12088,-6.90549],[113.12665,-6.90615],[113.12867,-6.89802],[113.1244,-6.89509],[113.12469,-6.89296],[113.1293,-6.8916],[113.13612,-6.89446],[113.14941,-6.89114],[113.15934,-6.89444],[113.16749,-6.89025],[113.17924,-6.89397],[113.18783,-6.89432],[113.19008,-6.89295],[113.19862,-6.89742],[113.22318,-6.89301],[113.227,-6.89091],[113.23092,-6.89264],[113.23423,-6.89074],[113.24485,-6.89285],[113.25823,-6.88983],[113.27556,-6.89047],[113.2823,-6.89217],[113.29603,-6.88925],[113.31035,-6.89333],[113.32325,-6.88805],[113.35354,-6.89015],[113.37532,-6.88824],[113.37933,-6.88985],[113.38587,-6.88688],[113.39552,-6.88873],[113.40692,-6.88684],[113.41336,-6.8886],[113.41678,-6.88678],[113.43049,-6.88892],[113.43837,-6.88763],[113.4483,-6.88892],[113.45219,-6.89151],[113.46298,-6.89167],[113.48339,-6.89672],[113.48283,-6.9015],[113.47603,-6.90818],[113.47592,-6.91721],[113.47784,-6.92432],[113.47362,-6.92776],[113.47228,-6.93113],[113.47013,-6.9317],[113.46791,-6.92924],[113.46601,-6.93513],[113.4611,-6.9355],[113.459,-6.94489],[113.46,-6.95071],[113.45448,-6.95302],[113.44841,-6.95141],[113.44464,-6.95567],[113.43827,-6.95795],[113.43578,-6.96154],[113.4344,-6.96138],[113.43379,-6.96895],[113.42969,-6.97485],[113.42917,-6.98028],[113.42511,-6.9816],[113.4211,-6.98921],[113.42165,-6.99313],[113.42001,-6.99469],[113.42339,-6.99803],[113.42255,-7.00217],[113.42095,-7.00179],[113.42175,-7.0034],[113.41955,-7.00484],[113.41974,-7.00695],[113.42283,-7.00855],[113.42146,-7.01143],[113.41754,-7.013],[113.4169,-7.01663],[113.4141,-7.01775],[113.41315,-7.02025],[113.41037,-7.01889],[113.40265,-7.02811],[113.4001,-7.02985],[113.39698,-7.02827],[113.39243,-7.03454],[113.39716,-7.03919],[113.39523,-7.05167],[113.39724,-7.05681],[113.3921,-7.05684],[113.39555,-7.06243],[113.39528,-7.07067],[113.38973,-7.07623],[113.38423,-7.07815],[113.38023,-7.0774],[113.38117,-7.08076],[113.38687,-7.0844],[113.3846,-7.08886],[113.38046,-7.08987],[113.37818,-7.09372],[113.36725,-7.09803],[113.36327,-7.10158],[113.36277,-7.10686],[113.36487,-7.10915],[113.36964,-7.10993],[113.37003,-7.11233],[113.36662,-7.11727],[113.36794,-7.12124],[113.36646,-7.12531],[113.36721,-7.129],[113.36449,-7.13114],[113.36741,-7.13745],[113.36498,-7.13825],[113.36418,-7.14212],[113.36064,-7.14462],[113.36103,-7.15002],[113.36217,-7.15186],[113.36867,-7.15175],[113.37626,-7.14717],[113.37926,-7.1484],[113.38128,-7.1533],[113.3795,-7.15467],[113.37891,-7.16506],[113.38136,-7.17203],[113.38144,-7.17866],[113.37653,-7.18911],[113.37193,-7.19462],[113.3741,-7.19828],[113.37671,-7.19907],[113.37726,-7.20843],[113.37899,-7.21087],[113.38204,-7.20306],[113.3803,-7.1933],[113.38242,-7.18895],[113.38609,-7.18997],[113.38843,-7.19744],[113.39666,-7.19949],[113.39769,-7.20225],[113.39381,-7.20884],[113.39341,-7.21765],[113.36498,-7.21575],[113.36488,-7.2178],[113.36309,-7.21777],[113.36313,-7.21573],[113.35497,-7.21533],[113.35398,-7.21895],[113.34856,-7.21855],[113.34837,-7.21476],[113.33909,-7.21556],[113.32681,-7.21366],[113.31546,-7.21875],[113.27962,-7.21518],[113.27458,-7.21546],[113.26969,-7.2208],[113.26154,-7.22452],[113.22506,-7.21975],[113.19992,-7.22257],[113.19837,-7.22092],[113.18623,-7.22575],[113.17189,-7.22749],[113.1687,-7.22613],[113.16649,-7.22137],[113.16721,-7.21962],[113.16527,-7.21601],[113.16728,-7.21413],[113.16561,-7.2142],[113.1627,-7.20932],[113.15917,-7.20694],[113.15202,-7.20567],[113.15123,-7.20773],[113.14444,-7.21115],[113.14562,-7.21567]]],[[[113.20385,-7.30644],[113.21914,-7.30815],[113.22432,-7.31087],[113.22014,-7.31398],[113.21389,-7.31455],[113.20271,-7.31028],[113.20385,-7.30644]]]]}},{"type":"Feature","properties":{"n":"Banjarnegara","p":"Jawa Tengah"},"geometry":{"type":"Polygon","coordinates":[[[109.42613,-7.53695],[109.41834,-7.53432],[109.41608,-7.53889],[109.41204,-7.53849],[109.40403,-7.54089],[109.39811,-7.5348],[109.3958,-7.53699],[109.38752,-7.53034],[109.38586,-7.52486],[109.38237,-7.52229],[109.3765,-7.52318],[109.36809,-7.51627],[109.36427,-7.51751],[109.362,-7.51346],[109.36433,-7.51024],[109.36536,-7.50352],[109.36264,-7.50014],[109.36544,-7.49925],[109.36596,-7.49709],[109.36478,-7.4948],[109.36314,-7.49484],[109.36402,-7.49006],[109.36179,-7.48869],[109.3617,-7.48538],[109.36428,-7.48735],[109.37124,-7.48508],[109.37363,-7.47774],[109.38067,-7.48279],[109.38617,-7.47757],[109.39407,-7.47433],[109.40243,-7.47584],[109.40369,-7.47407],[109.40119,-7.46733],[109.4082,-7.47136],[109.41275,-7.4707],[109.41168,-7.4777],[109.41874,-7.47883],[109.41993,-7.4754],[109.41831,-7.47179],[109.4244,-7.46759],[109.4227,-7.45919],[109.42731,-7.45872],[109.42535,-7.45613],[109.42657,-7.45486],[109.42809,-7.45515],[109.42977,-7.45938],[109.43406,-7.4574],[109.43764,-7.45331],[109.43622,-7.45035],[109.43928,-7.44855],[109.4409,-7.45411],[109.44723,-7.45567],[109.44871,-7.45355],[109.44725,-7.44941],[109.45038,-7.4465],[109.45256,-7.44686],[109.45495,-7.45226],[109.4594,-7.45264],[109.4618,-7.44739],[109.46505,-7.44606],[109.47224,-7.44874],[109.47336,-7.44773],[109.47195,-7.44404],[109.47276,-7.44201],[109.47476,-7.44182],[109.47615,-7.44517],[109.47902,-7.44583],[109.48211,-7.44395],[109.48036,-7.44237],[109.48191,-7.44117],[109.48563,-7.44547],[109.48897,-7.44232],[109.49394,-7.44952],[109.49655,-7.44676],[109.49933,-7.44962],[109.50259,-7.4481],[109.50532,-7.45016],[109.50626,-7.44777],[109.5079,-7.4481],[109.50845,-7.43869],[109.50514,-7.41687],[109.50173,-7.41294],[109.50168,-7.4113],[109.5069,-7.40992],[109.50832,-7.41223],[109.50972,-7.41133],[109.51094,-7.41272],[109.51391,-7.41099],[109.51736,-7.41264],[109.53191,-7.40885],[109.53282,-7.40688],[109.53677,-7.40819],[109.53687,-7.40598],[109.54211,-7.40713],[109.54332,-7.40317],[109.54635,-7.40534],[109.54674,-7.40253],[109.54887,-7.40177],[109.54859,-7.39654],[109.54239,-7.39135],[109.54018,-7.38711],[109.54079,-7.38197],[109.5357,-7.37736],[109.53076,-7.35593],[109.51913,-7.34563],[109.51854,-7.34279],[109.52542,-7.32421],[109.52755,-7.32342],[109.53412,-7.32848],[109.54123,-7.32549],[109.54629,-7.32733],[109.55031,-7.33116],[109.56257,-7.33228],[109.5629,-7.32836],[109.56512,-7.32833],[109.56591,-7.32515],[109.5644,-7.32271],[109.56556,-7.31814],[109.56365,-7.31958],[109.5623,-7.31807],[109.56692,-7.31637],[109.56886,-7.31321],[109.56649,-7.30481],[109.5673,-7.30075],[109.57241,-7.29918],[109.57467,-7.30013],[109.57508,-7.29667],[109.57905,-7.29472],[109.58158,-7.29556],[109.58466,-7.29328],[109.57622,-7.27939],[109.5747,-7.27234],[109.56935,-7.2647],[109.54981,-7.25542],[109.53861,-7.24443],[109.55215,-7.2314],[109.56122,-7.2304],[109.56395,-7.22454],[109.56747,-7.22186],[109.57116,-7.2209],[109.57393,-7.22249],[109.5782,-7.22201],[109.58747,-7.21357],[109.5899,-7.20699],[109.59514,-7.20789],[109.596,-7.20586],[109.60703,-7.21151],[109.61134,-7.21077],[109.61631,-7.20118],[109.62011,-7.20039],[109.62707,-7.19535],[109.62834,-7.19281],[109.62763,-7.18647],[109.63184,-7.18365],[109.63491,-7.17755],[109.64131,-7.17626],[109.64388,-7.1735],[109.6483,-7.17242],[109.65218,-7.17502],[109.66332,-7.1783],[109.66709,-7.17729],[109.67003,-7.17852],[109.6748,-7.17379],[109.68098,-7.17318],[109.68192,-7.17683],[109.68544,-7.18006],[109.68797,-7.19049],[109.69053,-7.19368],[109.68991,-7.19512],[109.69738,-7.19709],[109.70382,-7.19538],[109.7075,-7.19985],[109.71372,-7.19832],[109.72639,-7.20195],[109.74401,-7.1903],[109.74555,-7.18784],[109.74452,-7.18427],[109.75276,-7.17951],[109.75379,-7.18053],[109.76191,-7.17657],[109.76798,-7.17983],[109.77521,-7.17996],[109.78747,-7.17676],[109.79911,-7.17098],[109.81228,-7.17799],[109.81991,-7.1779],[109.83304,-7.18955],[109.83872,-7.18815],[109.84204,-7.18612],[109.84257,-7.18385],[109.8456,-7.18363],[109.84556,-7.181],[109.8484,-7.1777],[109.85271,-7.18032],[109.85559,-7.18012],[109.86018,-7.18443],[109.86627,-7.18708],[109.87457,-7.18615],[109.87704,-7.1909],[109.88149,-7.1888],[109.8809,-7.18458],[109.88481,-7.18221],[109.88675,-7.17858],[109.89903,-7.18996],[109.90081,-7.19424],[109.90431,-7.19577],[109.90571,-7.19388],[109.91691,-7.18985],[109.91771,-7.19322],[109.91378,-7.19923],[109.91068,-7.19998],[109.91108,-7.20341],[109.9094,-7.20579],[109.91217,-7.21532],[109.91002,-7.21615],[109.9066,-7.22164],[109.90226,-7.22141],[109.89558,-7.22388],[109.8892,-7.2235],[109.8836,-7.22564],[109.88083,-7.22444],[109.87767,-7.22598],[109.87517,-7.22506],[109.87001,-7.22687],[109.86764,-7.23047],[109.86445,-7.23044],[109.86173,-7.23282],[109.85494,-7.24084],[109.8526,-7.25087],[109.84971,-7.25131],[109.85049,-7.25484],[109.84518,-7.2693],[109.84154,-7.27272],[109.84357,-7.27486],[109.84174,-7.27633],[109.84321,-7.28039],[109.84024,-7.286],[109.83615,-7.2875],[109.83542,-7.29136],[109.83015,-7.29684],[109.83057,-7.29801],[109.82842,-7.29734],[109.82567,-7.299],[109.82548,-7.30192],[109.81925,-7.30514],[109.81494,-7.31343],[109.81005,-7.31557],[109.80687,-7.32344],[109.80226,-7.32521],[109.79982,-7.32457],[109.79663,-7.32733],[109.79278,-7.33325],[109.79259,-7.33761],[109.78741,-7.34117],[109.78552,-7.35004],[109.78689,-7.35614],[109.7832,-7.36036],[109.78305,-7.36284],[109.77922,-7.36504],[109.7743,-7.36479],[109.77238,-7.36958],[109.76859,-7.37148],[109.7643,-7.38266],[109.76128,-7.38277],[109.7612,-7.3859],[109.75588,-7.3858],[109.75342,-7.38394],[109.75118,-7.38865],[109.75058,-7.39083],[109.7577,-7.38869],[109.76252,-7.39265],[109.7682,-7.393],[109.768,-7.39494],[109.77157,-7.39661],[109.77274,-7.39903],[109.77961,-7.40256],[109.78106,-7.40647],[109.78567,-7.40588],[109.79097,-7.4087],[109.79288,-7.41217],[109.79641,-7.41059],[109.81732,-7.41569],[109.82265,-7.42136],[109.82949,-7.41978],[109.82863,-7.4216],[109.83299,-7.42284],[109.83176,-7.42574],[109.83278,-7.44654],[109.8246,-7.44834],[109.78775,-7.44801],[109.77906,-7.4442],[109.77564,-7.44075],[109.77114,-7.4409],[109.76773,-7.4365],[109.76539,-7.43643],[109.75889,-7.4429],[109.75158,-7.44568],[109.7464,-7.44973],[109.73359,-7.46243],[109.73344,-7.467],[109.72542,-7.47192],[109.7216,-7.47619],[109.71853,-7.47686],[109.71528,-7.48203],[109.71112,-7.48293],[109.69891,-7.49558],[109.69266,-7.49664],[109.68722,-7.49536],[109.68865,-7.49757],[109.68795,-7.50159],[109.68442,-7.50346],[109.67869,-7.50176],[109.67752,-7.50317],[109.67219,-7.5027],[109.67229,-7.50084],[109.66662,-7.49519],[109.65351,-7.49606],[109.646,-7.49478],[109.64386,-7.48711],[109.63823,-7.47879],[109.63728,-7.48088],[109.63282,-7.48164],[109.61911,-7.49164],[109.61569,-7.49621],[109.61323,-7.50421],[109.6025,-7.50598],[109.59392,-7.51296],[109.58874,-7.51358],[109.58711,-7.51558],[109.5851,-7.51368],[109.5721,-7.51324],[109.5691,-7.50996],[109.56264,-7.5093],[109.55864,-7.51082],[109.55693,-7.51474],[109.55139,-7.51153],[109.54503,-7.52267],[109.54019,-7.51923],[109.53874,-7.51589],[109.526,-7.51567],[109.51724,-7.51054],[109.50778,-7.50869],[109.49926,-7.50896],[109.49786,-7.50325],[109.49128,-7.50997],[109.48481,-7.51121],[109.48182,-7.51786],[109.46805,-7.52244],[109.4628,-7.51926],[109.4557,-7.52325],[109.43693,-7.52737],[109.43439,-7.5298],[109.43376,-7.53526],[109.43187,-7.53656],[109.42613,-7.53695]]]}},{"type":"Feature","properties":{"n":"Kota Banjar","p":"Jawa Barat"},"geometry":{"type":"Polygon","coordinates":[[[108.5548,-7.41922],[108.54945,-7.42186],[108.54661,-7.41801],[108.54668,-7.41507],[108.54358,-7.41196],[108.54062,-7.41136],[108.53839,-7.41606],[108.53293,-7.41588],[108.52672,-7.41295],[108.52465,-7.40685],[108.51844,-7.4075],[108.51689,-7.40551],[108.51198,-7.40537],[108.49557,-7.39573],[108.49352,-7.39397],[108.49371,-7.39126],[108.49025,-7.39234],[108.4882,-7.3908],[108.48831,-7.3926],[108.48615,-7.3931],[108.48439,-7.38963],[108.48357,-7.39166],[108.48175,-7.38754],[108.47314,-7.38528],[108.47313,-7.38337],[108.46972,-7.38198],[108.46954,-7.38036],[108.47772,-7.37079],[108.47814,-7.36818],[108.47062,-7.36526],[108.46971,-7.36161],[108.47763,-7.361],[108.47925,-7.35881],[108.47749,-7.35727],[108.48451,-7.35628],[108.48917,-7.35001],[108.49682,-7.34886],[108.49641,-7.35477],[108.49978,-7.35497],[108.50113,-7.35814],[108.50662,-7.35403],[108.51138,-7.35789],[108.51704,-7.35744],[108.52376,-7.35933],[108.5268,-7.35242],[108.53418,-7.34826],[108.53541,-7.34345],[108.53838,-7.34354],[108.54019,-7.34663],[108.5466,-7.3443],[108.54764,-7.34121],[108.55071,-7.34157],[108.55093,-7.335],[108.55919,-7.33226],[108.5586,-7.33506],[108.56279,-7.33323],[108.5642,-7.33688],[108.56704,-7.33205],[108.57508,-7.33401],[108.57564,-7.33976],[108.58,-7.34028],[108.58344,-7.34977],[108.58994,-7.34461],[108.59195,-7.34496],[108.59221,-7.3483],[108.59386,-7.34723],[108.59864,-7.3505],[108.61226,-7.34394],[108.61554,-7.34528],[108.61477,-7.34973],[108.61749,-7.35014],[108.61917,-7.34966],[108.61775,-7.3477],[108.61861,-7.34459],[108.62615,-7.34574],[108.63673,-7.34205],[108.64541,-7.34565],[108.64733,-7.33703],[108.65093,-7.3414],[108.65627,-7.33905],[108.66198,-7.34229],[108.66486,-7.34764],[108.65949,-7.34935],[108.66209,-7.3525],[108.6614,-7.3594],[108.65246,-7.37796],[108.6505,-7.38822],[108.63895,-7.38522],[108.63648,-7.38112],[108.63106,-7.38173],[108.63254,-7.38629],[108.62578,-7.38875],[108.62615,-7.3924],[108.62405,-7.39524],[108.61861,-7.39323],[108.61559,-7.40584],[108.60513,-7.40102],[108.60024,-7.39447],[108.59105,-7.40294],[108.59399,-7.40829],[108.59198,-7.41035],[108.59112,-7.41575],[108.57997,-7.41751],[108.58073,-7.42327],[108.57802,-7.42909],[108.56975,-7.43703],[108.56876,-7.44286],[108.5671,-7.44453],[108.56439,-7.44129],[108.56566,-7.43025],[108.5642,-7.42934],[108.56128,-7.43074],[108.5588,-7.42551],[108.55499,-7.42494],[108.5548,-7.41922]]]}},{"type":"Feature","properties":{"n":"Kota Bandung","p":"Jawa Barat"},"geometry":{"type":"Polygon","coordinates":[[[107.61638,-6.96066],[107.58341,-6.96185],[107.56331,-6.95111],[107.54555,-6.92676],[107.55018,-6.92635],[107.55782,-6.92969],[107.55866,-6.926],[107.56054,-6.92747],[107.55899,-6.93066],[107.56423,-6.93281],[107.56523,-6.92966],[107.56274,-6.92732],[107.56505,-6.92442],[107.56458,-6.91567],[107.56535,-6.9124],[107.56897,-6.91036],[107.55644,-6.88966],[107.56163,-6.88812],[107.57619,-6.89102],[107.57158,-6.8842],[107.57221,-6.87889],[107.57677,-6.86858],[107.57572,-6.86754],[107.58202,-6.86103],[107.58916,-6.85724],[107.58877,-6.85358],[107.59039,-6.85321],[107.58948,-6.84989],[107.59254,-6.847],[107.59759,-6.83689],[107.59647,-6.84186],[107.60405,-6.84216],[107.60093,-6.85529],[107.60479,-6.85699],[107.60454,-6.85935],[107.60918,-6.85524],[107.61142,-6.84986],[107.61433,-6.8493],[107.61587,-6.84715],[107.61604,-6.84981],[107.61885,-6.85078],[107.62186,-6.85604],[107.62244,-6.86247],[107.62458,-6.86196],[107.6262,-6.86364],[107.62376,-6.86655],[107.6263,-6.8661],[107.6274,-6.87148],[107.6299,-6.87084],[107.63066,-6.87219],[107.62942,-6.88057],[107.63389,-6.88472],[107.63244,-6.88944],[107.63781,-6.88632],[107.63779,-6.88932],[107.64374,-6.89316],[107.64599,-6.88812],[107.6471,-6.88985],[107.64569,-6.89118],[107.65434,-6.89479],[107.6564,-6.89431],[107.66353,-6.88371],[107.66565,-6.88523],[107.66425,-6.88975],[107.66533,-6.89017],[107.67013,-6.88399],[107.6688,-6.89208],[107.67795,-6.89284],[107.68088,-6.88956],[107.68465,-6.8956],[107.68891,-6.89704],[107.69219,-6.9014],[107.69322,-6.90055],[107.69485,-6.90317],[107.69281,-6.90547],[107.69995,-6.90829],[107.70396,-6.90762],[107.70494,-6.90215],[107.70079,-6.90073],[107.70191,-6.89793],[107.7044,-6.89834],[107.70424,-6.89255],[107.70767,-6.8898],[107.71452,-6.89016],[107.71495,-6.90402],[107.71744,-6.89919],[107.7226,-6.89909],[107.72604,-6.89509],[107.73471,-6.89836],[107.73451,-6.89951],[107.73814,-6.89958],[107.73955,-6.90211],[107.73709,-6.90712],[107.73425,-6.90847],[107.72967,-6.91324],[107.72849,-6.91698],[107.72581,-6.91833],[107.7269,-6.91968],[107.72301,-6.9327],[107.72084,-6.93735],[107.71686,-6.94082],[107.71584,-6.94573],[107.71303,-6.94747],[107.71255,-6.95409],[107.71361,-6.95617],[107.71557,-6.95616],[107.71609,-6.96135],[107.70406,-6.96751],[107.69281,-6.96948],[107.66538,-6.96735],[107.64991,-6.96448],[107.64011,-6.9657],[107.62734,-6.96415],[107.61638,-6.96066]]]}},{"type":"Feature","properties":{"n":"Pacitan","p":"Jawa Timur"},"geometry":{"type":"MultiPolygon","coordinates":[[[[111.00125,-8.25649],[111.00104,-8.25594],[111.00128,-8.25579],[111.00125,-8.25649]]],[[[110.99365,-8.25556],[110.99318,-8.25548],[110.99364,-8.25526],[110.99365,-8.25556]]],[[[110.99732,-8.25511],[110.99703,-8.2558],[110.99674,-8.25538],[110.99732,-8.25511]]],[[[111.00295,-8.25456],[111.00283,-8.25572],[111.00139,-8.25493],[111.00295,-8.25456]]],[[[110.99402,-8.25455],[110.99416,-8.25466],[110.99401,-8.25481],[110.99402,-8.25455]]],[[[110.99626,-8.25322],[110.99641,-8.25346],[110.99615,-8.25356],[110.99626,-8.25322]]],[[[110.99224,-8.25298],[110.99249,-8.25276],[110.9924,-8.25299],[110.99224,-8.25298]]],[[[110.99235,-8.25202],[110.99195,-8.25177],[110.99236,-8.25149],[110.99235,-8.25202]]],[[[110.97698,-8.24301],[110.97596,-8.24269],[110.9771,-8.24245],[110.97698,-8.24301]]],[[[110.97547,-8.24261],[110.97553,-8.24293],[110.97543,-8.24289],[110.97547,-8.24261]]],[[[110.9752,-8.24203],[110.97547,-8.24206],[110.97521,-8.24215],[110.9752,-8.24203]]],[[[110.97767,-8.24096],[110.97742,-8.24164],[110.97705,-8.24116],[110.97767,-8.24096]]],[[[110.97582,-8.24158],[110.9757,-8.24098],[110.97608,-8.24069],[110.97582,-8.24158]]],[[[110.97307,-8.2409],[110.97262,-8.24057],[110.97294,-8.24038],[110.97307,-8.2409]]],[[[110.97225,-8.24036],[110.97131,-8.24021],[110.97224,-8.24011],[110.97225,-8.24036]]],[[[110.96996,-8.23778],[110.97027,-8.23728],[110.97044,-8.23776],[110.96996,-8.23778]]],[[[110.96075,-8.23554],[110.96021,-8.23545],[110.9608,-8.23536],[110.96075,-8.23554]]],[[[110.96336,-8.23525],[110.96247,-8.23548],[110.96243,-8.23531],[110.96336,-8.23525]]],[[[110.98228,-8.24013],[110.9799,-8.24016],[110.98047,-8.23917],[110.97783,-8.23667],[110.97651,-8.24005],[110.97466,-8.23875],[110.97329,-8.24023],[110.97394,-8.23845],[110.97215,-8.23639],[110.96089,-8.23316],[110.96021,-8.23406],[110.9612,-8.229],[110.95776,-8.22949],[110.9555,-8.22605],[110.9542,-8.22678],[110.95063,-8.22481],[110.94937,-8.22638],[110.94574,-8.22321],[110.94058,-8.22738],[110.94158,-8.22479],[110.93912,-8.22476],[110.9389,-8.22274],[110.93737,-8.22378],[110.93323,-8.2212],[110.92698,-8.22269],[110.92366,-8.21914],[110.91619,-8.2175],[110.91466,-8.21367],[110.90956,-8.21087],[110.9001,-8.21125],[110.90191,-8.20218],[110.8981,-8.19373],[110.89851,-8.18388],[110.89586,-8.17989],[110.89769,-8.16949],[110.89529,-8.16672],[110.89901,-8.15144],[110.90355,-8.14587],[110.90311,-8.1437],[110.90502,-8.14183],[110.90754,-8.13308],[110.90666,-8.12343],[110.90792,-8.11653],[110.91127,-8.11767],[110.91529,-8.11595],[110.91932,-8.10505],[110.92423,-8.10024],[110.92751,-8.09962],[110.93169,-8.09379],[110.93177,-8.09108],[110.93926,-8.08683],[110.93981,-8.08412],[110.94494,-8.07946],[110.94716,-8.0726],[110.95142,-8.07085],[110.95209,-8.06265],[110.95341,-8.06166],[110.96067,-8.06544],[110.96174,-8.06786],[110.96495,-8.06731],[110.97822,-8.07269],[110.98288,-8.07885],[110.99693,-8.07987],[111.00172,-8.07389],[111.0047,-8.07285],[111.00939,-8.07354],[111.01122,-8.07651],[111.01038,-8.07748],[111.01327,-8.0751],[111.0164,-8.07541],[111.01695,-8.07686],[111.02003,-8.07658],[111.02292,-8.07969],[111.03235,-8.07978],[111.03775,-8.07526],[111.04857,-8.07265],[111.05412,-8.06447],[111.06603,-8.06131],[111.07039,-8.04955],[111.07639,-8.04869],[111.07956,-8.0427],[111.08234,-8.04308],[111.08738,-8.04747],[111.08829,-8.05096],[111.08677,-8.05914],[111.08933,-8.05953],[111.09105,-8.06344],[111.10232,-8.06548],[111.11535,-8.06094],[111.12081,-8.05336],[111.11674,-8.04194],[111.11951,-8.03971],[111.11999,-8.03503],[111.12819,-8.03204],[111.12932,-8.02726],[111.13499,-8.02121],[111.13295,-8.01496],[111.13348,-8.00997],[111.13103,-8.00864],[111.13214,-8.00605],[111.12887,-8.00263],[111.12894,-7.99729],[111.13108,-7.99323],[111.12698,-7.98897],[111.126,-7.98224],[111.12328,-7.97996],[111.12734,-7.97572],[111.12572,-7.96986],[111.12973,-7.96751],[111.12979,-7.96252],[111.13993,-7.95551],[111.14107,-7.95318],[111.14464,-7.95267],[111.14556,-7.94855],[111.14031,-7.93962],[111.1402,-7.93691],[111.14127,-7.9342],[111.14839,-7.93],[111.14925,-7.92712],[111.15252,-7.9237],[111.15366,-7.92416],[111.15439,-7.92203],[111.15615,-7.92319],[111.15977,-7.9213],[111.16371,-7.92224],[111.16685,-7.91982],[111.17905,-7.91868],[111.18343,-7.91575],[111.19311,-7.92318],[111.19371,-7.9281],[111.19129,-7.93158],[111.19132,-7.93442],[111.19767,-7.93542],[111.2024,-7.93399],[111.20378,-7.93705],[111.20589,-7.93482],[111.21287,-7.93484],[111.21488,-7.93155],[111.21813,-7.93028],[111.22217,-7.93036],[111.22754,-7.9342],[111.22775,-7.93983],[111.23066,-7.94249],[111.23185,-7.9487],[111.23736,-7.94601],[111.25057,-7.94581],[111.25798,-7.939],[111.26609,-7.93464],[111.27015,-7.92952],[111.27192,-7.93042],[111.27235,-7.92377],[111.28025,-7.91858],[111.28628,-7.92078],[111.28668,-7.93909],[111.29866,-7.94062],[111.30918,-7.93536],[111.31387,-7.93499],[111.31632,-7.93634],[111.31763,-7.94122],[111.32271,-7.94556],[111.32264,-7.94981],[111.32653,-7.95527],[111.3254,-7.96066],[111.327,-7.96745],[111.33219,-7.96803],[111.33931,-7.97232],[111.33997,-7.97537],[111.34586,-7.97568],[111.34934,-7.97897],[111.34841,-7.98621],[111.34989,-7.99517],[111.34384,-8.00639],[111.34808,-8.00756],[111.34949,-8.01167],[111.35427,-8.01055],[111.35989,-8.0145],[111.35829,-8.02602],[111.36179,-8.02964],[111.36452,-8.02892],[111.36684,-8.03076],[111.36706,-8.03303],[111.3647,-8.03445],[111.35998,-8.04377],[111.35377,-8.0492],[111.35297,-8.05355],[111.34922,-8.05625],[111.35042,-8.05871],[111.34906,-8.05985],[111.34908,-8.06417],[111.34634,-8.06624],[111.34889,-8.07662],[111.35313,-8.07714],[111.3545,-8.07903],[111.35434,-8.08099],[111.34886,-8.08416],[111.35176,-8.08628],[111.35449,-8.08487],[111.35441,-8.08891],[111.35946,-8.0881],[111.35805,-8.0916],[111.36159,-8.09498],[111.36248,-8.09962],[111.35977,-8.10622],[111.35584,-8.10442],[111.34772,-8.10723],[111.3464,-8.10857],[111.34721,-8.11416],[111.35283,-8.11683],[111.35511,-8.11616],[111.35587,-8.12073],[111.36086,-8.11883],[111.36248,-8.12122],[111.36851,-8.12153],[111.37001,-8.12425],[111.36915,-8.12627],[111.36799,-8.12571],[111.36879,-8.13086],[111.3743,-8.13272],[111.37627,-8.13609],[111.37989,-8.13651],[111.37998,-8.14029],[111.37874,-8.14108],[111.38077,-8.14381],[111.3791,-8.14453],[111.38075,-8.14562],[111.37965,-8.14834],[111.38139,-8.14848],[111.37839,-8.15104],[111.38046,-8.1536],[111.38001,-8.15513],[111.37595,-8.15537],[111.37896,-8.1577],[111.37768,-8.15975],[111.38035,-8.16327],[111.38203,-8.16424],[111.38468,-8.15999],[111.38946,-8.15862],[111.39324,-8.15948],[111.39352,-8.16343],[111.39797,-8.16464],[111.398,-8.1667],[111.40472,-8.17238],[111.41109,-8.17097],[111.4155,-8.17189],[111.41748,-8.16881],[111.42144,-8.17164],[111.42266,-8.16943],[111.42481,-8.17037],[111.42656,-8.17537],[111.42557,-8.18336],[111.42388,-8.18473],[111.42427,-8.19137],[111.41858,-8.19033],[111.40351,-8.19703],[111.40426,-8.20814],[111.40891,-8.21266],[111.40454,-8.2197],[111.40041,-8.22073],[111.40179,-8.22406],[111.40082,-8.22704],[111.39586,-8.22745],[111.39217,-8.23318],[111.39346,-8.23737],[111.39841,-8.24126],[111.4015,-8.25093],[111.40439,-8.25342],[111.40654,-8.25923],[111.40319,-8.2678],[111.40352,-8.27042],[111.40074,-8.27202],[111.40071,-8.27491],[111.39877,-8.27443],[111.39858,-8.27746],[111.39404,-8.27523],[111.39274,-8.27735],[111.3918,-8.27603],[111.39087,-8.27686],[111.39078,-8.27381],[111.38829,-8.27501],[111.38747,-8.27322],[111.3858,-8.27448],[111.38714,-8.27771],[111.38296,-8.27534],[111.37869,-8.27504],[111.37751,-8.27629],[111.37624,-8.2753],[111.37774,-8.27421],[111.37605,-8.27278],[111.37744,-8.27202],[111.37579,-8.26597],[111.37318,-8.26792],[111.37243,-8.26805],[111.36998,-8.26735],[111.37381,-8.26733],[111.37458,-8.26396],[111.37108,-8.26204],[111.37205,-8.26351],[111.37044,-8.2641],[111.36739,-8.26041],[111.36094,-8.2634],[111.36011,-8.26592],[111.35876,-8.26546],[111.35778,-8.27029],[111.35568,-8.2697],[111.35515,-8.26759],[111.35347,-8.26909],[111.35255,-8.26662],[111.35011,-8.26862],[111.34917,-8.26416],[111.34707,-8.26484],[111.3429,-8.26159],[111.33703,-8.26196],[111.33053,-8.2656],[111.32814,-8.26942],[111.32947,-8.27146],[111.3286,-8.27239],[111.32487,-8.27328],[111.32056,-8.26923],[111.31542,-8.27058],[111.31634,-8.26804],[111.31195,-8.26781],[111.31356,-8.26209],[111.31633,-8.26099],[111.31438,-8.25888],[111.30212,-8.25694],[111.29634,-8.25812],[111.29564,-8.2636],[111.29447,-8.26258],[111.29307,-8.26364],[111.29327,-8.26201],[111.2914,-8.26256],[111.28917,-8.25948],[111.28762,-8.26004],[111.28832,-8.26223],[111.2868,-8.26269],[111.28653,-8.26412],[111.28703,-8.26571],[111.2949,-8.26615],[111.29311,-8.2715],[111.29086,-8.27112],[111.29193,-8.27408],[111.28846,-8.26953],[111.2845,-8.27284],[111.28486,-8.27162],[111.28059,-8.26946],[111.27917,-8.26989],[111.27789,-8.26666],[111.28125,-8.2644],[111.28173,-8.26196],[111.28471,-8.26105],[111.28488,-8.25917],[111.28134,-8.26135],[111.27927,-8.26081],[111.28102,-8.25709],[111.27317,-8.25164],[111.27439,-8.24987],[111.26126,-8.24746],[111.25897,-8.24891],[111.25629,-8.24816],[111.25718,-8.25001],[111.25487,-8.2539],[111.25388,-8.25269],[111.24546,-8.25284],[111.2372,-8.2558],[111.236,-8.25864],[111.23295,-8.25919],[111.23156,-8.25651],[111.23087,-8.25872],[111.22794,-8.25961],[111.22828,-8.26601],[111.22453,-8.26854],[111.22514,-8.2669],[111.22307,-8.26522],[111.22037,-8.26798],[111.22099,-8.26145],[111.21666,-8.25905],[111.21729,-8.26271],[111.2151,-8.26581],[111.21307,-8.26331],[111.21068,-8.26478],[111.21153,-8.26683],[111.20686,-8.26485],[111.20388,-8.26743],[111.20374,-8.26634],[111.20184,-8.2642],[111.20142,-8.26435],[111.20175,-8.26558],[111.19855,-8.26818],[111.1997,-8.27112],[111.19749,-8.27564],[111.19434,-8.278],[111.19091,-8.27819],[111.18575,-8.27478],[111.17676,-8.27256],[111.17168,-8.28048],[111.16988,-8.27693],[111.16732,-8.28006],[111.16516,-8.27843],[111.15985,-8.27816],[111.15859,-8.27612],[111.1554,-8.28412],[111.1536,-8.28466],[111.15454,-8.28078],[111.15154,-8.27699],[111.14622,-8.27766],[111.14564,-8.28022],[111.1436,-8.28101],[111.14462,-8.27829],[111.13834,-8.27699],[111.13315,-8.27267],[111.13846,-8.26685],[111.13728,-8.26167],[111.13186,-8.26236],[111.12963,-8.25759],[111.12483,-8.25854],[111.1244,-8.25484],[111.12153,-8.25606],[111.12024,-8.25265],[111.10832,-8.2562],[111.10836,-8.25444],[111.10509,-8.25142],[111.10347,-8.25334],[111.10131,-8.25331],[111.10301,-8.24988],[111.10045,-8.24859],[111.09912,-8.24535],[111.09389,-8.24679],[111.09591,-8.24336],[111.0987,-8.24385],[111.10149,-8.24109],[111.09762,-8.24009],[111.0976,-8.2368],[111.10068,-8.23479],[111.10204,-8.23564],[111.10562,-8.23129],[111.10321,-8.23052],[111.09727,-8.22282],[111.08807,-8.21983],[111.08117,-8.22055],[111.0753,-8.22331],[111.07659,-8.22391],[111.07587,-8.22571],[111.07635,-8.22595],[111.0765,-8.22625],[111.07624,-8.22806],[111.0764,-8.22615],[111.07481,-8.22541],[111.07535,-8.22679],[111.07365,-8.22765],[111.0747,-8.22967],[111.07704,-8.22931],[111.07539,-8.22982],[111.07538,-8.23148],[111.07814,-8.2337],[111.07498,-8.23884],[111.0767,-8.24548],[111.07085,-8.2482],[111.06578,-8.2472],[111.06265,-8.25211],[111.06073,-8.25056],[111.04901,-8.25185],[111.04376,-8.24865],[111.04093,-8.2524],[111.03443,-8.25378],[111.03369,-8.25633],[111.03259,-8.25396],[111.02968,-8.25623],[111.03009,-8.25462],[111.02957,-8.25409],[111.02805,-8.25664],[111.0257,-8.2544],[111.02691,-8.25174],[111.02566,-8.25256],[111.02151,-8.24894],[111.01803,-8.24997],[111.01794,-8.24853],[111.01488,-8.24844],[111.01141,-8.25133],[111.01123,-8.24915],[111.00786,-8.24832],[111.00235,-8.24924],[110.9997,-8.25253],[111.00112,-8.25413],[110.99885,-8.2547],[110.99786,-8.25186],[110.99581,-8.25163],[110.99484,-8.25325],[110.994,-8.251],[110.99316,-8.25226],[110.99329,-8.25068],[110.99489,-8.25046],[110.99428,-8.24826],[110.99248,-8.24895],[110.99178,-8.24624],[110.99082,-8.24788],[110.98845,-8.24265],[110.98413,-8.24103],[110.98251,-8.242],[110.98228,-8.24013]]],[[[110.91733,-8.22231],[110.91744,-8.22226],[110.91745,-8.22234],[110.91733,-8.22231]]],[[[110.91681,-8.22144],[110.91695,-8.22176],[110.91639,-8.22166],[110.91681,-8.22144]]],[[[110.91727,-8.22148],[110.91715,-8.22107],[110.91737,-8.22146],[110.91727,-8.22148]]],[[[110.91757,-8.21956],[110.91792,-8.21956],[110.91791,-8.21963],[110.91757,-8.21956]]],[[[111.12869,-8.2608],[111.12872,-8.26007],[111.12919,-8.26029],[111.12869,-8.2608]]],[[[111.12399,-8.25949],[111.12313,-8.26079],[111.1218,-8.26045],[111.12266,-8.25926],[111.12399,-8.25949]]],[[[111.28428,-8.27292],[111.28422,-8.27309],[111.28414,-8.27296],[111.28428,-8.27292]]],[[[111.28136,-8.27195],[111.2809,-8.27042],[111.28144,-8.27199],[111.28136,-8.27195]]],[[[111.22663,-8.26994],[111.22649,-8.26943],[111.22662,-8.26937],[111.22663,-8.26994]]],[[[111.22664,-8.26827],[111.22586,-8.26819],[111.22672,-8.26792],[111.22664,-8.26827]]],[[[111.2095,-8.26669],[111.20958,-8.26698],[111.20937,-8.26685],[111.2095,-8.26669]]],[[[111.28689,-8.26498],[111.28746,-8.26456],[111.28757,-8.26457],[111.28689,-8.26498]]],[[[111.255,-8.25451],[111.25468,-8.25492],[111.25444,-8.25462],[111.255,-8.25451]]],[[[111.3903,-8.27716],[111.39051,-8.277],[111.39036,-8.27721],[111.3903,-8.27716]]],[[[111.32747,-8.27564],[111.32751,-8.27514],[111.32772,-8.27576],[111.32747,-8.27564]]],[[[111.37464,-8.27355],[111.37459,-8.27434],[111.3739,-8.27387],[111.37464,-8.27355]]]]}},{"type":"Feature","properties":{"n":"Lebak","p":"Banten"},"geometry":{"type":"MultiPolygon","coordinates":[[[[105.9105,-6.81834],[105.89929,-6.82266],[105.89343,-6.82863],[105.89432,-6.83428],[105.90108,-6.83985],[105.90116,-6.84233],[105.89666,-6.83968],[105.88759,-6.84547],[105.88059,-6.84491],[105.87967,-6.84355],[105.88253,-6.84138],[105.88374,-6.83725],[105.88298,-6.83479],[105.88026,-6.83405],[105.88013,-6.83081],[105.88574,-6.8308],[105.88637,-6.82902],[105.88358,-6.82788],[105.88329,-6.82309],[105.8884,-6.82075],[105.88059,-6.81749],[105.88015,-6.82187],[105.87809,-6.82229],[105.87549,-6.81784],[105.87921,-6.81368],[105.875,-6.81158],[105.87191,-6.81356],[105.86946,-6.8106],[105.86903,-6.80723],[105.87465,-6.80889],[105.87339,-6.80581],[105.87605,-6.80602],[105.87794,-6.80374],[105.87431,-6.79752],[105.8778,-6.79476],[105.87466,-6.79188],[105.87149,-6.79409],[105.87144,-6.78748],[105.86901,-6.78997],[105.86678,-6.78996],[105.86745,-6.7839],[105.86404,-6.78346],[105.86291,-6.78156],[105.86701,-6.7809],[105.86866,-6.77515],[105.87296,-6.77174],[105.87214,-6.76978],[105.87405,-6.77049],[105.87403,-6.76811],[105.87662,-6.76884],[105.876,-6.76603],[105.87761,-6.76715],[105.88184,-6.76317],[105.88403,-6.7645],[105.88285,-6.76113],[105.88494,-6.75741],[105.88316,-6.75502],[105.88618,-6.755],[105.88482,-6.75201],[105.88646,-6.7519],[105.88482,-6.75044],[105.88615,-6.7495],[105.88605,-6.74615],[105.88853,-6.74657],[105.88712,-6.74529],[105.88938,-6.74463],[105.88842,-6.74279],[105.89347,-6.73824],[105.89224,-6.73648],[105.89387,-6.73572],[105.8936,-6.73066],[105.89094,-6.73079],[105.89114,-6.72533],[105.8932,-6.72373],[105.89251,-6.72081],[105.89493,-6.71992],[105.89624,-6.71624],[105.89798,-6.71955],[105.89917,-6.7185],[105.90014,-6.72162],[105.90398,-6.72132],[105.90345,-6.72],[105.90603,-6.71944],[105.90658,-6.71761],[105.90994,-6.71985],[105.90928,-6.71803],[105.91388,-6.71972],[105.91945,-6.71764],[105.9196,-6.71108],[105.92301,-6.70626],[105.92395,-6.69992],[105.92804,-6.69883],[105.92693,-6.69136],[105.93659,-6.6762],[105.93751,-6.6636],[105.94622,-6.66021],[105.94334,-6.64727],[105.94511,-6.64506],[105.94257,-6.63619],[105.94278,-6.62952],[105.93978,-6.62572],[105.93304,-6.625],[105.93169,-6.62318],[105.93196,-6.61708],[105.92869,-6.61657],[105.93253,-6.61009],[105.9333,-6.60189],[105.94354,-6.59207],[105.94692,-6.58271],[105.9523,-6.58198],[105.95656,-6.57207],[105.96027,-6.56991],[105.96091,-6.56579],[105.96383,-6.56439],[105.96625,-6.55401],[105.97518,-6.55204],[105.97629,-6.54667],[105.97364,-6.54446],[105.97516,-6.54229],[105.97862,-6.54345],[105.98281,-6.54206],[105.98176,-6.5351],[105.97474,-6.51729],[105.98292,-6.51686],[105.98514,-6.51499],[105.98702,-6.50792],[105.98364,-6.50464],[105.98856,-6.49715],[105.99078,-6.49556],[105.9926,-6.4965],[105.99792,-6.47933],[106.00939,-6.47361],[106.01163,-6.4552],[106.02365,-6.44523],[106.02162,-6.43595],[106.0247,-6.4285],[106.03635,-6.42839],[106.04048,-6.42095],[106.04285,-6.41134],[106.04708,-6.41289],[106.05001,-6.41202],[106.05573,-6.41442],[106.05544,-6.40667],[106.05847,-6.405],[106.06361,-6.40511],[106.06522,-6.4081],[106.06977,-6.40904],[106.07156,-6.41178],[106.07279,-6.41072],[106.07949,-6.41204],[106.07921,-6.41387],[106.0815,-6.41475],[106.08196,-6.41371],[106.0905,-6.42386],[106.09892,-6.42448],[106.10113,-6.42602],[106.10186,-6.42296],[106.1035,-6.42222],[106.10383,-6.42379],[106.10581,-6.42176],[106.10638,-6.42405],[106.10843,-6.42244],[106.10737,-6.42515],[106.10985,-6.42728],[106.11214,-6.42671],[106.11134,-6.42501],[106.11305,-6.42262],[106.11807,-6.42046],[106.11167,-6.41097],[106.11674,-6.4076],[106.11302,-6.39925],[106.11521,-6.39331],[106.1275,-6.38671],[106.12584,-6.38452],[106.12661,-6.38227],[106.13154,-6.37746],[106.12899,-6.37175],[106.12551,-6.36911],[106.12601,-6.36323],[106.12379,-6.35647],[106.12553,-6.35835],[106.12951,-6.35774],[106.12933,-6.35243],[106.13212,-6.34629],[106.13167,-6.33616],[106.1296,-6.33326],[106.13007,-6.32692],[106.1359,-6.32541],[106.14073,-6.32659],[106.14823,-6.32415],[106.1515,-6.325],[106.1581,-6.31329],[106.15659,-6.30916],[106.15911,-6.30193],[106.15628,-6.2986],[106.15738,-6.29674],[106.16078,-6.29647],[106.16133,-6.29467],[106.16944,-6.2957],[106.17013,-6.29074],[106.18985,-6.29382],[106.19559,-6.29037],[106.21371,-6.29257],[106.21429,-6.29879],[106.22087,-6.29964],[106.21878,-6.30734],[106.2225,-6.31171],[106.22621,-6.31265],[106.2312,-6.31079],[106.23438,-6.30214],[106.23913,-6.30577],[106.24384,-6.30464],[106.24359,-6.29802],[106.24522,-6.29701],[106.25838,-6.29906],[106.2592,-6.30168],[106.25503,-6.30291],[106.25507,-6.30876],[106.25968,-6.3108],[106.26157,-6.30986],[106.26092,-6.30635],[106.27166,-6.30231],[106.27352,-6.30025],[106.27962,-6.30307],[106.27988,-6.30719],[106.28244,-6.30891],[106.28048,-6.3117],[106.28487,-6.30968],[106.28786,-6.31295],[106.29307,-6.31246],[106.2988,-6.31778],[106.30846,-6.32005],[106.31518,-6.33197],[106.31955,-6.33515],[106.32649,-6.33573],[106.34601,-6.33334],[106.35658,-6.32913],[106.36476,-6.33247],[106.39574,-6.32932],[106.39801,-6.33079],[106.40094,-6.3303],[106.40431,-6.33384],[106.4032,-6.33657],[106.40531,-6.34],[106.41071,-6.3392],[106.41026,-6.34506],[106.41321,-6.34421],[106.41379,-6.34623],[106.41584,-6.34609],[106.4168,-6.3478],[106.41837,-6.34638],[106.42062,-6.34916],[106.42323,-6.34661],[106.4267,-6.34789],[106.42556,-6.3501],[106.42916,-6.35025],[106.42678,-6.35374],[106.42806,-6.35645],[106.43076,-6.35724],[106.42983,-6.36312],[106.43194,-6.36681],[106.42906,-6.368],[106.4291,-6.37251],[106.43078,-6.37346],[106.4274,-6.37643],[106.43195,-6.37696],[106.43389,-6.38502],[106.43795,-6.38782],[106.43539,-6.39017],[106.43754,-6.39133],[106.43835,-6.39435],[106.43461,-6.3923],[106.43422,-6.39417],[106.44007,-6.39772],[106.44208,-6.39643],[106.44184,-6.39822],[106.43818,-6.39959],[106.4393,-6.40448],[106.44395,-6.40483],[106.4443,-6.40804],[106.44714,-6.41073],[106.45103,-6.40707],[106.44999,-6.41308],[106.45393,-6.41396],[106.45402,-6.41875],[106.44602,-6.41943],[106.44456,-6.42233],[106.44627,-6.42318],[106.44964,-6.42132],[106.45467,-6.42692],[106.45001,-6.42686],[106.45289,-6.42848],[106.44799,-6.43036],[106.45024,-6.43414],[106.44633,-6.43543],[106.44361,-6.44106],[106.44122,-6.4412],[106.4379,-6.44434],[106.43862,-6.44556],[106.4404,-6.44423],[106.44239,-6.4452],[106.44034,-6.44739],[106.44053,-6.44951],[106.43451,-6.44829],[106.42419,-6.44924],[106.40691,-6.45395],[106.40127,-6.45293],[106.40121,-6.45512],[106.40496,-6.45676],[106.4047,-6.45906],[106.40904,-6.46219],[106.41185,-6.46805],[106.41079,-6.47631],[106.40597,-6.48151],[106.40646,-6.49527],[106.40379,-6.51672],[106.40505,-6.52188],[106.40788,-6.52399],[106.40783,-6.52722],[106.41131,-6.53016],[106.41751,-6.54457],[106.42204,-6.54991],[106.42145,-6.55373],[106.41677,-6.55962],[106.41709,-6.56231],[106.41984,-6.56576],[106.42499,-6.56794],[106.43001,-6.58005],[106.42962,-6.59415],[106.42647,-6.60643],[106.42868,-6.61836],[106.43152,-6.62327],[106.4304,-6.62475],[106.42999,-6.64398],[106.43157,-6.65317],[106.42904,-6.67306],[106.42948,-6.68202],[106.43601,-6.69478],[106.44845,-6.70556],[106.45162,-6.71387],[106.45071,-6.72671],[106.45373,-6.73052],[106.4634,-6.7369],[106.46677,-6.751],[106.49957,-6.75243],[106.51362,-6.7592],[106.52471,-6.76238],[106.52617,-6.76784],[106.51599,-6.77708],[106.50746,-6.7812],[106.49765,-6.79117],[106.48864,-6.79241],[106.48884,-6.79509],[106.48684,-6.79614],[106.48584,-6.79455],[106.47924,-6.79511],[106.47321,-6.79739],[106.47304,-6.79965],[106.47127,-6.79834],[106.47042,-6.80064],[106.46804,-6.80003],[106.46396,-6.80291],[106.46197,-6.80173],[106.45724,-6.80373],[106.45402,-6.80899],[106.45235,-6.80938],[106.45209,-6.8147],[106.44738,-6.81839],[106.44317,-6.81776],[106.44165,-6.81579],[106.44042,-6.81888],[106.43609,-6.81978],[106.43703,-6.82263],[106.43557,-6.82509],[106.4377,-6.82787],[106.43479,-6.83276],[106.43528,-6.83892],[106.43122,-6.84601],[106.43202,-6.8493],[106.42982,-6.85554],[106.43218,-6.85766],[106.43108,-6.8621],[106.42848,-6.86496],[106.42484,-6.86552],[106.42536,-6.86881],[106.4192,-6.8742],[106.41942,-6.88037],[106.40602,-6.88655],[106.40179,-6.89639],[106.3929,-6.90063],[106.39218,-6.90464],[106.39725,-6.90882],[106.39797,-6.9184],[106.40004,-6.91994],[106.40029,-6.9236],[106.39861,-6.9244],[106.39792,-6.92902],[106.39117,-6.93223],[106.39143,-6.93948],[106.38966,-6.94217],[106.39525,-6.95108],[106.39546,-6.95975],[106.39327,-6.95902],[106.39237,-6.96035],[106.39575,-6.96325],[106.39359,-6.9683],[106.39361,-6.97367],[106.39666,-6.97466],[106.39712,-6.97846],[106.39595,-6.97674],[106.39659,-6.97892],[106.39499,-6.98207],[106.38778,-6.98777],[106.38688,-6.99069],[106.38482,-6.98849],[106.38154,-6.98917],[106.38096,-6.99487],[106.37963,-6.99396],[106.37847,-6.99524],[106.37638,-6.99399],[106.37464,-6.99451],[106.37392,-6.99],[106.37089,-6.99021],[106.36754,-6.99381],[106.36408,-6.99276],[106.36312,-6.99088],[106.36068,-6.99258],[106.36129,-6.99549],[106.3546,-6.99944],[106.35633,-6.99654],[106.35251,-6.99389],[106.34315,-6.99744],[106.34368,-6.99028],[106.33702,-6.98657],[106.33472,-6.98695],[106.33198,-6.99205],[106.32658,-6.99155],[106.32552,-6.98803],[106.32327,-6.98743],[106.31583,-6.99441],[106.31069,-6.99574],[106.30703,-6.99439],[106.30868,-6.98689],[106.30166,-6.97962],[106.2835,-6.97371],[106.28033,-6.97988],[106.27841,-6.97777],[106.26957,-6.97632],[106.26494,-6.97341],[106.26431,-6.9708],[106.26605,-6.96835],[106.26308,-6.9674],[106.26085,-6.96383],[106.25289,-6.96023],[106.24559,-6.96056],[106.241,-6.95733],[106.24059,-6.95545],[106.2392,-6.95588],[106.23585,-6.95163],[106.23959,-6.95439],[106.2379,-6.95176],[106.23963,-6.95323],[106.24495,-6.94993],[106.2463,-6.94838],[106.24541,-6.94049],[106.24892,-6.93951],[106.24448,-6.93883],[106.23771,-6.93087],[106.20491,-6.91514],[106.18487,-6.90943],[106.19733,-6.91212],[106.19763,-6.91086],[106.19666,-6.90981],[106.19602,-6.90948],[106.19628,-6.90972],[106.19475,-6.90919],[106.1946,-6.90937],[106.19662,-6.9114],[106.18971,-6.90978],[106.1882,-6.90697],[106.18703,-6.90921],[106.18379,-6.90831],[106.17306,-6.91044],[106.17229,-6.90787],[106.16519,-6.90857],[106.15519,-6.90276],[106.14901,-6.90319],[106.14046,-6.89934],[106.13591,-6.8932],[106.13348,-6.89355],[106.1254,-6.88912],[106.11921,-6.88819],[106.11568,-6.88562],[106.11402,-6.88671],[106.1107,-6.8835],[106.10612,-6.88293],[106.1055,-6.88019],[106.10308,-6.87975],[106.10303,-6.87797],[106.09456,-6.87565],[106.08745,-6.86162],[106.08584,-6.86115],[106.08587,-6.85861],[106.08253,-6.85838],[106.078,-6.85311],[106.07489,-6.85188],[106.06533,-6.84199],[106.06405,-6.83631],[106.05864,-6.83248],[106.04358,-6.82654],[106.04563,-6.82626],[106.03548,-6.82382],[106.03225,-6.82077],[106.03013,-6.82024],[106.03138,-6.82194],[106.02993,-6.82194],[105.99232,-6.81354],[105.96917,-6.81286],[105.96934,-6.81156],[105.96861,-6.81297],[105.95619,-6.81214],[105.93005,-6.81427],[105.9105,-6.81834]]],[[[106.10585,-6.88443],[106.10584,-6.88435],[106.10589,-6.88439],[106.10585,-6.88443]]],[[[106.10579,-6.88433],[106.10572,-6.88437],[106.10572,-6.88432],[106.10579,-6.88433]]],[[[106.10523,-6.88377],[106.10513,-6.88379],[106.10518,-6.88372],[106.10523,-6.88377]]],[[[106.10529,-6.88374],[106.10526,-6.88371],[106.10526,-6.88371],[106.10529,-6.88374]]],[[[106.10517,-6.88368],[106.10517,-6.88365],[106.10519,-6.88365],[106.10517,-6.88368]]],[[[106.1053,-6.88364],[106.10526,-6.88369],[106.10525,-6.88362],[106.1053,-6.88364]]],[[[106.10714,-6.88361],[106.10708,-6.88361],[106.10712,-6.88357],[106.10714,-6.88361]]],[[[106.10517,-6.88347],[106.10515,-6.88356],[106.10511,-6.88353],[106.10517,-6.88347]]],[[[106.1072,-6.8835],[106.1071,-6.88351],[106.10712,-6.88348],[106.1072,-6.8835]]],[[[106.10685,-6.88344],[106.10681,-6.88337],[106.10688,-6.8834],[106.10685,-6.88344]]],[[[106.10661,-6.88332],[106.10674,-6.88326],[106.10673,-6.88343],[106.10661,-6.88332]]],[[[106.10656,-6.88325],[106.10648,-6.88324],[106.1065,-6.88316],[106.10656,-6.88325]]],[[[106.10515,-6.8811],[106.10513,-6.8811],[106.10513,-6.88108],[106.10515,-6.8811]]],[[[106.09622,-6.87718],[106.09609,-6.87716],[106.09612,-6.87709],[106.09622,-6.87718]]],[[[106.09601,-6.877],[106.09598,-6.8771],[106.09594,-6.87702],[106.09601,-6.877]]],[[[106.09654,-6.87696],[106.09642,-6.87702],[106.09647,-6.87692],[106.09654,-6.87696]]],[[[106.0962,-6.87683],[106.09612,-6.87671],[106.09618,-6.87672],[106.0962,-6.87683]]],[[[106.09567,-6.8766],[106.09597,-6.87676],[106.09568,-6.87673],[106.09567,-6.8766]]],[[[106.09564,-6.87655],[106.09555,-6.87656],[106.09559,-6.87644],[106.09564,-6.87655]]],[[[106.09551,-6.87652],[106.09541,-6.8765],[106.09553,-6.87644],[106.09551,-6.87652]]],[[[106.09543,-6.87631],[106.09531,-6.87625],[106.09545,-6.87626],[106.09543,-6.87631]]],[[[106.09484,-6.8761],[106.09478,-6.87613],[106.09479,-6.87606],[106.09484,-6.8761]]],[[[106.09443,-6.87607],[106.09429,-6.87604],[106.0943,-6.87598],[106.09443,-6.87607]]],[[[106.09452,-6.87574],[106.0946,-6.87606],[106.09436,-6.87594],[106.09452,-6.87574]]],[[[106.07926,-6.85614],[106.07909,-6.85611],[106.07923,-6.85601],[106.07926,-6.85614]]],[[[106.11912,-6.88929],[106.11905,-6.88918],[106.11912,-6.8892],[106.11912,-6.88929]]],[[[106.11917,-6.88887],[106.1192,-6.88913],[106.11906,-6.8889],[106.11917,-6.88887]]],[[[106.11983,-6.88859],[106.11961,-6.88851],[106.1196,-6.88848],[106.11983,-6.88859]]],[[[106.11909,-6.88838],[106.11921,-6.88863],[106.11904,-6.88843],[106.11909,-6.88838]]],[[[106.30706,-6.99492],[106.30704,-6.99504],[106.30672,-6.99502],[106.30706,-6.99492]]],[[[106.27959,-6.9799],[106.27998,-6.98002],[106.2797,-6.98027],[106.27959,-6.9799]]],[[[106.26181,-6.97132],[106.26134,-6.97199],[106.26166,-6.9713],[106.26181,-6.97132]]],[[[106.34952,-6.99684],[106.34986,-6.99685],[106.34942,-6.99701],[106.34952,-6.99684]]],[[[106.36143,-6.99473],[106.36172,-6.9949],[106.36144,-6.99514],[106.36143,-6.99473]]],[[[106.32533,-6.99133],[106.32637,-6.99122],[106.32513,-6.99166],[106.32533,-6.99133]]],[[[106.37611,-6.99575],[106.37587,-6.99562],[106.37613,-6.99554],[106.37611,-6.99575]]],[[[106.37605,-6.99541],[106.37582,-6.99531],[106.37604,-6.99528],[106.37605,-6.99541]]],[[[106.37596,-6.99483],[106.37559,-6.99493],[106.37576,-6.99465],[106.37596,-6.99483]]],[[[106.37471,-6.99469],[106.37483,-6.9948],[106.37468,-6.99482],[106.37471,-6.99469]]],[[[106.37637,-6.99463],[106.37627,-6.99483],[106.37606,-6.99473],[106.37637,-6.99463]]],[[[106.37496,-6.99455],[106.37505,-6.99465],[106.37495,-6.99462],[106.37496,-6.99455]]],[[[106.37021,-6.99219],[106.36979,-6.99202],[106.36994,-6.99185],[106.37021,-6.99219]]]]}},{"type":"Feature","properties":{"n":"Kota Tangerang Selatan","p":"Banten"},"geometry":{"type":"Polygon","coordinates":[[[106.67172,-6.35962],[106.65098,-6.36219],[106.65703,-6.35843],[106.65469,-6.35053],[106.64725,-6.34415],[106.64701,-6.34043],[106.6546,-6.33535],[106.66049,-6.32808],[106.65789,-6.32503],[106.65846,-6.32016],[106.65915,-6.31803],[106.66216,-6.31729],[106.6607,-6.31558],[106.65548,-6.31578],[106.659,-6.30803],[106.65694,-6.30574],[106.65613,-6.30085],[106.65371,-6.29898],[106.65376,-6.29596],[106.6544,-6.29338],[106.65744,-6.29207],[106.65753,-6.28984],[106.65601,-6.28649],[106.64929,-6.2834],[106.64622,-6.27828],[106.6463,-6.27535],[106.65066,-6.27296],[106.65195,-6.26924],[106.64759,-6.26591],[106.64901,-6.26087],[106.64388,-6.24727],[106.64436,-6.24262],[106.63669,-6.23688],[106.6392,-6.23184],[106.63833,-6.22989],[106.66154,-6.2313],[106.68811,-6.23024],[106.69174,-6.23194],[106.6882,-6.23405],[106.68892,-6.23562],[106.6871,-6.23857],[106.6889,-6.23882],[106.69104,-6.24373],[106.69722,-6.24433],[106.696,-6.25134],[106.70401,-6.2561],[106.70457,-6.25241],[106.7068,-6.25082],[106.72345,-6.25088],[106.72494,-6.25255],[106.72917,-6.25295],[106.75184,-6.25004],[106.75494,-6.25657],[106.75438,-6.25954],[106.75148,-6.26177],[106.75652,-6.26245],[106.75248,-6.26466],[106.75318,-6.26886],[106.75062,-6.27151],[106.75153,-6.27454],[106.75691,-6.27429],[106.75717,-6.27763],[106.7622,-6.27784],[106.76011,-6.28644],[106.76297,-6.28688],[106.7631,-6.2888],[106.76613,-6.28874],[106.76816,-6.29186],[106.76721,-6.2953],[106.77015,-6.29562],[106.77124,-6.299],[106.77377,-6.29854],[106.77148,-6.29948],[106.77315,-6.30151],[106.77088,-6.30205],[106.77348,-6.30308],[106.77304,-6.30476],[106.77558,-6.30397],[106.77549,-6.30616],[106.77391,-6.30672],[106.77498,-6.30834],[106.77329,-6.30961],[106.77533,-6.3104],[106.77469,-6.31222],[106.7766,-6.31189],[106.7768,-6.31526],[106.77986,-6.31652],[106.77773,-6.32326],[106.77885,-6.32687],[106.7768,-6.32701],[106.77769,-6.32896],[106.77528,-6.33316],[106.77642,-6.33591],[106.7724,-6.33821],[106.77366,-6.33887],[106.77254,-6.34407],[106.77444,-6.3458],[106.77326,-6.34658],[106.77368,-6.35026],[106.77003,-6.35233],[106.77113,-6.35464],[106.76998,-6.36114],[106.72682,-6.36019],[106.72163,-6.36048],[106.72093,-6.36219],[106.72021,-6.36042],[106.71863,-6.36186],[106.71864,-6.3587],[106.67172,-6.35962]]]}},{"type":"Feature","properties":{"n":"Sumenep","p":"Jawa Timur"},"geometry":{"type":"MultiPolygon","coordinates":[[[[113.66403,-7.25202],[113.66554,-7.25],[113.66741,-7.24859],[113.66403,-7.25202]]],[[[113.72886,-7.25028],[113.72528,-7.2516],[113.72403,-7.24921],[113.72491,-7.24796],[113.72886,-7.25028]]],[[[113.69763,-7.2417],[113.698,-7.24173],[113.69794,-7.24193],[113.69763,-7.2417]]],[[[113.67436,-7.23846],[113.67371,-7.23944],[113.67348,-7.2382],[113.67436,-7.23846]]],[[[113.63818,-7.12329],[113.62146,-7.12442],[113.62043,-7.12589],[113.6071,-7.12583],[113.60202,-7.12845],[113.60169,-7.12468],[113.6055,-7.12131],[113.6106,-7.11282],[113.61146,-7.10556],[113.61708,-7.10352],[113.6227,-7.10402],[113.62132,-7.08516],[113.61371,-7.07968],[113.60664,-7.06925],[113.60066,-7.06584],[113.59987,-7.06288],[113.59115,-7.06117],[113.60197,-7.04583],[113.60582,-7.0441],[113.60491,-7.04255],[113.60313,-7.04127],[113.60002,-7.04214],[113.59811,-7.03894],[113.59229,-7.03869],[113.58206,-7.04355],[113.57823,-7.04115],[113.57864,-7.0381],[113.57624,-7.03139],[113.57869,-7.02792],[113.57933,-7.02432],[113.57779,-7.02252],[113.58024,-7.01848],[113.59223,-7.01662],[113.59123,-7.01193],[113.59226,-7.00944],[113.61193,-7.01136],[113.61901,-7.00949],[113.6189,-7.00818],[113.61478,-7.00686],[113.615,-7.00477],[113.61126,-7.00396],[113.6092,-7.00042],[113.60979,-6.99795],[113.60839,-6.99646],[113.61051,-6.9955],[113.60916,-6.99294],[113.61236,-6.98103],[113.60842,-6.97375],[113.61265,-6.96729],[113.6265,-6.96484],[113.62625,-6.96289],[113.62329,-6.96086],[113.62534,-6.95682],[113.62396,-6.95448],[113.62537,-6.94846],[113.6316,-6.9387],[113.63847,-6.93898],[113.63729,-6.93612],[113.63879,-6.92976],[113.64008,-6.9277],[113.64701,-6.92444],[113.64972,-6.91965],[113.64903,-6.91761],[113.64313,-6.9159],[113.63561,-6.91717],[113.63655,-6.90691],[113.64179,-6.89743],[113.64253,-6.88758],[113.65366,-6.8871],[113.6546,-6.88512],[113.65665,-6.88717],[113.66844,-6.88348],[113.68272,-6.88214],[113.7217,-6.88742],[113.7325,-6.88753],[113.7391,-6.88442],[113.74474,-6.88412],[113.76304,-6.88598],[113.77283,-6.8831],[113.79573,-6.88586],[113.8535,-6.87232],[113.8694,-6.87187],[113.87555,-6.8684],[113.88609,-6.86584],[113.89171,-6.86657],[113.90869,-6.86338],[113.92163,-6.86616],[113.93591,-6.8671],[113.94091,-6.86912],[113.94437,-6.86842],[113.95439,-6.8718],[113.96729,-6.87309],[113.9765,-6.87719],[113.98025,-6.8806],[114.0006,-6.88676],[114.02177,-6.89898],[114.09388,-6.93065],[114.10321,-6.93765],[114.10723,-6.94265],[114.11985,-6.97026],[114.12463,-6.97719],[114.12048,-6.98051],[114.11319,-6.98247],[114.10534,-6.97957],[114.09273,-6.98005],[114.0598,-7.00305],[114.0431,-7.00777],[114.03219,-7.00915],[114.02315,-7.00628],[114.0151,-7.00725],[114.012,-7.00539],[113.99917,-7.00596],[113.99502,-7.00976],[113.99495,-7.00733],[113.98895,-7.00828],[113.97577,-7.02107],[113.9661,-7.0379],[113.96171,-7.04069],[113.96001,-7.03842],[113.95677,-7.04036],[113.94933,-7.04026],[113.94698,-7.04199],[113.95037,-7.0347],[113.94902,-7.03401],[113.9447,-7.03846],[113.93883,-7.03535],[113.93816,-7.03312],[113.94172,-7.03069],[113.94205,-7.02744],[113.93878,-7.02446],[113.93966,-7.02317],[113.93618,-7.02292],[113.93648,-7.02144],[113.93281,-7.02033],[113.92953,-7.02143],[113.9236,-7.01817],[113.92234,-7.0197],[113.92407,-7.02172],[113.92016,-7.03035],[113.9229,-7.03055],[113.93028,-7.03676],[113.94512,-7.04306],[113.94836,-7.04879],[113.94791,-7.05218],[113.94376,-7.05702],[113.9411,-7.05729],[113.92812,-7.0468],[113.9207,-7.04288],[113.92028,-7.04423],[113.91565,-7.04315],[113.90672,-7.04754],[113.89181,-7.06119],[113.87834,-7.07677],[113.86877,-7.09617],[113.87723,-7.10119],[113.88395,-7.10182],[113.88536,-7.10462],[113.88809,-7.10453],[113.89001,-7.11173],[113.88869,-7.11572],[113.89215,-7.12143],[113.89483,-7.12274],[113.89274,-7.12469],[113.89191,-7.13006],[113.89329,-7.13148],[113.89185,-7.13283],[113.85704,-7.13455],[113.83226,-7.13241],[113.81597,-7.13311],[113.81121,-7.12844],[113.79958,-7.12678],[113.79635,-7.12489],[113.78513,-7.12537],[113.78168,-7.12375],[113.77057,-7.12335],[113.76765,-7.12131],[113.75142,-7.11915],[113.75034,-7.11697],[113.7462,-7.11577],[113.724,-7.11617],[113.71554,-7.11236],[113.69463,-7.11026],[113.69302,-7.11118],[113.68336,-7.10856],[113.67149,-7.11142],[113.66994,-7.11543],[113.66473,-7.11602],[113.65382,-7.12769],[113.64792,-7.12681],[113.64407,-7.12966],[113.63818,-7.12329]]],[[[113.78063,-7.21006],[113.79419,-7.21638],[113.79994,-7.21375],[113.80381,-7.21404],[113.80983,-7.21592],[113.81225,-7.22073],[113.79778,-7.22998],[113.79686,-7.23505],[113.79467,-7.23619],[113.78129,-7.22917],[113.77282,-7.22804],[113.76002,-7.21857],[113.75569,-7.21766],[113.75,-7.21894],[113.74922,-7.21789],[113.75501,-7.20599],[113.76736,-7.21001],[113.78063,-7.21006]]],[[[113.93106,-7.18811],[113.94018,-7.19954],[113.94112,-7.20344],[113.93941,-7.21445],[113.94388,-7.22007],[113.94821,-7.22083],[113.95415,-7.22476],[113.95408,-7.22795],[113.95605,-7.23063],[113.95463,-7.23225],[113.94701,-7.2297],[113.9416,-7.21911],[113.93642,-7.21362],[113.93608,-7.20933],[113.92948,-7.2037],[113.92347,-7.20286],[113.90875,-7.20995],[113.90254,-7.20904],[113.89067,-7.21214],[113.88658,-7.21148],[113.88113,-7.20306],[113.88327,-7.1935],[113.88822,-7.18959],[113.89714,-7.18411],[113.91367,-7.18001],[113.92239,-7.17399],[113.92675,-7.17502],[113.93106,-7.18811]]],[[[114.04333,-7.11272],[114.01203,-7.10511],[114.00751,-7.10632],[113.98681,-7.10625],[113.97605,-7.10018],[113.97133,-7.09961],[113.96974,-7.09762],[113.96099,-7.09659],[113.95762,-7.09265],[113.94911,-7.08837],[113.94493,-7.08791],[113.94156,-7.08963],[113.942,-7.08388],[113.93637,-7.07434],[113.93647,-7.06814],[113.94052,-7.06203],[113.94598,-7.05908],[113.9471,-7.05654],[113.95127,-7.05524],[113.95405,-7.06097],[113.9592,-7.06558],[113.96801,-7.06997],[113.97849,-7.0725],[114.0103,-7.07137],[114.01413,-7.06969],[114.04704,-7.07379],[114.05395,-7.07892],[114.05995,-7.0959],[114.06483,-7.10484],[114.06431,-7.11073],[114.0523,-7.11275],[114.04333,-7.11272]]],[[[114.045,-7.20403],[114.04583,-7.20177],[114.04779,-7.20178],[114.04628,-7.20624],[114.045,-7.20403]]],[[[114.61135,-7.16619],[114.61686,-7.16478],[114.6173,-7.16957],[114.60984,-7.17221],[114.60503,-7.17103],[114.60598,-7.16655],[114.60973,-7.16217],[114.61285,-7.16198],[114.61135,-7.16619]]],[[[114.67959,-7.15931],[114.68529,-7.16441],[114.67917,-7.16623],[114.67768,-7.16487],[114.66849,-7.16824],[114.65672,-7.17005],[114.65605,-7.16567],[114.6589,-7.16253],[114.66761,-7.15877],[114.67959,-7.15931]]],[[[114.38757,-7.18146],[114.3803,-7.17948],[114.36341,-7.17908],[114.33612,-7.16672],[114.32835,-7.16474],[114.32683,-7.1661],[114.32617,-7.16448],[114.31748,-7.16194],[114.30982,-7.15755],[114.29516,-7.14241],[114.282,-7.11783],[114.27646,-7.11074],[114.27084,-7.09407],[114.27543,-7.08288],[114.29657,-7.06291],[114.30695,-7.05891],[114.3285,-7.05525],[114.33287,-7.05578],[114.3405,-7.06011],[114.34618,-7.06605],[114.3461,-7.0681],[114.35035,-7.06973],[114.37054,-7.08696],[114.37426,-7.09586],[114.37459,-7.11153],[114.37592,-7.11525],[114.37778,-7.11554],[114.38059,-7.12146],[114.39164,-7.13286],[114.39371,-7.14084],[114.39391,-7.15225],[114.39614,-7.15793],[114.39842,-7.16114],[114.40727,-7.16527],[114.40596,-7.16975],[114.39996,-7.17467],[114.38757,-7.18146]]],[[[114.60558,-7.16142],[114.60296,-7.16206],[114.6014,-7.15985],[114.59811,-7.16404],[114.59598,-7.16423],[114.59543,-7.1626],[114.59553,-7.16414],[114.5943,-7.16278],[114.59161,-7.16428],[114.58683,-7.16237],[114.58456,-7.16401],[114.57799,-7.16398],[114.5755,-7.16631],[114.57322,-7.16461],[114.57562,-7.16205],[114.57542,-7.16006],[114.57268,-7.15712],[114.56658,-7.15458],[114.56524,-7.15095],[114.55785,-7.14909],[114.55591,-7.14498],[114.55102,-7.14174],[114.54369,-7.14356],[114.53313,-7.14174],[114.5291,-7.14349],[114.50713,-7.14505],[114.50885,-7.14638],[114.50471,-7.14646],[114.50801,-7.14952],[114.50596,-7.15297],[114.50925,-7.15381],[114.51046,-7.15244],[114.5101,-7.15371],[114.49635,-7.15893],[114.48802,-7.15954],[114.48098,-7.15706],[114.47491,-7.14627],[114.47599,-7.14109],[114.48109,-7.13821],[114.48732,-7.13911],[114.49623,-7.13688],[114.49671,-7.13784],[114.49755,-7.13749],[114.49829,-7.13617],[114.49912,-7.13576],[114.49977,-7.13875],[114.50191,-7.1391],[114.499,-7.14165],[114.49939,-7.14291],[114.50768,-7.14431],[114.51593,-7.1417],[114.51384,-7.1386],[114.51396,-7.13558],[114.523,-7.13329],[114.53764,-7.13201],[114.54776,-7.12856],[114.55423,-7.13184],[114.55694,-7.13087],[114.55788,-7.13234],[114.5658,-7.13289],[114.57574,-7.12836],[114.57852,-7.13156],[114.5782,-7.13334],[114.58361,-7.13237],[114.58536,-7.13407],[114.59019,-7.13246],[114.59541,-7.13702],[114.60177,-7.1374],[114.60394,-7.13518],[114.60499,-7.13786],[114.60686,-7.1371],[114.60958,-7.13959],[114.61317,-7.1393],[114.61457,-7.14215],[114.6121,-7.1464],[114.61371,-7.14831],[114.61656,-7.14718],[114.61364,-7.14878],[114.61601,-7.15282],[114.60563,-7.15967],[114.60558,-7.16142]]],[[[114.58627,-7.12902],[114.57965,-7.12971],[114.58412,-7.12639],[114.58738,-7.12734],[114.58627,-7.12902]]],[[[114.53289,-7.11979],[114.53884,-7.12212],[114.5366,-7.12332],[114.53782,-7.12451],[114.53682,-7.1256],[114.53437,-7.12227],[114.53284,-7.12258],[114.53289,-7.11979]]],[[[114.68514,-7.09887],[114.68275,-7.09924],[114.67778,-7.09822],[114.67629,-7.09733],[114.6849,-7.09217],[114.68783,-7.09563],[114.68514,-7.09887]]],[[[114.64855,-7.08618],[114.6437,-7.08045],[114.64608,-7.07326],[114.64886,-7.07521],[114.65096,-7.07957],[114.64955,-7.08505],[114.64855,-7.08618]]],[[[114.57843,-7.07464],[114.5713,-7.0759],[114.5749,-7.07492],[114.57813,-7.07112],[114.5792,-7.0717],[114.57843,-7.07464]]],[[[114.18458,-6.98797],[114.18338,-7.00013],[114.17927,-7.00492],[114.16654,-7.00231],[114.16138,-6.99904],[114.167,-6.97376],[114.17101,-6.96648],[114.17775,-6.96488],[114.1864,-6.97148],[114.18714,-6.98004],[114.18458,-6.98797]]],[[[114.49094,-6.99934],[114.48514,-6.99978],[114.49228,-6.9856],[114.49564,-6.99057],[114.49457,-6.99489],[114.49094,-6.99934]]],[[[114.43444,-6.96749],[114.43677,-6.96854],[114.43475,-6.97075],[114.43203,-6.98071],[114.42844,-6.97395],[114.42844,-6.96993],[114.43248,-6.9626],[114.43444,-6.96749]]],[[[114.42926,-5.55229],[114.43128,-5.54591],[114.43216,-5.54725],[114.43632,-5.54738],[114.43859,-5.5447],[114.43991,-5.54991],[114.45182,-5.547],[114.4533,-5.55291],[114.45184,-5.55409],[114.4508,-5.56138],[114.45485,-5.56525],[114.44955,-5.56915],[114.4506,-5.57149],[114.44666,-5.57213],[114.44844,-5.57685],[114.44725,-5.57904],[114.43484,-5.58804],[114.42954,-5.58691],[114.42232,-5.59003],[114.41958,-5.57713],[114.41722,-5.57414],[114.4061,-5.56928],[114.39749,-5.57129],[114.39454,-5.56797],[114.39344,-5.56464],[114.39728,-5.54908],[114.39378,-5.54278],[114.39882,-5.53917],[114.4046,-5.53887],[114.40458,-5.53725],[114.40719,-5.53666],[114.40702,-5.53488],[114.4096,-5.53287],[114.41308,-5.53238],[114.4155,-5.53638],[114.41307,-5.54565],[114.41621,-5.54798],[114.4175,-5.5514],[114.41977,-5.55224],[114.41938,-5.5491],[114.42135,-5.54603],[114.42377,-5.54756],[114.42414,-5.55021],[114.42688,-5.5488],[114.42926,-5.55229]]],[[[114.41492,-5.42791],[114.42278,-5.42962],[114.43057,-5.43608],[114.43143,-5.43941],[114.43778,-5.44579],[114.43982,-5.45323],[114.43737,-5.45845],[114.43154,-5.45831],[114.42913,-5.46158],[114.42528,-5.46057],[114.42227,-5.45599],[114.41727,-5.45378],[114.41425,-5.45015],[114.41419,-5.44735],[114.41128,-5.44457],[114.40953,-5.43979],[114.41332,-5.43338],[114.41162,-5.43196],[114.41245,-5.42996],[114.41492,-5.42791]]],[[[114.59562,-5.10245],[114.5941,-5.10401],[114.59327,-5.10277],[114.59562,-5.10245]]],[[[114.60792,-5.05676],[114.61049,-5.05837],[114.61193,-5.0624],[114.61207,-5.07414],[114.60608,-5.08304],[114.60416,-5.09693],[114.60059,-5.09467],[114.59599,-5.09589],[114.58962,-5.09068],[114.5926,-5.08639],[114.59379,-5.0751],[114.59332,-5.07194],[114.58998,-5.0707],[114.58828,-5.06116],[114.60024,-5.04732],[114.60947,-5.04297],[114.61091,-5.04707],[114.60792,-5.05676]]],[[[114.77334,-7.13294],[114.76908,-7.13278],[114.76791,-7.13099],[114.768,-7.12947],[114.77334,-7.13294]]],[[[114.78422,-7.12025],[114.77975,-7.13012],[114.77528,-7.13356],[114.77374,-7.13087],[114.7747,-7.12848],[114.77347,-7.1288],[114.77287,-7.12733],[114.77398,-7.12275],[114.77942,-7.11478],[114.78422,-7.12025]]],[[[114.79511,-7.10784],[114.79287,-7.10641],[114.79417,-7.10402],[114.79579,-7.1045],[114.79511,-7.10784]]],[[[114.69875,-7.10693],[114.69646,-7.10545],[114.69791,-7.10392],[114.69983,-7.10296],[114.70217,-7.10449],[114.69875,-7.10693]]],[[[115.19314,-7.09134],[115.19325,-7.08632],[115.19589,-7.08319],[115.19833,-7.08276],[115.20052,-7.08506],[115.20055,-7.08819],[115.19625,-7.09252],[115.19314,-7.09134]]],[[[115.5015,-7.01372],[115.50233,-7.01424],[115.50134,-7.01438],[115.5015,-7.01372]]],[[[115.46744,-6.97663],[115.46326,-6.98806],[115.46628,-6.99532],[115.47606,-7.00602],[115.46666,-7.00718],[115.46316,-7.00428],[115.44718,-7.00383],[115.44463,-7.00175],[115.43687,-7.00043],[115.42816,-6.9936],[115.42551,-6.98503],[115.43037,-6.97869],[115.44817,-6.98101],[115.45128,-6.98297],[115.45205,-6.98208],[115.44908,-6.97702],[115.4518,-6.97556],[115.45513,-6.97682],[115.45742,-6.98099],[115.46454,-6.97705],[115.46121,-6.97376],[115.46225,-6.97204],[115.46744,-6.97663]]],[[[115.29182,-6.97623],[115.29549,-6.97673],[115.29559,-6.9772],[115.29274,-6.97776],[115.29182,-6.97623]]],[[[115.25993,-6.97193],[115.26343,-6.97711],[115.26177,-6.98507],[115.25488,-6.98175],[115.25003,-6.97697],[115.24731,-6.97678],[115.24439,-6.97056],[115.25274,-6.96851],[115.25993,-6.97193]]],[[[115.41285,-6.98509],[115.4092,-6.98097],[115.40901,-6.97828],[115.41247,-6.97424],[115.41137,-6.96497],[115.41555,-6.95992],[115.41813,-6.96601],[115.41426,-6.97441],[115.41763,-6.98188],[115.4159,-6.98504],[115.41285,-6.98509]]],[[[115.32182,-6.96991],[115.32366,-6.96516],[115.32528,-6.96427],[115.3235,-6.97039],[115.32182,-6.96991]]],[[[115.34998,-6.93846],[115.35194,-6.94209],[115.35659,-6.94085],[115.35666,-6.94363],[115.36275,-6.94508],[115.36393,-6.94718],[115.35855,-6.95103],[115.36195,-6.95523],[115.37059,-6.95053],[115.3703,-6.95334],[115.37607,-6.95123],[115.37667,-6.95338],[115.38487,-6.95778],[115.38645,-6.96004],[115.3845,-6.96303],[115.38893,-6.96453],[115.39195,-6.96985],[115.39066,-6.97593],[115.38638,-6.97751],[115.38014,-6.97385],[115.37484,-6.97335],[115.38636,-6.98139],[115.39672,-6.97871],[115.40179,-6.98193],[115.40351,-6.98879],[115.39115,-6.99051],[115.38095,-6.99521],[115.36186,-6.99185],[115.35157,-6.9958],[115.34443,-6.99338],[115.33324,-6.99567],[115.32968,-6.99338],[115.32778,-6.98469],[115.32256,-6.98094],[115.32049,-6.97467],[115.31498,-6.96972],[115.316,-6.96848],[115.31619,-6.97026],[115.32212,-6.97056],[115.32333,-6.97235],[115.32529,-6.96969],[115.32567,-6.96171],[115.32091,-6.95991],[115.31798,-6.96208],[115.31914,-6.95808],[115.31537,-6.95634],[115.31338,-6.95104],[115.31111,-6.95571],[115.30507,-6.95181],[115.30294,-6.94816],[115.30024,-6.9535],[115.30149,-6.95632],[115.29809,-6.95614],[115.30264,-6.96029],[115.30392,-6.96549],[115.3068,-6.96758],[115.30633,-6.9705],[115.30937,-6.97767],[115.30378,-6.97795],[115.2965,-6.97157],[115.28985,-6.97216],[115.28599,-6.97007],[115.28722,-6.97454],[115.29065,-6.97635],[115.28863,-6.9781],[115.28952,-6.98006],[115.30051,-6.98836],[115.30045,-6.99052],[115.29847,-6.99164],[115.30077,-6.99833],[115.297,-7.00293],[115.29203,-7.00528],[115.29112,-7.00989],[115.29331,-7.01258],[115.27994,-7.00333],[115.27345,-6.99408],[115.26603,-6.99418],[115.26296,-6.98344],[115.26423,-6.97625],[115.26087,-6.97247],[115.26272,-6.96358],[115.25907,-6.96263],[115.25571,-6.95471],[115.26063,-6.95131],[115.26645,-6.95126],[115.27373,-6.94884],[115.27509,-6.94312],[115.27359,-6.94076],[115.26975,-6.9414],[115.26965,-6.93546],[115.26243,-6.93585],[115.25808,-6.94243],[115.25437,-6.94096],[115.25326,-6.94514],[115.24729,-6.94804],[115.24444,-6.94509],[115.24458,-6.93882],[115.24293,-6.93481],[115.24008,-6.93322],[115.23819,-6.94121],[115.2357,-6.94431],[115.22934,-6.94128],[115.23068,-6.94007],[115.22901,-6.93875],[115.22911,-6.93598],[115.22522,-6.93623],[115.2243,-6.93473],[115.22199,-6.93487],[115.21421,-6.94173],[115.21128,-6.94245],[115.20362,-6.93882],[115.20269,-6.93694],[115.20477,-6.93096],[115.20701,-6.93157],[115.20703,-6.93001],[115.20993,-6.92851],[115.21018,-6.92347],[115.20601,-6.91822],[115.20729,-6.92715],[115.20358,-6.92682],[115.19755,-6.92191],[115.19943,-6.91838],[115.19981,-6.90733],[115.20162,-6.90655],[115.20286,-6.89744],[115.20657,-6.88967],[115.22008,-6.88268],[115.22706,-6.88276],[115.22952,-6.88585],[115.2328,-6.88389],[115.23947,-6.88596],[115.24233,-6.87888],[115.23958,-6.87839],[115.23836,-6.8727],[115.24244,-6.87295],[115.24366,-6.87656],[115.24408,-6.87391],[115.25305,-6.86224],[115.2522,-6.85194],[115.24839,-6.84445],[115.24301,-6.84292],[115.23623,-6.83803],[115.23213,-6.83949],[115.23121,-6.83851],[115.23098,-6.84081],[115.22817,-6.84109],[115.22689,-6.84312],[115.22605,-6.8406],[115.22735,-6.83773],[115.23257,-6.83283],[115.2361,-6.83372],[115.2462,-6.82705],[115.26239,-6.82671],[115.27541,-6.82737],[115.29802,-6.83205],[115.30909,-6.83183],[115.31847,-6.83431],[115.34212,-6.83219],[115.35084,-6.83409],[115.36602,-6.83358],[115.37786,-6.83546],[115.39299,-6.83455],[115.4053,-6.8369],[115.41311,-6.84039],[115.43646,-6.84658],[115.43939,-6.84982],[115.44332,-6.84953],[115.45232,-6.85275],[115.4766,-6.863],[115.48974,-6.87081],[115.51896,-6.88175],[115.54251,-6.90164],[115.54776,-6.90327],[115.55469,-6.90296],[115.55943,-6.90608],[115.56342,-6.91446],[115.56447,-6.9224],[115.57591,-6.93234],[115.57231,-6.93437],[115.57028,-6.94334],[115.56377,-6.94427],[115.5631,-6.94809],[115.55892,-6.94911],[115.55586,-6.95223],[115.55307,-6.95202],[115.55244,-6.95494],[115.55412,-6.95782],[115.55102,-6.96488],[115.54816,-6.96606],[115.5362,-6.95903],[115.52885,-6.9513],[115.5192,-6.94517],[115.50907,-6.94572],[115.50179,-6.9486],[115.50192,-6.9506],[115.49727,-6.94865],[115.4944,-6.94453],[115.49657,-6.94122],[115.49229,-6.93862],[115.4936,-6.936],[115.49146,-6.93507],[115.48811,-6.93689],[115.48801,-6.9299],[115.48538,-6.92745],[115.48579,-6.93175],[115.48433,-6.93401],[115.47624,-6.93096],[115.47812,-6.92593],[115.48037,-6.92627],[115.47561,-6.92313],[115.47111,-6.92884],[115.46743,-6.93084],[115.46477,-6.93033],[115.45903,-6.93353],[115.45768,-6.92819],[115.45392,-6.93153],[115.45485,-6.92785],[115.46195,-6.92177],[115.45709,-6.92008],[115.45504,-6.92098],[115.45569,-6.91377],[115.45301,-6.91249],[115.45117,-6.91349],[115.44909,-6.91104],[115.44538,-6.91198],[115.44684,-6.91559],[115.44411,-6.91706],[115.44683,-6.91994],[115.44586,-6.9247],[115.44138,-6.91907],[115.43392,-6.9209],[115.43183,-6.92009],[115.43099,-6.91657],[115.42972,-6.91827],[115.42811,-6.91667],[115.42599,-6.91893],[115.42177,-6.91567],[115.42453,-6.93219],[115.42117,-6.93245],[115.41872,-6.92829],[115.41722,-6.92936],[115.41834,-6.93158],[115.41733,-6.93302],[115.42049,-6.93601],[115.41981,-6.93688],[115.40967,-6.93342],[115.41282,-6.93684],[115.41295,-6.93918],[115.41695,-6.94196],[115.4123,-6.94251],[115.40856,-6.93881],[115.40842,-6.93358],[115.40616,-6.9332],[115.40657,-6.92415],[115.40098,-6.92351],[115.39928,-6.92664],[115.39866,-6.92362],[115.39717,-6.92376],[115.39607,-6.91947],[115.39883,-6.91834],[115.39753,-6.91709],[115.39862,-6.91483],[115.39571,-6.91456],[115.39518,-6.91263],[115.39779,-6.90973],[115.39749,-6.90704],[115.39467,-6.90802],[115.39448,-6.90589],[115.38994,-6.90374],[115.38752,-6.90983],[115.38385,-6.91081],[115.38488,-6.91553],[115.38203,-6.91786],[115.38238,-6.92243],[115.38109,-6.92319],[115.38025,-6.9193],[115.38151,-6.91435],[115.37947,-6.91415],[115.37836,-6.9118],[115.37976,-6.90911],[115.37812,-6.90486],[115.37862,-6.89941],[115.37658,-6.8993],[115.37377,-6.90072],[115.37217,-6.89945],[115.37308,-6.90409],[115.36799,-6.90627],[115.36766,-6.91018],[115.36482,-6.90988],[115.36478,-6.91217],[115.37008,-6.91606],[115.3687,-6.9173],[115.36918,-6.92353],[115.36727,-6.9239],[115.36589,-6.92202],[115.36517,-6.92472],[115.36895,-6.92919],[115.36606,-6.9267],[115.35831,-6.9247],[115.35732,-6.91884],[115.3541,-6.91586],[115.35319,-6.91903],[115.34989,-6.91914],[115.353,-6.92274],[115.35205,-6.9246],[115.34941,-6.92501],[115.33858,-6.9182],[115.33693,-6.91864],[115.33749,-6.9219],[115.33357,-6.92016],[115.33461,-6.92121],[115.33305,-6.92229],[115.33624,-6.92746],[115.33397,-6.9288],[115.33858,-6.93209],[115.33043,-6.93104],[115.33382,-6.93571],[115.33861,-6.93673],[115.33886,-6.9448],[115.33669,-6.94766],[115.34118,-6.9456],[115.3436,-6.93718],[115.35281,-6.93722],[115.34998,-6.93846]]],[[[115.2592,-6.96978],[115.24924,-6.962],[115.25045,-6.95976],[115.25494,-6.96117],[115.26105,-6.96837],[115.2592,-6.96978]]],[[[115.49627,-6.9643],[115.49968,-6.96256],[115.50106,-6.96413],[115.49832,-6.966],[115.49627,-6.9643]]],[[[115.3065,-6.96314],[115.30598,-6.95948],[115.3091,-6.96368],[115.3065,-6.96314]]],[[[115.50686,-6.95946],[115.50404,-6.95921],[115.50313,-6.95809],[115.5067,-6.95688],[115.50779,-6.95781],[115.50686,-6.95946]]],[[[115.43629,-6.95816],[115.43723,-6.95675],[115.43796,-6.9568],[115.43783,-6.95886],[115.43629,-6.95816]]],[[[115.49771,-6.95713],[115.49838,-6.9542],[115.50271,-6.95654],[115.50065,-6.95838],[115.49771,-6.95713]]],[[[115.50501,-6.95195],[115.5037,-6.95275],[115.50437,-6.95405],[115.50153,-6.95386],[115.50358,-6.95095],[115.50501,-6.95195]]],[[[115.50147,-6.95098],[115.50138,-6.95133],[115.50111,-6.95129],[115.50147,-6.95098]]],[[[115.50116,-6.95068],[115.50101,-6.9511],[115.50078,-6.95099],[115.50116,-6.95068]]],[[[115.50073,-6.95059],[115.50036,-6.95078],[115.5005,-6.95051],[115.50073,-6.95059]]],[[[115.50559,-6.95036],[115.50794,-6.94887],[115.50897,-6.95056],[115.50729,-6.95236],[115.50559,-6.95036]]],[[[115.41526,-6.94985],[115.41762,-6.9514],[115.4165,-6.95363],[115.41368,-6.95153],[115.41372,-6.94848],[115.41611,-6.94663],[115.41699,-6.94873],[115.41526,-6.94985]]],[[[115.49021,-6.94443],[115.49292,-6.94347],[115.49875,-6.95309],[115.49014,-6.94981],[115.48959,-6.94641],[115.48599,-6.94396],[115.48698,-6.94191],[115.49021,-6.94443]]],[[[115.46052,-6.94874],[115.45795,-6.94735],[115.46211,-6.94596],[115.46224,-6.94789],[115.46052,-6.94874]]],[[[115.4327,-6.94604],[115.43216,-6.94275],[115.4327,-6.94221],[115.43456,-6.94738],[115.4327,-6.94604]]],[[[115.36421,-6.94395],[115.36507,-6.945],[115.36384,-6.94525],[115.36421,-6.94395]]],[[[115.47659,-6.94268],[115.47719,-6.94124],[115.48182,-6.94304],[115.48034,-6.94545],[115.47325,-6.94523],[115.47278,-6.94138],[115.47659,-6.94268]]],[[[115.38706,-6.93867],[115.38417,-6.93896],[115.38576,-6.93666],[115.38706,-6.93867]]],[[[115.35833,-6.93498],[115.3603,-6.93522],[115.36043,-6.93642],[115.35856,-6.9361],[115.35833,-6.93498]]],[[[115.44008,-6.9231],[115.44024,-6.93053],[115.43782,-6.92912],[115.43513,-6.93325],[115.43819,-6.93487],[115.43571,-6.94013],[115.4371,-6.94625],[115.43433,-6.94154],[115.43174,-6.9418],[115.43022,-6.93786],[115.43327,-6.93508],[115.43362,-6.93109],[115.43566,-6.92997],[115.43373,-6.92808],[115.43427,-6.92515],[115.43124,-6.92314],[115.43644,-6.92071],[115.44008,-6.9231]]],[[[115.38327,-6.93287],[115.38449,-6.93245],[115.38382,-6.93362],[115.38327,-6.93287]]],[[[115.37271,-6.93069],[115.37132,-6.92775],[115.37457,-6.92999],[115.37271,-6.93069]]],[[[115.40529,-6.92704],[115.40594,-6.92767],[115.40514,-6.9278],[115.40529,-6.92704]]],[[[115.20737,-6.92215],[115.20825,-6.92211],[115.20787,-6.92253],[115.20737,-6.92215]]],[[[115.23581,-6.87425],[115.23738,-6.87377],[115.23593,-6.87491],[115.23581,-6.87425]]],[[[115.21617,-6.84313],[115.21841,-6.8393],[115.21943,-6.83916],[115.221,-6.84394],[115.21676,-6.84574],[115.21617,-6.84313]]],[[[115.78329,-7.10961],[115.79124,-7.11735],[115.7968,-7.12085],[115.7984,-7.12483],[115.7959,-7.12734],[115.79872,-7.12819],[115.79367,-7.13429],[115.79357,-7.13884],[115.79786,-7.14087],[115.80209,-7.14793],[115.80461,-7.14477],[115.80852,-7.14671],[115.80892,-7.15389],[115.81304,-7.15239],[115.81457,-7.14955],[115.8205,-7.14803],[115.83555,-7.14894],[115.83771,-7.15157],[115.83704,-7.15669],[115.84318,-7.1627],[115.84996,-7.16264],[115.85367,-7.15991],[115.8577,-7.16009],[115.86057,-7.15814],[115.86579,-7.16252],[115.86903,-7.16322],[115.86949,-7.15826],[115.87228,-7.15668],[115.87661,-7.16052],[115.8852,-7.16448],[115.88745,-7.16117],[115.89038,-7.16204],[115.89302,-7.1589],[115.89279,-7.15767],[115.8908,-7.15866],[115.8898,-7.15732],[115.89242,-7.14992],[115.88995,-7.14663],[115.88763,-7.14689],[115.88727,-7.15413],[115.88293,-7.16068],[115.87991,-7.15986],[115.87344,-7.15151],[115.87004,-7.13674],[115.87048,-7.13173],[115.87816,-7.12822],[115.88812,-7.12029],[115.88977,-7.12189],[115.88953,-7.12428],[115.89325,-7.12617],[115.88998,-7.1321],[115.89029,-7.13661],[115.89224,-7.13834],[115.8964,-7.13244],[115.89912,-7.11634],[115.89806,-7.11336],[115.8913,-7.11004],[115.89601,-7.10558],[115.90687,-7.10264],[115.90237,-7.12093],[115.89927,-7.17413],[115.89343,-7.19247],[115.88501,-7.20021],[115.87784,-7.20247],[115.8366,-7.20669],[115.82884,-7.20622],[115.81904,-7.19802],[115.79378,-7.18658],[115.77174,-7.18044],[115.75456,-7.17158],[115.74674,-7.16386],[115.74161,-7.15252],[115.74769,-7.15059],[115.75337,-7.14588],[115.75421,-7.14395],[115.75224,-7.14133],[115.76082,-7.13502],[115.76068,-7.13077],[115.76293,-7.12939],[115.76739,-7.1331],[115.76968,-7.14113],[115.77197,-7.14288],[115.77171,-7.14677],[115.76989,-7.14869],[115.77538,-7.15002],[115.77423,-7.14418],[115.77707,-7.1425],[115.77485,-7.14252],[115.77136,-7.13731],[115.77412,-7.13123],[115.77893,-7.129],[115.77726,-7.12462],[115.78008,-7.12374],[115.78051,-7.1194],[115.77674,-7.11675],[115.77996,-7.10986],[115.78329,-7.10961]]],[[[115.86887,-7.15644],[115.87002,-7.15496],[115.86954,-7.15753],[115.86887,-7.15644]]],[[[115.83983,-7.15083],[115.84188,-7.15192],[115.83957,-7.15197],[115.83983,-7.15083]]],[[[115.85506,-7.14948],[115.85478,-7.14757],[115.85741,-7.14492],[115.86459,-7.14814],[115.86315,-7.14945],[115.86375,-7.15121],[115.85983,-7.15221],[115.85506,-7.14948]]],[[[115.85349,-7.14212],[115.85383,-7.14736],[115.85134,-7.14768],[115.85075,-7.14209],[115.85349,-7.14212]]],[[[115.8421,-7.1414],[115.84334,-7.14501],[115.8415,-7.14591],[115.84045,-7.1428],[115.8421,-7.1414]]],[[[115.83622,-7.14024],[115.8349,-7.13855],[115.83669,-7.13642],[115.84141,-7.13669],[115.84134,-7.14047],[115.83622,-7.14024]]],[[[115.767,-7.12029],[115.77144,-7.1261],[115.76997,-7.12959],[115.76886,-7.1286],[115.76703,-7.1305],[115.76536,-7.12832],[115.76042,-7.12923],[115.76296,-7.12548],[115.76275,-7.12149],[115.767,-7.12029]]],[[[115.76779,-7.11958],[115.76748,-7.12016],[115.76734,-7.11964],[115.76779,-7.11958]]],[[[115.76353,-7.11561],[115.7597,-7.11871],[115.75746,-7.11796],[115.75603,-7.1152],[115.75845,-7.11416],[115.76353,-7.11561]]],[[[115.75943,-7.10602],[115.77044,-7.10966],[115.77026,-7.11547],[115.76375,-7.11503],[115.75727,-7.11218],[115.75943,-7.10602]]],[[[115.75842,-7.10273],[115.75819,-7.10401],[115.75795,-7.10271],[115.75842,-7.10273]]],[[[115.76549,-7.08843],[115.76633,-7.09132],[115.76398,-7.09744],[115.75743,-7.09856],[115.75505,-7.10791],[115.74952,-7.10368],[115.74854,-7.10094],[115.74961,-7.09832],[115.75412,-7.09539],[115.7535,-7.08988],[115.75472,-7.08681],[115.76137,-7.08443],[115.76549,-7.08843]]],[[[115.69555,-7.05922],[115.70794,-7.05824],[115.71118,-7.06023],[115.7125,-7.0632],[115.71205,-7.06945],[115.70901,-7.07243],[115.70523,-7.07398],[115.69316,-7.07225],[115.6874,-7.06853],[115.68427,-7.06336],[115.68636,-7.05622],[115.69555,-7.05922]]],[[[115.80079,-7.05978],[115.80296,-7.05407],[115.80426,-7.05157],[115.80079,-7.05978]]],[[[115.59473,-7.05269],[115.59416,-7.05444],[115.59358,-7.05469],[115.59367,-7.05363],[115.59473,-7.05269]]],[[[115.66165,-7.0413],[115.66975,-7.05607],[115.66965,-7.05826],[115.67518,-7.06205],[115.66799,-7.06652],[115.65344,-7.06432],[115.64963,-7.0602],[115.64834,-7.05505],[115.64845,-7.04655],[115.64976,-7.04446],[115.65959,-7.04054],[115.66165,-7.0413]]],[[[115.60296,-7.05385],[115.59647,-7.05357],[115.59616,-7.05119],[115.59912,-7.05041],[115.60296,-7.05385]]],[[[115.63657,-7.0364],[115.63385,-7.05646],[115.6366,-7.05798],[115.63576,-7.06114],[115.63052,-7.06484],[115.62138,-7.06467],[115.61562,-7.06252],[115.61674,-7.05865],[115.61318,-7.05646],[115.61817,-7.04716],[115.61481,-7.04955],[115.6069,-7.04853],[115.60282,-7.05245],[115.59987,-7.05066],[115.60086,-7.04762],[115.60017,-7.04368],[115.59559,-7.04037],[115.5965,-7.03819],[115.59817,-7.03874],[115.60043,-7.03662],[115.60489,-7.03784],[115.60656,-7.03995],[115.61349,-7.03726],[115.61802,-7.04005],[115.62724,-7.04223],[115.62702,-7.03728],[115.63187,-7.03399],[115.63657,-7.0364]]],[[[115.5994,-7.04586],[115.60033,-7.04778],[115.59954,-7.0487],[115.59897,-7.04836],[115.5994,-7.04586]]],[[[115.8107,-7.03769],[115.81302,-7.03241],[115.81681,-7.03266],[115.81331,-7.03879],[115.8107,-7.03769]]],[[[115.53317,-7.03378],[115.53385,-7.0339],[115.53372,-7.03427],[115.53317,-7.03378]]],[[[115.69745,-7.02718],[115.69025,-7.02324],[115.69419,-7.01978],[115.69666,-7.02066],[115.69896,-7.0243],[115.69745,-7.02718]]],[[[115.55482,-7.01303],[115.55509,-7.01818],[115.55134,-7.02123],[115.54943,-7.02522],[115.54147,-7.02788],[115.54135,-7.02502],[115.53939,-7.02522],[115.5396,-7.01823],[115.54035,-7.01406],[115.54344,-7.01182],[115.5436,-7.00999],[115.55122,-7.011],[115.55482,-7.01303]]],[[[115.69193,-7.0107],[115.69011,-7.00937],[115.69218,-7.00953],[115.69193,-7.0107]]],[[[115.54288,-7.01007],[115.53929,-7.01051],[115.54266,-7.00897],[115.54288,-7.01007]]],[[[115.66044,-7.00791],[115.66232,-7.00725],[115.6639,-7.00928],[115.66148,-7.01096],[115.66044,-7.00791]]],[[[115.54607,-6.98447],[115.54538,-6.99755],[115.54402,-6.99938],[115.54237,-6.99785],[115.54195,-6.99099],[115.54062,-6.99027],[115.54054,-6.99386],[115.53844,-6.99468],[115.53883,-6.9977],[115.53601,-7.0025],[115.53738,-7.00672],[115.54092,-7.00873],[115.53621,-7.00749],[115.53861,-7.01229],[115.53749,-7.02204],[115.53854,-7.02224],[115.53586,-7.02516],[115.53383,-7.03336],[115.53068,-7.03272],[115.52866,-7.0341],[115.52857,-7.0319],[115.52376,-7.02788],[115.52281,-7.02467],[115.51638,-7.01734],[115.50435,-7.01432],[115.50843,-7.01326],[115.5115,-7.00751],[115.51535,-7.00596],[115.51737,-7.00254],[115.51748,-7.0041],[115.51944,-7.00674],[115.51693,-6.99987],[115.51916,-6.99783],[115.52698,-6.99642],[115.52867,-6.9904],[115.53167,-6.98852],[115.53783,-6.988],[115.538,-6.98605],[115.54292,-6.98155],[115.54607,-6.98447]]],[[[115.70448,-7.00935],[115.70507,-7.00257],[115.70882,-7.00066],[115.71186,-7.00486],[115.70786,-7.00998],[115.7061,-7.01097],[115.70448,-7.00935]]],[[[115.59806,-7.00448],[115.59492,-7.00386],[115.59867,-7.00179],[115.59806,-7.00448]]],[[[115.60537,-7.00076],[115.60527,-7.00247],[115.60168,-7.00199],[115.60222,-7.00058],[115.60537,-7.00076]]],[[[115.58743,-6.99969],[115.58875,-6.99898],[115.58857,-6.99996],[115.58743,-6.99969]]],[[[115.60117,-6.99557],[115.60124,-6.99449],[115.6019,-6.99477],[115.60117,-6.99557]]],[[[115.5876,-6.98972],[115.58513,-6.99552],[115.58322,-6.99222],[115.57785,-6.99135],[115.57951,-6.9894],[115.57879,-6.98581],[115.58196,-6.98507],[115.58612,-6.98692],[115.5876,-6.98972]]],[[[115.58647,-6.9397],[115.63685,-6.9668],[115.64476,-6.96998],[115.64607,-6.96925],[115.64719,-6.97247],[115.65284,-6.97515],[115.65539,-6.9797],[115.66548,-6.9851],[115.668,-6.98853],[115.67093,-6.98781],[115.67385,-6.98926],[115.67592,-6.99206],[115.67579,-6.99506],[115.68383,-7.00052],[115.68525,-7.01282],[115.6819,-7.0145],[115.6784,-7.0132],[115.66811,-7.00485],[115.64824,-6.99736],[115.64081,-6.9968],[115.632,-7.00551],[115.62384,-7.00087],[115.61946,-7.00323],[115.61714,-7.00181],[115.61525,-7.00304],[115.60874,-6.9989],[115.6068,-6.99573],[115.60072,-6.99262],[115.59786,-6.99241],[115.59736,-6.99551],[115.59234,-6.99278],[115.58991,-6.99309],[115.5925,-6.99073],[115.58921,-6.98689],[115.5915,-6.98439],[115.59236,-6.97916],[115.58401,-6.97428],[115.57247,-6.97537],[115.56518,-6.96026],[115.57042,-6.95574],[115.57233,-6.96084],[115.57632,-6.96204],[115.57729,-6.95987],[115.57391,-6.95554],[115.57194,-6.947],[115.57303,-6.94478],[115.5766,-6.94524],[115.57666,-6.94168],[115.5783,-6.94101],[115.57877,-6.9428],[115.58222,-6.94442],[115.5817,-6.94003],[115.58647,-6.9397]]],[[[115.76115,-6.96804],[115.76171,-6.97038],[115.75798,-6.97606],[115.75559,-6.97615],[115.74801,-6.97113],[115.7507,-6.9693],[115.75339,-6.96977],[115.75786,-6.96606],[115.76115,-6.96804]]],[[[115.55554,-6.96739],[115.55213,-6.96813],[115.5534,-6.96387],[115.55537,-6.963],[115.55554,-6.96739]]],[[[115.70967,-6.96216],[115.70941,-6.96499],[115.70703,-6.96703],[115.70815,-6.96527],[115.70967,-6.96216]]],[[[115.52439,-6.95897],[115.52577,-6.95884],[115.52563,-6.95948],[115.52439,-6.95897]]],[[[115.52154,-6.96001],[115.51812,-6.96011],[115.52276,-6.95512],[115.52218,-6.95362],[115.52425,-6.95326],[115.52512,-6.95719],[115.52154,-6.96001]]],[[[115.90535,-6.95015],[115.92359,-6.95131],[115.9313,-6.95487],[115.93492,-6.95817],[115.9354,-6.96134],[115.93321,-6.96213],[115.92866,-6.9604],[115.92726,-6.96409],[115.92827,-6.96024],[115.92633,-6.95943],[115.90816,-6.96268],[115.90149,-6.96019],[115.90099,-6.95191],[115.90535,-6.95015]]],[[[115.78926,-6.9379],[115.79386,-6.94241],[115.79459,-6.93889],[115.79653,-6.94698],[115.79571,-6.95484],[115.78943,-6.96315],[115.78484,-6.96412],[115.77859,-6.96258],[115.78863,-6.93717],[115.79092,-6.93665],[115.78926,-6.9379]]],[[[115.87695,-6.94044],[115.88399,-6.95069],[115.87871,-6.95944],[115.87458,-6.96153],[115.8686,-6.96141],[115.86927,-6.95744],[115.86763,-6.9511],[115.87118,-6.94728],[115.8742,-6.93894],[115.87695,-6.94044]]],[[[115.52155,-6.94822],[115.52236,-6.95046],[115.51812,-6.95265],[115.51469,-6.94931],[115.51249,-6.95207],[115.50882,-6.94795],[115.51646,-6.94627],[115.52155,-6.94822]]],[[[115.87107,-6.94012],[115.8714,-6.94007],[115.87128,-6.94022],[115.87107,-6.94012]]],[[[116.26059,-6.93071],[116.2673,-6.93557],[116.27019,-6.93977],[116.26812,-6.93905],[116.26667,-6.94357],[116.26372,-6.94603],[116.25028,-6.95002],[116.23991,-6.94831],[116.23551,-6.946],[116.23469,-6.94295],[116.23681,-6.93758],[116.24382,-6.9361],[116.25371,-6.93027],[116.26512,-6.93489],[116.25223,-6.92852],[116.26059,-6.93071]]],[[[115.63626,-6.93386],[115.63757,-6.93627],[115.63643,-6.9374],[115.63539,-6.9356],[115.63626,-6.93386]]],[[[115.74811,-6.93202],[115.74837,-6.92838],[115.74964,-6.93052],[115.74874,-6.9347],[115.74538,-6.93601],[115.74811,-6.93202]]],[[[115.79843,-6.79663],[115.79882,-6.79658],[115.7988,-6.79675],[115.79843,-6.79663]]],[[[115.79883,-6.79437],[115.79911,-6.79468],[115.79876,-6.79458],[115.79883,-6.79437]]],[[[115.65495,-6.71938],[115.65632,-6.71892],[115.65547,-6.72157],[115.65495,-6.71938]]],[[[115.63529,-6.67425],[115.6353,-6.67116],[115.63641,-6.6703],[115.63529,-6.67425]]],[[[115.73729,-6.65283],[115.73736,-6.65417],[115.73686,-6.65546],[115.73729,-6.65283]]],[[[115.71541,-6.63146],[115.71536,-6.63328],[115.71296,-6.63485],[115.71346,-6.63302],[115.71541,-6.63146]]],[[[115.51317,-6.60525],[115.51335,-6.60657],[115.51272,-6.60838],[115.51245,-6.60682],[115.51317,-6.60525]]],[[[115.54419,-6.56257],[115.54601,-6.56135],[115.54603,-6.56209],[115.54419,-6.56257]]],[[[115.74837,-6.48301],[115.75095,-6.48478],[115.75,-6.48655],[115.74866,-6.48595],[115.74837,-6.48301]]]]}},{"type":"Feature","properties":{"n":"Cirebon","p":"Jawa Barat"},"geometry":{"type":"Polygon","coordinates":[[[108.41841,-6.78185],[108.40875,-6.79101],[108.40235,-6.79163],[108.39993,-6.79507],[108.39796,-6.79514],[108.39656,-6.79106],[108.3922,-6.78879],[108.40069,-6.77918],[108.399,-6.77362],[108.38902,-6.7675],[108.38661,-6.76368],[108.38445,-6.76517],[108.37347,-6.75939],[108.36504,-6.7594],[108.35895,-6.75117],[108.3599,-6.74232],[108.36863,-6.73657],[108.37022,-6.73317],[108.36625,-6.72929],[108.36466,-6.72454],[108.3595,-6.72066],[108.36171,-6.71774],[108.36082,-6.7149],[108.35902,-6.71534],[108.3583,-6.71396],[108.36002,-6.71059],[108.36361,-6.7098],[108.36545,-6.70674],[108.36505,-6.70383],[108.36874,-6.703],[108.3681,-6.69917],[108.3621,-6.69342],[108.3596,-6.68767],[108.3553,-6.68475],[108.35282,-6.67934],[108.33789,-6.67377],[108.3366,-6.6715],[108.34,-6.66533],[108.33976,-6.66004],[108.34336,-6.65473],[108.34406,-6.64747],[108.34718,-6.63883],[108.34452,-6.63562],[108.34599,-6.625],[108.34325,-6.62271],[108.33249,-6.62236],[108.32359,-6.62082],[108.32352,-6.61949],[108.32536,-6.61705],[108.3255,-6.61296],[108.33072,-6.60793],[108.32803,-6.60275],[108.32864,-6.59835],[108.33118,-6.59411],[108.35236,-6.57268],[108.36086,-6.55478],[108.36823,-6.55571],[108.37282,-6.5489],[108.37674,-6.54638],[108.38641,-6.54539],[108.38915,-6.53859],[108.39407,-6.53441],[108.40408,-6.53569],[108.40834,-6.53016],[108.4175,-6.52452],[108.4301,-6.52026],[108.43757,-6.52215],[108.44684,-6.53207],[108.44693,-6.54638],[108.44463,-6.54748],[108.44328,-6.56468],[108.44643,-6.56432],[108.44724,-6.56925],[108.45423,-6.57309],[108.45773,-6.57245],[108.46017,-6.56836],[108.46751,-6.56988],[108.46829,-6.5679],[108.47031,-6.5677],[108.47019,-6.56467],[108.47359,-6.56458],[108.47335,-6.56138],[108.4753,-6.55825],[108.4818,-6.55915],[108.48354,-6.55648],[108.487,-6.55931],[108.49152,-6.55576],[108.49069,-6.54545],[108.49415,-6.54257],[108.50089,-6.54204],[108.50101,-6.537],[108.50277,-6.53402],[108.50658,-6.53387],[108.50988,-6.52867],[108.51378,-6.52715],[108.519,-6.52761],[108.51908,-6.52198],[108.52552,-6.51753],[108.53902,-6.51615],[108.54382,-6.53136],[108.54301,-6.54059],[108.54605,-6.55715],[108.54329,-6.57114],[108.54457,-6.59053],[108.55278,-6.62281],[108.55156,-6.62462],[108.55709,-6.63821],[108.56151,-6.64331],[108.55781,-6.64614],[108.55662,-6.66137],[108.56036,-6.6838],[108.56297,-6.69059],[108.55241,-6.69683],[108.55079,-6.70022],[108.54796,-6.70128],[108.54667,-6.698],[108.54292,-6.69651],[108.54235,-6.70364],[108.54431,-6.70292],[108.54492,-6.70475],[108.54219,-6.70645],[108.54221,-6.70936],[108.54478,-6.70998],[108.54395,-6.70706],[108.54908,-6.70754],[108.54868,-6.71893],[108.54674,-6.72059],[108.54896,-6.72156],[108.54882,-6.72557],[108.54668,-6.72588],[108.54633,-6.72443],[108.54496,-6.728],[108.54479,-6.72582],[108.54236,-6.72669],[108.54048,-6.72487],[108.53664,-6.72656],[108.53581,-6.72522],[108.53576,-6.72943],[108.52782,-6.73127],[108.52348,-6.73439],[108.52271,-6.7369],[108.51823,-6.73721],[108.51922,-6.74088],[108.52211,-6.74347],[108.52142,-6.74747],[108.52272,-6.74605],[108.52471,-6.74805],[108.52716,-6.74775],[108.5267,-6.7523],[108.52919,-6.75299],[108.53129,-6.7589],[108.53266,-6.75773],[108.53724,-6.76077],[108.53061,-6.77378],[108.5296,-6.77918],[108.5336,-6.7865],[108.53698,-6.78636],[108.54248,-6.79109],[108.54118,-6.79279],[108.54433,-6.79635],[108.54976,-6.79282],[108.55095,-6.7877],[108.55427,-6.7836],[108.55418,-6.77152],[108.55571,-6.76562],[108.55885,-6.76458],[108.56041,-6.75587],[108.56674,-6.7539],[108.57018,-6.75011],[108.57562,-6.74993],[108.57672,-6.7515],[108.58174,-6.74724],[108.5843,-6.7472],[108.58679,-6.74995],[108.58908,-6.74948],[108.58992,-6.74845],[108.58836,-6.74515],[108.59111,-6.7433],[108.5962,-6.74557],[108.59796,-6.75803],[108.60251,-6.76337],[108.6116,-6.76873],[108.61756,-6.76476],[108.62467,-6.76921],[108.63013,-6.76878],[108.6289,-6.75943],[108.63097,-6.7682],[108.64235,-6.76414],[108.64233,-6.76261],[108.65025,-6.75474],[108.64926,-6.74828],[108.65337,-6.74672],[108.65356,-6.75027],[108.66189,-6.7591],[108.67287,-6.76562],[108.67616,-6.76489],[108.67625,-6.76859],[108.67827,-6.76918],[108.67623,-6.77248],[108.67929,-6.77572],[108.67987,-6.78385],[108.67732,-6.78567],[108.67809,-6.7901],[108.68117,-6.79115],[108.68535,-6.79844],[108.68499,-6.80051],[108.69664,-6.80401],[108.69949,-6.8072],[108.70447,-6.80925],[108.71877,-6.81061],[108.72423,-6.8089],[108.72484,-6.80694],[108.72892,-6.80763],[108.72961,-6.80462],[108.72945,-6.80834],[108.73172,-6.79825],[108.73006,-6.80568],[108.73228,-6.80615],[108.73325,-6.80155],[108.73207,-6.80837],[108.74081,-6.81349],[108.75028,-6.81544],[108.77227,-6.8074],[108.79328,-6.79225],[108.79622,-6.79159],[108.81117,-6.77242],[108.80806,-6.76741],[108.80542,-6.76665],[108.80717,-6.7661],[108.80742,-6.76382],[108.80472,-6.76306],[108.80349,-6.75961],[108.81112,-6.75702],[108.81265,-6.7543],[108.81762,-6.75327],[108.82444,-6.74763],[108.82351,-6.73947],[108.82506,-6.73843],[108.83331,-6.73927],[108.83907,-6.7369],[108.84229,-6.73321],[108.84497,-6.73764],[108.84173,-6.7423],[108.84286,-6.74763],[108.8423,-6.74945],[108.83983,-6.74874],[108.83819,-6.75152],[108.84463,-6.75321],[108.84616,-6.75479],[108.84397,-6.75599],[108.84676,-6.75749],[108.84568,-6.75858],[108.84029,-6.75765],[108.84,-6.75892],[108.83497,-6.75684],[108.8287,-6.76248],[108.82689,-6.76934],[108.83164,-6.7846],[108.82813,-6.78748],[108.82736,-6.79342],[108.83139,-6.79596],[108.83266,-6.80055],[108.83118,-6.80217],[108.8256,-6.80235],[108.8247,-6.83226],[108.81801,-6.83614],[108.8084,-6.85682],[108.80316,-6.86394],[108.8024,-6.86855],[108.79788,-6.86851],[108.79781,-6.87309],[108.79404,-6.87505],[108.79292,-6.88014],[108.78694,-6.87808],[108.78526,-6.88005],[108.78501,-6.88472],[108.78293,-6.88438],[108.78091,-6.87583],[108.77869,-6.8748],[108.77802,-6.87774],[108.78038,-6.88328],[108.77868,-6.88428],[108.77203,-6.88316],[108.77243,-6.88542],[108.77596,-6.88776],[108.77466,-6.88955],[108.77065,-6.88951],[108.77136,-6.89524],[108.76482,-6.89445],[108.76124,-6.89612],[108.76141,-6.898],[108.7661,-6.89863],[108.76698,-6.90152],[108.75876,-6.90526],[108.75827,-6.90716],[108.76099,-6.91181],[108.75429,-6.91718],[108.75279,-6.922],[108.75896,-6.93388],[108.76172,-6.93367],[108.76049,-6.93822],[108.7634,-6.93922],[108.76079,-6.95034],[108.76258,-6.95193],[108.76159,-6.95367],[108.7589,-6.95298],[108.75968,-6.9582],[108.75804,-6.95715],[108.75716,-6.95823],[108.75967,-6.96343],[108.76172,-6.96127],[108.76283,-6.96213],[108.75989,-6.9684],[108.76296,-6.97099],[108.76053,-6.9729],[108.76122,-6.97858],[108.75801,-6.98373],[108.76047,-6.98802],[108.75634,-6.99253],[108.74204,-6.99502],[108.74268,-7.00026],[108.73658,-7.00628],[108.72662,-6.99823],[108.71748,-6.99432],[108.72243,-6.98915],[108.7256,-6.96272],[108.71552,-6.95339],[108.71545,-6.94384],[108.70683,-6.93694],[108.7,-6.93391],[108.68887,-6.92989],[108.68397,-6.93187],[108.68156,-6.92984],[108.68288,-6.92768],[108.68541,-6.92734],[108.68285,-6.92332],[108.68125,-6.92697],[108.67976,-6.92476],[108.67479,-6.9279],[108.67786,-6.9295],[108.67583,-6.93208],[108.67239,-6.93166],[108.6693,-6.93332],[108.67077,-6.93551],[108.66751,-6.93777],[108.66929,-6.9404],[108.66299,-6.94039],[108.656,-6.9367],[108.65242,-6.93159],[108.66195,-6.92498],[108.66578,-6.91718],[108.66066,-6.91287],[108.65426,-6.9026],[108.65209,-6.90451],[108.64826,-6.90466],[108.64583,-6.90857],[108.63975,-6.91104],[108.63474,-6.91084],[108.62753,-6.90793],[108.62103,-6.91041],[108.61811,-6.90684],[108.6096,-6.90205],[108.606,-6.90201],[108.60423,-6.90366],[108.60237,-6.90155],[108.59952,-6.90386],[108.59929,-6.90179],[108.59586,-6.89928],[108.59338,-6.89998],[108.59305,-6.89804],[108.5915,-6.89968],[108.5894,-6.89816],[108.58659,-6.89937],[108.58102,-6.89684],[108.57893,-6.89877],[108.57919,-6.89557],[108.57668,-6.89572],[108.5767,-6.89318],[108.56608,-6.8907],[108.561,-6.88502],[108.55968,-6.88636],[108.55453,-6.88574],[108.55458,-6.88242],[108.54548,-6.88057],[108.54193,-6.87714],[108.53763,-6.87753],[108.53648,-6.86839],[108.53404,-6.86828],[108.53349,-6.87027],[108.52804,-6.8704],[108.52666,-6.86898],[108.52716,-6.8711],[108.52305,-6.87025],[108.52467,-6.85762],[108.518,-6.85956],[108.51153,-6.85778],[108.50807,-6.85196],[108.51026,-6.84797],[108.50867,-6.8406],[108.51186,-6.82859],[108.50503,-6.8229],[108.5124,-6.81182],[108.51251,-6.79116],[108.50776,-6.79434],[108.50256,-6.79374],[108.50027,-6.79103],[108.48912,-6.79208],[108.48286,-6.79484],[108.47829,-6.79915],[108.46825,-6.79132],[108.46594,-6.79234],[108.46262,-6.79796],[108.45594,-6.79912],[108.45715,-6.79569],[108.44734,-6.78254],[108.43967,-6.78206],[108.43491,-6.78585],[108.43146,-6.78642],[108.42047,-6.78397],[108.41841,-6.78185]]]}},{"type":"Feature","properties":{"n":"Kota Tegal","p":"Jawa Tengah"},"geometry":{"type":"Polygon","coordinates":[[[109.12527,-6.89869],[109.1109,-6.8989],[109.11108,-6.89772],[109.10761,-6.89669],[109.10778,-6.89328],[109.10258,-6.8924],[109.1025,-6.89015],[109.09662,-6.88874],[109.08465,-6.88784],[109.08112,-6.88945],[109.07643,-6.88918],[109.07763,-6.8871],[109.07496,-6.88115],[109.07574,-6.87529],[109.0812,-6.8715],[109.0819,-6.85891],[109.10337,-6.83959],[109.10732,-6.8418],[109.10886,-6.84062],[109.10792,-6.84201],[109.10964,-6.84117],[109.11115,-6.8431],[109.12286,-6.84812],[109.12707,-6.84826],[109.12712,-6.84597],[109.1272,-6.8451],[109.12709,-6.8481],[109.12938,-6.84941],[109.1278,-6.85129],[109.12964,-6.8515],[109.13061,-6.8459],[109.12956,-6.84334],[109.13054,-6.84428],[109.13061,-6.84499],[109.13068,-6.84892],[109.13132,-6.84763],[109.13317,-6.84926],[109.13669,-6.84825],[109.13666,-6.84788],[109.13627,-6.84648],[109.13619,-6.84601],[109.13615,-6.84552],[109.13616,-6.84451],[109.13643,-6.84696],[109.14375,-6.84781],[109.15326,-6.84738],[109.16105,-6.84413],[109.16067,-6.84817],[109.1535,-6.85749],[109.15266,-6.86331],[109.15033,-6.86503],[109.14673,-6.87883],[109.14794,-6.88162],[109.14688,-6.88819],[109.13284,-6.88524],[109.1322,-6.89334],[109.13007,-6.89552],[109.12629,-6.89607],[109.12527,-6.89869]]]}},{"type":"Feature","properties":{"n":"Adm. Kep. Seribu","p":"DKI Jakarta"},"geometry":{"type":"MultiPolygon","coordinates":[[[[106.52008,-5.96014],[106.51938,-5.95693],[106.52139,-5.95423],[106.52265,-5.9549],[106.52274,-5.95873],[106.52008,-5.96014]]],[[[106.51614,-5.8025],[106.53009,-5.80414],[106.52194,-5.80403],[106.52237,-5.8043],[106.52227,-5.80533],[106.52191,-5.80572],[106.52189,-5.80402],[106.51716,-5.80329],[106.51614,-5.8025]]],[[[106.53602,-5.80393],[106.53576,-5.80445],[106.53597,-5.8034],[106.53602,-5.80393]]],[[[106.49932,-5.80032],[106.49898,-5.79972],[106.50069,-5.80078],[106.49932,-5.80032]]],[[[106.47844,-5.79338],[106.49199,-5.79625],[106.50039,-5.79578],[106.49868,-5.79651],[106.50054,-5.79617],[106.50032,-5.79772],[106.50062,-5.79669],[106.5012,-5.79607],[106.50068,-5.79835],[106.5116,-5.80303],[106.47844,-5.79338]]],[[[106.54309,-5.70094],[106.53992,-5.70188],[106.53386,-5.70017],[106.54303,-5.69973],[106.54309,-5.70094]]],[[[106.53238,-5.69037],[106.53167,-5.68945],[106.53266,-5.68952],[106.53238,-5.69037]]],[[[106.54666,-5.60381],[106.54477,-5.60631],[106.54426,-5.6064],[106.54283,-5.6058],[106.54666,-5.60381]]],[[[106.54414,-5.59232],[106.54283,-5.59273],[106.5416,-5.59225],[106.54323,-5.59108],[106.54414,-5.59232]]],[[[106.53945,-5.57476],[106.54139,-5.57099],[106.54329,-5.57121],[106.54152,-5.57431],[106.53945,-5.57476]]],[[[106.525,-5.56745],[106.52956,-5.56834],[106.52776,-5.57074],[106.525,-5.56745]]],[[[106.52622,-5.55668],[106.52729,-5.55779],[106.52553,-5.55794],[106.52622,-5.55668]]],[[[106.53256,-5.55414],[106.5308,-5.55638],[106.53034,-5.55533],[106.53256,-5.55414]]],[[[106.54561,-5.55222],[106.54346,-5.55504],[106.54056,-5.55491],[106.54158,-5.55229],[106.54561,-5.55222]]],[[[106.51847,-5.55109],[106.51872,-5.54964],[106.52076,-5.54881],[106.52017,-5.55109],[106.51847,-5.55109]]],[[[106.52955,-5.55046],[106.52644,-5.55003],[106.52987,-5.54932],[106.52955,-5.55046]]],[[[106.53494,-5.53673],[106.52979,-5.53766],[106.53635,-5.53469],[106.53494,-5.53673]]],[[[106.54419,-5.52831],[106.54024,-5.53179],[106.5393,-5.53172],[106.54111,-5.52834],[106.54419,-5.52831]]],[[[106.52445,-5.52166],[106.52616,-5.52112],[106.52653,-5.5226],[106.52521,-5.52319],[106.52445,-5.52166]]],[[[106.52056,-5.5163],[106.52067,-5.51691],[106.52051,-5.51692],[106.52056,-5.5163]]],[[[106.5278,-5.51245],[106.52851,-5.51444],[106.5258,-5.51353],[106.52644,-5.51261],[106.5278,-5.51245]]],[[[106.53327,-5.51258],[106.5361,-5.51127],[106.5385,-5.51161],[106.53256,-5.51581],[106.53327,-5.51258]]],[[[106.53193,-5.50159],[106.5342,-5.5018],[106.53495,-5.50316],[106.53229,-5.50336],[106.53193,-5.50159]]],[[[106.39339,-5.48049],[106.39052,-5.47964],[106.39151,-5.47768],[106.39517,-5.47771],[106.39339,-5.48049]]],[[[106.52744,-5.47606],[106.52473,-5.47942],[106.5224,-5.4793],[106.52363,-5.47773],[106.52744,-5.47606]]],[[[106.43853,-5.46445],[106.4382,-5.46526],[106.43802,-5.46466],[106.43853,-5.46445]]],[[[106.49077,-5.41906],[106.49458,-5.41916],[106.49173,-5.42304],[106.49022,-5.42177],[106.49077,-5.41906]]],[[[106.47034,-5.41325],[106.47329,-5.41293],[106.47073,-5.41559],[106.47034,-5.41325]]],[[[106.46293,-5.20293],[106.46088,-5.20832],[106.4611,-5.20636],[106.46037,-5.20643],[106.46063,-5.20704],[106.46055,-5.208],[106.46036,-5.20838],[106.45952,-5.20379],[106.46293,-5.20293]]],[[[106.54834,-5.81999],[106.55801,-5.82063],[106.55599,-5.82443],[106.54834,-5.81999]]],[[[106.54891,-5.81421],[106.55021,-5.81411],[106.55027,-5.81418],[106.54891,-5.81421]]],[[[106.55247,-5.76996],[106.55481,-5.77139],[106.55397,-5.77201],[106.55247,-5.76996]]],[[[106.5598,-5.77197],[106.56019,-5.76968],[106.56135,-5.76948],[106.5598,-5.77197]]],[[[106.56604,-5.71068],[106.56542,-5.71095],[106.56531,-5.71074],[106.56604,-5.71068]]],[[[106.56242,-5.685],[106.56249,-5.68556],[106.56157,-5.68613],[106.56242,-5.685]]],[[[106.55973,-5.66893],[106.56096,-5.66912],[106.55951,-5.66928],[106.55973,-5.66893]]],[[[106.56847,-5.64991],[106.56454,-5.6497],[106.56408,-5.6488],[106.56944,-5.64863],[106.56847,-5.64991]]],[[[106.56782,-5.64252],[106.55414,-5.64744],[106.55311,-5.64672],[106.5595,-5.64343],[106.56782,-5.64252]]],[[[106.55528,-5.64167],[106.55602,-5.6422],[106.55578,-5.6425],[106.55528,-5.64167]]],[[[106.54753,-5.62379],[106.54741,-5.6249],[106.54363,-5.62424],[106.54458,-5.62357],[106.54753,-5.62379]]],[[[106.56173,-5.6201],[106.56077,-5.62031],[106.56117,-5.61983],[106.56173,-5.6201]]],[[[106.54923,-5.62084],[106.5541,-5.61428],[106.5565,-5.61612],[106.54923,-5.62084]]],[[[106.56725,-5.60796],[106.56789,-5.6062],[106.56814,-5.60632],[106.56725,-5.60796]]],[[[106.54886,-5.59828],[106.54978,-5.59887],[106.54858,-5.59855],[106.54886,-5.59828]]],[[[106.55234,-5.59838],[106.55278,-5.59788],[106.55268,-5.59864],[106.55234,-5.59838]]],[[[106.56191,-5.59315],[106.55714,-5.59606],[106.55664,-5.59554],[106.56051,-5.59254],[106.56191,-5.59315]]],[[[106.55854,-5.59007],[106.55809,-5.59099],[106.5573,-5.59043],[106.55854,-5.59007]]],[[[106.55564,-5.58937],[106.55152,-5.59092],[106.5509,-5.58985],[106.55564,-5.58937]]],[[[106.54777,-5.58682],[106.54645,-5.58868],[106.5442,-5.58698],[106.54492,-5.58651],[106.54777,-5.58682]]],[[[106.55157,-5.58472],[106.55188,-5.5839],[106.55223,-5.584],[106.55157,-5.58472]]],[[[106.54766,-5.58332],[106.54833,-5.57873],[106.55092,-5.57731],[106.54915,-5.58363],[106.54766,-5.58332]]],[[[106.55611,-5.57244],[106.55653,-5.57107],[106.55981,-5.57187],[106.55905,-5.5728],[106.55611,-5.57244]]],[[[106.55039,-5.57105],[106.55008,-5.56928],[106.55157,-5.5695],[106.55039,-5.57105]]],[[[106.5661,-5.56727],[106.56581,-5.5661],[106.56637,-5.56652],[106.5661,-5.56727]]],[[[106.54675,-5.49957],[106.55718,-5.50141],[106.54267,-5.50495],[106.54675,-5.49957]]],[[[106.5579,-5.46199],[106.55547,-5.46548],[106.55295,-5.46467],[106.5538,-5.46127],[106.5579,-5.46199]]],[[[106.54516,-5.4627],[106.5458,-5.46379],[106.54464,-5.46352],[106.54516,-5.4627]]],[[[106.56484,-5.45246],[106.56424,-5.45269],[106.5648,-5.45236],[106.56484,-5.45246]]],[[[106.58392,-5.92545],[106.58966,-5.93251],[106.58775,-5.93505],[106.58556,-5.93002],[106.58233,-5.92871],[106.5819,-5.92613],[106.58392,-5.92545]]],[[[106.58411,-5.86255],[106.5822,-5.86258],[106.58182,-5.86208],[106.58411,-5.86255]]],[[[106.58344,-5.7654],[106.58255,-5.76251],[106.584,-5.76039],[106.58344,-5.7654]]],[[[106.58145,-5.76417],[106.5829,-5.76001],[106.58151,-5.7645],[106.58145,-5.76417]]],[[[106.58719,-5.75816],[106.58672,-5.75944],[106.58638,-5.75959],[106.58719,-5.75816]]],[[[106.5852,-5.75978],[106.58363,-5.75993],[106.58365,-5.75834],[106.58396,-5.75759],[106.5852,-5.75978]]],[[[106.58316,-5.75791],[106.58295,-5.75843],[106.58327,-5.7575],[106.58316,-5.75791]]],[[[106.57161,-5.72936],[106.57118,-5.73023],[106.57028,-5.73022],[106.57161,-5.72936]]],[[[106.57605,-5.7087],[106.57632,-5.7078],[106.57635,-5.70904],[106.57605,-5.7087]]],[[[106.58834,-5.67938],[106.58643,-5.67918],[106.58878,-5.67896],[106.58834,-5.67938]]],[[[106.58489,-5.66915],[106.57923,-5.67136],[106.57878,-5.67102],[106.58015,-5.66935],[106.58489,-5.66915]]],[[[106.56753,-5.66737],[106.56868,-5.66738],[106.56764,-5.66761],[106.56753,-5.66737]]],[[[106.56531,-5.66359],[106.5682,-5.66089],[106.57033,-5.66079],[106.56642,-5.66381],[106.56531,-5.66359]]],[[[106.57197,-5.65561],[106.57166,-5.65481],[106.57203,-5.65472],[106.57197,-5.65561]]],[[[106.56606,-5.65299],[106.57804,-5.65228],[106.57816,-5.65133],[106.57755,-5.65104],[106.57762,-5.64985],[106.57765,-5.65103],[106.57824,-5.65118],[106.57821,-5.65149],[106.57918,-5.65022],[106.5781,-5.65228],[106.5811,-5.65322],[106.57931,-5.65411],[106.57941,-5.65607],[106.57871,-5.65456],[106.5791,-5.65631],[106.57836,-5.65421],[106.57431,-5.65314],[106.57403,-5.65671],[106.57296,-5.65318],[106.56665,-5.65707],[106.56424,-5.65657],[106.56606,-5.65299]]],[[[106.58554,-5.63509],[106.57618,-5.63645],[106.5752,-5.63514],[106.58165,-5.63398],[106.58554,-5.63509]]],[[[106.57221,-5.62815],[106.57212,-5.62704],[106.57339,-5.62731],[106.57221,-5.62815]]],[[[106.58539,-5.61916],[106.58375,-5.62092],[106.58145,-5.62042],[106.58344,-5.61859],[106.58539,-5.61916]]],[[[106.57321,-5.61841],[106.57249,-5.6182],[106.57325,-5.6182],[106.57321,-5.61841]]],[[[106.58297,-5.61046],[106.57483,-5.61485],[106.57264,-5.61376],[106.57401,-5.611],[106.58297,-5.61046]]],[[[106.5671,-5.59206],[106.56869,-5.59141],[106.57018,-5.59196],[106.56827,-5.59403],[106.5671,-5.59206]]],[[[106.59245,-5.58543],[106.59091,-5.58751],[106.58787,-5.58727],[106.5911,-5.58426],[106.59245,-5.58543]]],[[[106.57068,-5.58219],[106.56815,-5.58341],[106.56723,-5.58291],[106.57068,-5.58219]]],[[[106.58032,-5.57723],[106.58094,-5.57424],[106.58234,-5.57584],[106.58032,-5.57723]]],[[[106.58452,-5.5718],[106.58429,-5.5699],[106.58532,-5.56935],[106.58452,-5.5718]]],[[[106.57854,-5.5396],[106.57913,-5.53968],[106.57847,-5.54017],[106.57854,-5.5396]]],[[[106.58026,-5.49184],[106.578,-5.49452],[106.57632,-5.49509],[106.57685,-5.4921],[106.58026,-5.49184]]],[[[106.57232,-5.45744],[106.56783,-5.45987],[106.56629,-5.45938],[106.56653,-5.45712],[106.57042,-5.45537],[106.57232,-5.45744]]],[[[106.73562,-6.03832],[106.73627,-6.03988],[106.73542,-6.04018],[106.73562,-6.03832]]],[[[106.74717,-6.03436],[106.7479,-6.03685],[106.74639,-6.0373],[106.74558,-6.03516],[106.74717,-6.03436]]],[[[106.73664,-6.03306],[106.73526,-6.0349],[106.73336,-6.03358],[106.73442,-6.03205],[106.73664,-6.03306]]],[[[106.74549,-6.02609],[106.74525,-6.02558],[106.74512,-6.02498],[106.74549,-6.02609]]],[[[106.83162,-6.00637],[106.83204,-6.00651],[106.83167,-6.00678],[106.83162,-6.00637]]],[[[106.78222,-6.003],[106.78148,-6.00567],[106.77952,-6.00304],[106.78222,-6.003]]],[[[106.84691,-5.9854],[106.84716,-5.98392],[106.84785,-5.98433],[106.84691,-5.9854]]],[[[106.70422,-5.975],[106.71028,-5.97612],[106.71138,-5.9784],[106.71098,-5.97935],[106.71072,-5.97811],[106.70837,-5.98031],[106.70248,-5.97682],[106.70422,-5.975]]],[[[106.68972,-5.97075],[106.69543,-5.97284],[106.69492,-5.97842],[106.68924,-5.97506],[106.68972,-5.97075]]],[[[106.84587,-5.96049],[106.84152,-5.95709],[106.84262,-5.95491],[106.84713,-5.95649],[106.84587,-5.96049]]],[[[106.63359,-5.94382],[106.63222,-5.94564],[106.62788,-5.94356],[106.63118,-5.94236],[106.63359,-5.94382]]],[[[106.59761,-5.93745],[106.59624,-5.93812],[106.59819,-5.93893],[106.59732,-5.9399],[106.59617,-5.93831],[106.59531,-5.93873],[106.59679,-5.93939],[106.59527,-5.94073],[106.59063,-5.93589],[106.59336,-5.9349],[106.59761,-5.93745]]],[[[106.59923,-5.8625],[106.59832,-5.86625],[106.59783,-5.86368],[106.59923,-5.8625]]],[[[106.63133,-5.85443],[106.61845,-5.85916],[106.61929,-5.85945],[106.61991,-5.86088],[106.61797,-5.85935],[106.60936,-5.86389],[106.61327,-5.86097],[106.61493,-5.85672],[106.62189,-5.85471],[106.63133,-5.85443]]],[[[106.60551,-5.85354],[106.60573,-5.85634],[106.60881,-5.85605],[106.6086,-5.85868],[106.60134,-5.86087],[106.60131,-5.85875],[106.603,-5.85986],[106.60256,-5.85841],[106.60551,-5.85646],[106.60514,-5.85594],[106.60483,-5.85384],[106.60551,-5.85354]]],[[[106.60025,-5.85543],[106.60128,-5.85785],[106.59964,-5.85589],[106.60025,-5.85543]]],[[[106.6139,-5.85446],[106.61465,-5.85421],[106.61463,-5.8552],[106.6139,-5.85446]]],[[[106.62269,-5.85402],[106.62282,-5.85409],[106.62259,-5.85444],[106.62269,-5.85402]]],[[[106.61985,-5.85362],[106.61947,-5.8537],[106.62085,-5.85245],[106.61985,-5.85362]]],[[[106.62154,-5.85316],[106.62212,-5.85268],[106.62186,-5.85335],[106.62154,-5.85316]]],[[[106.60736,-5.75924],[106.60826,-5.75994],[106.60695,-5.75985],[106.60736,-5.75924]]],[[[106.61502,-5.74206],[106.61611,-5.74699],[106.61623,-5.74733],[106.61564,-5.74801],[106.61528,-5.74673],[106.61503,-5.74812],[106.61147,-5.74923],[106.61193,-5.74746],[106.61143,-5.74693],[106.61171,-5.74621],[106.61502,-5.74206]]],[[[106.60395,-5.74269],[106.60117,-5.73944],[106.59789,-5.73853],[106.60202,-5.7374],[106.60395,-5.74269]]],[[[106.61895,-5.73954],[106.61913,-5.73971],[106.61898,-5.73975],[106.61895,-5.73954]]],[[[106.60932,-5.73776],[106.61002,-5.73684],[106.60973,-5.738],[106.60932,-5.73776]]],[[[106.6033,-5.73424],[106.59991,-5.73618],[106.59866,-5.73543],[106.6033,-5.73424]]],[[[106.71309,-5.69539],[106.71138,-5.69672],[106.71116,-5.69665],[106.71342,-5.69363],[106.71353,-5.69653],[106.71309,-5.69539]]],[[[106.60314,-5.60471],[106.60342,-5.60536],[106.60276,-5.60521],[106.60314,-5.60471]]],[[[106.59607,-5.58108],[106.59325,-5.58108],[106.59262,-5.57991],[106.59526,-5.57901],[106.59607,-5.58108]]]]}},{"type":"Feature","properties":{"n":"Banyumas","p":"Jawa Tengah"},"geometry":{"type":"Polygon","coordinates":[[[109.08275,-7.57301],[109.06626,-7.573],[109.06059,-7.57018],[109.05907,-7.56833],[109.05818,-7.55602],[109.0549,-7.55576],[109.04358,-7.55956],[109.0398,-7.55653],[109.03805,-7.55742],[109.02956,-7.55266],[109.02436,-7.54348],[109.00339,-7.54452],[109.00414,-7.53401],[109.00228,-7.53157],[109.00439,-7.52739],[108.98275,-7.52383],[108.98052,-7.51946],[108.97286,-7.51841],[108.97267,-7.51317],[108.96426,-7.50514],[108.96319,-7.49961],[108.96031,-7.49657],[108.95664,-7.49634],[108.95754,-7.49125],[108.96307,-7.48841],[108.96442,-7.48597],[108.9559,-7.47534],[108.95606,-7.47003],[108.9394,-7.46462],[108.92629,-7.46254],[108.91865,-7.46385],[108.91742,-7.46202],[108.91512,-7.46492],[108.91207,-7.46268],[108.91045,-7.46492],[108.90569,-7.46587],[108.90199,-7.47138],[108.89955,-7.47226],[108.8893,-7.45025],[108.89294,-7.44978],[108.89381,-7.45187],[108.89644,-7.4498],[108.90145,-7.45019],[108.90746,-7.44639],[108.91116,-7.44648],[108.91419,-7.44167],[108.92175,-7.43746],[108.91866,-7.43435],[108.92329,-7.42719],[108.92542,-7.42796],[108.92914,-7.42351],[108.93189,-7.4237],[108.9329,-7.42118],[108.93848,-7.41786],[108.93626,-7.41456],[108.93395,-7.41428],[108.93681,-7.41172],[108.93849,-7.40713],[108.93789,-7.39503],[108.93928,-7.38856],[108.93803,-7.38645],[108.95096,-7.38224],[108.94875,-7.38059],[108.94923,-7.37717],[108.94645,-7.37474],[108.95245,-7.37096],[108.9554,-7.36695],[108.95396,-7.36416],[108.94573,-7.3624],[108.94985,-7.36026],[108.9516,-7.36116],[108.96829,-7.34955],[108.97063,-7.34688],[108.96803,-7.34225],[108.97583,-7.33493],[108.98884,-7.33678],[109.00064,-7.33274],[109.00296,-7.33524],[109.00516,-7.33505],[109.00794,-7.33368],[109.00834,-7.33102],[109.01104,-7.32873],[109.01353,-7.33241],[109.01292,-7.3342],[109.01715,-7.33509],[109.02389,-7.33223],[109.02571,-7.32688],[109.02814,-7.32623],[109.03023,-7.32883],[109.03532,-7.33034],[109.03646,-7.33467],[109.03523,-7.33739],[109.03901,-7.33984],[109.03678,-7.34418],[109.03064,-7.34863],[109.03478,-7.3515],[109.04741,-7.33879],[109.05096,-7.33871],[109.05257,-7.33712],[109.05331,-7.33946],[109.05699,-7.3401],[109.06451,-7.33857],[109.06879,-7.33223],[109.07575,-7.31419],[109.08389,-7.30466],[109.08332,-7.3018],[109.08708,-7.29503],[109.10269,-7.29346],[109.10634,-7.29476],[109.11318,-7.29431],[109.11529,-7.29491],[109.11564,-7.29673],[109.11879,-7.2966],[109.11835,-7.29177],[109.1232,-7.28339],[109.12541,-7.28329],[109.12608,-7.28526],[109.13059,-7.2823],[109.1232,-7.27826],[109.12311,-7.27549],[109.13749,-7.2756],[109.13971,-7.27427],[109.14121,-7.26987],[109.14697,-7.26651],[109.15788,-7.26763],[109.16513,-7.27121],[109.16725,-7.26826],[109.17869,-7.26289],[109.19425,-7.25132],[109.20271,-7.2469],[109.21745,-7.24888],[109.22367,-7.24629],[109.23556,-7.25464],[109.24452,-7.27175],[109.24956,-7.27349],[109.25493,-7.28055],[109.25684,-7.28527],[109.25681,-7.29094],[109.26431,-7.30416],[109.26945,-7.31858],[109.27872,-7.33138],[109.2814,-7.34072],[109.28767,-7.34837],[109.29014,-7.35659],[109.29463,-7.36184],[109.29802,-7.37195],[109.30117,-7.37555],[109.30143,-7.38202],[109.30509,-7.38279],[109.3061,-7.38555],[109.30473,-7.3893],[109.30666,-7.3902],[109.31089,-7.40007],[109.31129,-7.40373],[109.30976,-7.40435],[109.31264,-7.41039],[109.31841,-7.40941],[109.3214,-7.41497],[109.32049,-7.41939],[109.32482,-7.42646],[109.33353,-7.43013],[109.33324,-7.43421],[109.3351,-7.43515],[109.3352,-7.43754],[109.33188,-7.43754],[109.33132,-7.44305],[109.33314,-7.44761],[109.34114,-7.44973],[109.34109,-7.45739],[109.33467,-7.45818],[109.33721,-7.46027],[109.33481,-7.46052],[109.3366,-7.46296],[109.33177,-7.46962],[109.32932,-7.4658],[109.3314,-7.46096],[109.32659,-7.46252],[109.32547,-7.46599],[109.32731,-7.47136],[109.32104,-7.47372],[109.32123,-7.48278],[109.33492,-7.48569],[109.33738,-7.4935],[109.3381,-7.48729],[109.34234,-7.48412],[109.34122,-7.48146],[109.34223,-7.47993],[109.34618,-7.47832],[109.34646,-7.48396],[109.35117,-7.4811],[109.35361,-7.48552],[109.35508,-7.48139],[109.35656,-7.48105],[109.35834,-7.48554],[109.3617,-7.48538],[109.36179,-7.48869],[109.36402,-7.49006],[109.36314,-7.49484],[109.36478,-7.4948],[109.36596,-7.49709],[109.36544,-7.49925],[109.36264,-7.50014],[109.36536,-7.50352],[109.36433,-7.51024],[109.362,-7.51346],[109.36427,-7.51751],[109.36809,-7.51627],[109.3765,-7.52318],[109.38237,-7.52229],[109.38586,-7.52486],[109.38752,-7.53034],[109.3958,-7.53699],[109.39811,-7.5348],[109.40403,-7.54089],[109.41204,-7.53849],[109.41608,-7.53889],[109.41932,-7.53391],[109.42613,-7.53695],[109.43301,-7.5364],[109.43393,-7.539],[109.43187,-7.54164],[109.43285,-7.54971],[109.42863,-7.55618],[109.41906,-7.55892],[109.41515,-7.56572],[109.41539,-7.56973],[109.42106,-7.57854],[109.42026,-7.58584],[109.42351,-7.58932],[109.42506,-7.58848],[109.42683,-7.59333],[109.42861,-7.59477],[109.42984,-7.59386],[109.43255,-7.59874],[109.43775,-7.60118],[109.43742,-7.60401],[109.44145,-7.60751],[109.44147,-7.61278],[109.44554,-7.61718],[109.44637,-7.62086],[109.44424,-7.62151],[109.44416,-7.62444],[109.44224,-7.62399],[109.44013,-7.62628],[109.44006,-7.63055],[109.43484,-7.63575],[109.42883,-7.63269],[109.42486,-7.63243],[109.42393,-7.63712],[109.41945,-7.63837],[109.41496,-7.64855],[109.40839,-7.64876],[109.40689,-7.65086],[109.4063,-7.64784],[109.40514,-7.64784],[109.40429,-7.65124],[109.40044,-7.64737],[109.39911,-7.64936],[109.39611,-7.64705],[109.39246,-7.64726],[109.39241,-7.64405],[109.38842,-7.64527],[109.39011,-7.64958],[109.38738,-7.65122],[109.38494,-7.65024],[109.38352,-7.65328],[109.38818,-7.65849],[109.38133,-7.66584],[109.38054,-7.66102],[109.37696,-7.65737],[109.37559,-7.65955],[109.37447,-7.65831],[109.37235,-7.65907],[109.37168,-7.65682],[109.36659,-7.65323],[109.3647,-7.65749],[109.36128,-7.65199],[109.35763,-7.65248],[109.35705,-7.65103],[109.35985,-7.64585],[109.35873,-7.64441],[109.35627,-7.64645],[109.35453,-7.6452],[109.35989,-7.64075],[109.3592,-7.63939],[109.35104,-7.64211],[109.34942,-7.64012],[109.34316,-7.64172],[109.34176,-7.63856],[109.33972,-7.63865],[109.33822,-7.63639],[109.33515,-7.637],[109.33385,-7.63515],[109.31697,-7.63114],[109.31242,-7.62868],[109.29659,-7.62772],[109.29106,-7.62461],[109.26158,-7.61988],[109.26125,-7.61108],[109.26502,-7.59546],[109.26756,-7.59193],[109.25697,-7.59163],[109.25209,-7.58999],[109.21471,-7.56446],[109.19119,-7.55514],[109.18145,-7.54948],[109.17823,-7.55002],[109.17875,-7.55283],[109.17605,-7.55413],[109.17132,-7.55125],[109.16675,-7.5713],[109.15315,-7.57862],[109.14372,-7.57795],[109.13993,-7.58002],[109.13588,-7.57697],[109.12922,-7.57593],[109.11485,-7.57725],[109.10906,-7.58161],[109.09544,-7.57854],[109.08275,-7.57301]]]}},{"type":"Feature","properties":{"n":"Kebumen","p":"Jawa Tengah"},"geometry":{"type":"MultiPolygon","coordinates":[[[[109.41109,-7.77777],[109.41154,-7.77751],[109.41148,-7.77829],[109.41109,-7.77777]]],[[[109.41106,-7.77624],[109.41099,-7.77631],[109.41097,-7.77621],[109.41106,-7.77624]]],[[[109.41081,-7.77546],[109.41077,-7.77573],[109.41068,-7.77577],[109.41081,-7.77546]]],[[[109.41023,-7.77545],[109.41034,-7.77572],[109.41029,-7.77573],[109.41023,-7.77545]]],[[[109.45033,-7.76512],[109.44437,-7.76799],[109.44345,-7.76595],[109.4434,-7.76709],[109.44103,-7.76585],[109.43728,-7.76708],[109.43581,-7.76987],[109.4372,-7.77178],[109.43401,-7.77403],[109.43422,-7.77566],[109.43096,-7.77213],[109.42602,-7.77219],[109.42138,-7.76985],[109.41684,-7.77086],[109.41216,-7.77634],[109.41092,-7.77392],[109.41289,-7.77008],[109.40982,-7.7664],[109.4005,-7.76227],[109.39809,-7.7635],[109.39617,-7.75868],[109.39701,-7.75719],[109.39438,-7.75742],[109.39309,-7.75491],[109.38764,-7.75572],[109.38635,-7.75117],[109.38822,-7.74532],[109.38761,-7.73704],[109.39122,-7.73306],[109.39237,-7.72851],[109.38972,-7.72892],[109.39242,-7.72835],[109.39099,-7.72606],[109.39298,-7.72274],[109.38705,-7.72058],[109.38587,-7.71492],[109.38771,-7.7067],[109.39394,-7.69635],[109.38726,-7.6887],[109.38494,-7.6887],[109.38278,-7.691],[109.37876,-7.68679],[109.38592,-7.68107],[109.38543,-7.67336],[109.39059,-7.67201],[109.39043,-7.66995],[109.38674,-7.66831],[109.38423,-7.67207],[109.38239,-7.66763],[109.37949,-7.66681],[109.38153,-7.66642],[109.38818,-7.65849],[109.38352,-7.65328],[109.38494,-7.65024],[109.38738,-7.65122],[109.39011,-7.64958],[109.38842,-7.64527],[109.39241,-7.64405],[109.39246,-7.64726],[109.39611,-7.64705],[109.39911,-7.64936],[109.40044,-7.64737],[109.40429,-7.65124],[109.40514,-7.64784],[109.4063,-7.64784],[109.40689,-7.65086],[109.40839,-7.64876],[109.41496,-7.64855],[109.41945,-7.63837],[109.42393,-7.63712],[109.42486,-7.63243],[109.42883,-7.63269],[109.43484,-7.63575],[109.44006,-7.63055],[109.44013,-7.62628],[109.44224,-7.62399],[109.44416,-7.62444],[109.44424,-7.62151],[109.44637,-7.62086],[109.44554,-7.61718],[109.44147,-7.61278],[109.44145,-7.60751],[109.43742,-7.60401],[109.43775,-7.60118],[109.43255,-7.59874],[109.42984,-7.59386],[109.42861,-7.59477],[109.42683,-7.59333],[109.42506,-7.58848],[109.42351,-7.58932],[109.42026,-7.58584],[109.42106,-7.57854],[109.41539,-7.56973],[109.41515,-7.56572],[109.41906,-7.55892],[109.42863,-7.55618],[109.43298,-7.54947],[109.43188,-7.54145],[109.43388,-7.5392],[109.43274,-7.53614],[109.43514,-7.52883],[109.44559,-7.52466],[109.4557,-7.52325],[109.46226,-7.51938],[109.46511,-7.51971],[109.46805,-7.52244],[109.48182,-7.51786],[109.48481,-7.51121],[109.49128,-7.50997],[109.49786,-7.50325],[109.49926,-7.50896],[109.50778,-7.50869],[109.51724,-7.51054],[109.526,-7.51567],[109.53874,-7.51589],[109.54019,-7.51923],[109.54503,-7.52267],[109.55139,-7.51153],[109.55693,-7.51474],[109.55864,-7.51082],[109.56264,-7.5093],[109.5691,-7.50996],[109.5721,-7.51324],[109.5851,-7.51368],[109.58711,-7.51558],[109.58874,-7.51358],[109.59392,-7.51296],[109.6025,-7.50598],[109.61323,-7.50421],[109.61569,-7.49621],[109.61911,-7.49164],[109.63282,-7.48164],[109.63728,-7.48088],[109.63823,-7.47879],[109.64386,-7.48711],[109.646,-7.49478],[109.65351,-7.49606],[109.66662,-7.49519],[109.67229,-7.50084],[109.67219,-7.5027],[109.67752,-7.50317],[109.67869,-7.50176],[109.68442,-7.50346],[109.68795,-7.50159],[109.68865,-7.49757],[109.68722,-7.49536],[109.69266,-7.49664],[109.69891,-7.49558],[109.71112,-7.48293],[109.71528,-7.48203],[109.71853,-7.47686],[109.7216,-7.47619],[109.72542,-7.47192],[109.73344,-7.467],[109.73504,-7.46051],[109.75158,-7.44568],[109.75587,-7.4491],[109.75395,-7.4554],[109.75419,-7.46556],[109.76134,-7.47889],[109.76057,-7.48886],[109.75503,-7.49618],[109.7626,-7.5013],[109.76364,-7.50525],[109.76622,-7.50516],[109.76729,-7.51317],[109.77347,-7.51685],[109.77344,-7.51914],[109.76976,-7.51865],[109.76128,-7.52364],[109.75354,-7.52354],[109.75159,-7.52436],[109.75132,-7.52779],[109.74894,-7.53062],[109.74112,-7.53089],[109.73684,-7.53661],[109.73861,-7.53989],[109.73814,-7.55353],[109.73052,-7.55979],[109.73837,-7.56071],[109.73896,-7.56786],[109.74228,-7.57478],[109.74909,-7.5797],[109.74824,-7.58278],[109.75116,-7.58333],[109.7553,-7.59126],[109.75524,-7.59429],[109.75926,-7.6004],[109.76541,-7.60439],[109.77306,-7.60632],[109.77683,-7.60523],[109.79508,-7.61196],[109.80203,-7.61168],[109.80706,-7.60722],[109.80878,-7.60275],[109.8145,-7.6014],[109.81239,-7.60425],[109.81299,-7.61618],[109.81053,-7.62287],[109.81362,-7.62453],[109.81474,-7.6313],[109.80759,-7.63348],[109.80396,-7.64273],[109.80244,-7.64443],[109.79984,-7.64318],[109.79842,-7.6468],[109.79937,-7.6477],[109.79829,-7.64889],[109.80018,-7.64868],[109.79979,-7.65106],[109.80348,-7.65486],[109.80182,-7.65835],[109.80207,-7.66266],[109.80344,-7.66343],[109.80253,-7.66512],[109.80679,-7.66758],[109.80793,-7.6705],[109.80542,-7.68516],[109.80179,-7.68522],[109.8014,-7.68705],[109.79797,-7.68806],[109.79777,-7.69532],[109.80068,-7.69654],[109.80013,-7.7063],[109.80256,-7.70894],[109.80546,-7.70783],[109.80794,-7.70865],[109.80846,-7.71066],[109.81123,-7.71037],[109.81234,-7.71237],[109.83034,-7.71574],[109.82809,-7.71879],[109.832,-7.72323],[109.83172,-7.73789],[109.83017,-7.7383],[109.83005,-7.74108],[109.83287,-7.74844],[109.83518,-7.77314],[109.83925,-7.77355],[109.83092,-7.80387],[109.83282,-7.80478],[109.8302,-7.81927],[109.8236,-7.83123],[109.6926,-7.79837],[109.61627,-7.78401],[109.60726,-7.77964],[109.60398,-7.78074],[109.53676,-7.7676],[109.46806,-7.75843],[109.46604,-7.75936],[109.4665,-7.76131],[109.46459,-7.76299],[109.46332,-7.76157],[109.4614,-7.76366],[109.4609,-7.76205],[109.45723,-7.76536],[109.45467,-7.76516],[109.45403,-7.76321],[109.45082,-7.76667],[109.45033,-7.76512]]],[[[109.39077,-7.73141],[109.39068,-7.73135],[109.39075,-7.73133],[109.39077,-7.73141]]]]}},{"type":"Feature","properties":{"n":"Kota Adm. Jakarta Selatan","p":"DKI Jakarta"},"geometry":{"type":"Polygon","coordinates":[[[106.81036,-6.36397],[106.79381,-6.36431],[106.79249,-6.35858],[106.79402,-6.35441],[106.79249,-6.35235],[106.79404,-6.35097],[106.79241,-6.34838],[106.7954,-6.34597],[106.79669,-6.34653],[106.79949,-6.34305],[106.79908,-6.33311],[106.8018,-6.33341],[106.80131,-6.3316],[106.80361,-6.32976],[106.80495,-6.32371],[106.8072,-6.32252],[106.80924,-6.31484],[106.79271,-6.31582],[106.79054,-6.31477],[106.78964,-6.31628],[106.78477,-6.31553],[106.78327,-6.31661],[106.77675,-6.3152],[106.7766,-6.31189],[106.77469,-6.31222],[106.77533,-6.3104],[106.77329,-6.30961],[106.77498,-6.30834],[106.77391,-6.30672],[106.77549,-6.30616],[106.77558,-6.30397],[106.77304,-6.30476],[106.77348,-6.30308],[106.77088,-6.30214],[106.77315,-6.30151],[106.77148,-6.29948],[106.77377,-6.29854],[106.77124,-6.299],[106.77015,-6.29562],[106.76721,-6.2953],[106.76816,-6.29186],[106.76613,-6.28874],[106.7631,-6.2888],[106.76297,-6.28688],[106.76011,-6.28644],[106.7622,-6.27784],[106.75717,-6.27763],[106.75691,-6.27429],[106.75153,-6.27454],[106.75062,-6.27151],[106.75318,-6.26886],[106.75248,-6.26466],[106.75652,-6.26245],[106.75148,-6.26177],[106.75438,-6.25954],[106.75483,-6.25583],[106.75357,-6.25164],[106.75184,-6.25004],[106.7482,-6.25008],[106.74666,-6.24731],[106.74864,-6.24084],[106.74683,-6.23639],[106.744,-6.23649],[106.74545,-6.23083],[106.7439,-6.2305],[106.74331,-6.22756],[106.74033,-6.22766],[106.73743,-6.22388],[106.76592,-6.22247],[106.76689,-6.22532],[106.76479,-6.22709],[106.77843,-6.22691],[106.77768,-6.21374],[106.78308,-6.21302],[106.78321,-6.2067],[106.78573,-6.20683],[106.78907,-6.20847],[106.79244,-6.20779],[106.79344,-6.21171],[106.7958,-6.21241],[106.79691,-6.21872],[106.79578,-6.22908],[106.79947,-6.22922],[106.81901,-6.21394],[106.82165,-6.20915],[106.82275,-6.20267],[106.84633,-6.20864],[106.84933,-6.20763],[106.85751,-6.2123],[106.85717,-6.21753],[106.86345,-6.2162],[106.8601,-6.22129],[106.86132,-6.22185],[106.86298,-6.21979],[106.86544,-6.22341],[106.86354,-6.22478],[106.8649,-6.22866],[106.86328,-6.23082],[106.86643,-6.23436],[106.86528,-6.23517],[106.86692,-6.23871],[106.86493,-6.23682],[106.86308,-6.23881],[106.86204,-6.24622],[106.86404,-6.24945],[106.86217,-6.25061],[106.8627,-6.25358],[106.86106,-6.25389],[106.86025,-6.251],[106.85784,-6.25295],[106.8577,-6.25519],[106.86075,-6.25529],[106.85933,-6.25676],[106.86049,-6.25758],[106.85922,-6.26283],[106.85427,-6.26232],[106.85716,-6.26387],[106.85395,-6.26509],[106.85658,-6.2703],[106.85488,-6.27047],[106.85675,-6.27259],[106.85363,-6.27195],[106.85133,-6.27364],[106.85161,-6.27625],[106.84672,-6.27904],[106.8504,-6.27976],[106.84733,-6.28555],[106.84839,-6.288],[106.85124,-6.28843],[106.84936,-6.29044],[106.8501,-6.29235],[106.85449,-6.29083],[106.85231,-6.29447],[106.85407,-6.29389],[106.85428,-6.29604],[106.85049,-6.296],[106.85218,-6.29881],[106.84978,-6.29962],[106.85159,-6.30111],[106.85485,-6.29963],[106.85463,-6.30308],[106.85852,-6.30544],[106.85683,-6.31002],[106.85835,-6.311],[106.85523,-6.31387],[106.85244,-6.31105],[106.85179,-6.31598],[106.84926,-6.31885],[106.84684,-6.31809],[106.84853,-6.31709],[106.84808,-6.31515],[106.84633,-6.31695],[106.84428,-6.31665],[106.84366,-6.31849],[106.84008,-6.31855],[106.83833,-6.32082],[106.84082,-6.32134],[106.84005,-6.32276],[106.843,-6.32571],[106.84021,-6.32931],[106.84347,-6.33159],[106.83985,-6.33283],[106.83926,-6.34034],[106.84087,-6.34233],[106.83812,-6.34124],[106.8355,-6.34404],[106.83971,-6.34377],[106.83766,-6.3471],[106.8393,-6.35165],[106.83551,-6.3519],[106.83629,-6.35508],[106.81598,-6.35611],[106.81504,-6.35943],[106.81359,-6.35905],[106.81036,-6.36397]]]}},{"type":"Feature","properties":{"n":"Purworejo","p":"Jawa Tengah"},"geometry":{"type":"Polygon","coordinates":[[[109.86858,-7.84176],[109.8236,-7.83123],[109.8302,-7.81927],[109.83282,-7.80478],[109.83092,-7.80387],[109.83925,-7.77355],[109.83518,-7.77314],[109.83287,-7.74844],[109.83005,-7.74108],[109.83017,-7.7383],[109.83172,-7.73789],[109.832,-7.72323],[109.82809,-7.71879],[109.83034,-7.71574],[109.81234,-7.71237],[109.81123,-7.71037],[109.80846,-7.71066],[109.80794,-7.70865],[109.80546,-7.70783],[109.80256,-7.70894],[109.80013,-7.7063],[109.80068,-7.69654],[109.79777,-7.69532],[109.79797,-7.68806],[109.8014,-7.68705],[109.80179,-7.68522],[109.80542,-7.68516],[109.80793,-7.6705],[109.80679,-7.66758],[109.80253,-7.66512],[109.80344,-7.66343],[109.80207,-7.66266],[109.80182,-7.65835],[109.80348,-7.65486],[109.79979,-7.65106],[109.80018,-7.64868],[109.79829,-7.64889],[109.79937,-7.6477],[109.79842,-7.6468],[109.79984,-7.64318],[109.80244,-7.64443],[109.80396,-7.64273],[109.80759,-7.63348],[109.81474,-7.6313],[109.81362,-7.62453],[109.81053,-7.62287],[109.81299,-7.61618],[109.81239,-7.60425],[109.81633,-7.59879],[109.81572,-7.59496],[109.81963,-7.58969],[109.82492,-7.58985],[109.82804,-7.58774],[109.83455,-7.57868],[109.84025,-7.57784],[109.83879,-7.57386],[109.84238,-7.57124],[109.84457,-7.56574],[109.84861,-7.56206],[109.8583,-7.56059],[109.87243,-7.54789],[109.8737,-7.54401],[109.86683,-7.53544],[109.86762,-7.5313],[109.87477,-7.52652],[109.87825,-7.53264],[109.88065,-7.53324],[109.88053,-7.53098],[109.88464,-7.53046],[109.88662,-7.52775],[109.88867,-7.52808],[109.89049,-7.52433],[109.89405,-7.52178],[109.89578,-7.5224],[109.90124,-7.51769],[109.91516,-7.52123],[109.92199,-7.52457],[109.92679,-7.52472],[109.92944,-7.52723],[109.93576,-7.52849],[109.94111,-7.53401],[109.94598,-7.53351],[109.95041,-7.52989],[109.96242,-7.53405],[109.97371,-7.53504],[109.97281,-7.53779],[109.97521,-7.53965],[109.9738,-7.54055],[109.973,-7.54724],[109.9702,-7.55398],[109.96747,-7.55415],[109.96989,-7.55858],[109.96829,-7.5629],[109.97174,-7.5688],[109.9771,-7.57215],[109.97893,-7.57687],[109.98938,-7.5781],[109.99538,-7.5754],[109.99636,-7.58223],[109.99524,-7.58716],[109.99726,-7.58986],[110.00657,-7.58838],[110.01002,-7.58632],[110.01709,-7.58607],[110.01656,-7.58284],[110.01429,-7.58261],[110.01686,-7.57338],[110.01647,-7.56769],[110.01423,-7.56634],[110.02377,-7.55676],[110.02754,-7.55534],[110.02843,-7.55313],[110.03465,-7.55349],[110.03811,-7.54404],[110.03792,-7.54056],[110.03332,-7.5353],[110.03383,-7.53292],[110.03798,-7.53208],[110.04435,-7.53459],[110.04403,-7.5376],[110.05245,-7.54814],[110.05105,-7.55166],[110.05887,-7.55898],[110.05588,-7.57033],[110.0597,-7.57549],[110.06252,-7.57211],[110.06443,-7.57331],[110.06527,-7.5713],[110.06782,-7.57098],[110.07307,-7.57303],[110.07467,-7.57647],[110.07975,-7.56906],[110.09152,-7.56558],[110.10169,-7.56961],[110.10291,-7.57223],[110.10044,-7.57581],[110.10187,-7.57703],[110.10304,-7.59056],[110.10727,-7.59228],[110.11131,-7.5996],[110.12031,-7.60865],[110.12251,-7.62062],[110.12136,-7.62353],[110.12534,-7.63083],[110.1318,-7.63447],[110.13955,-7.64437],[110.14144,-7.64481],[110.13903,-7.65407],[110.13082,-7.65434],[110.12793,-7.66021],[110.12271,-7.66343],[110.12179,-7.66747],[110.11795,-7.66815],[110.11556,-7.67361],[110.11565,-7.67582],[110.11893,-7.67849],[110.13196,-7.68391],[110.13632,-7.68844],[110.13851,-7.69426],[110.13334,-7.69752],[110.13075,-7.70976],[110.12724,-7.71602],[110.13148,-7.71471],[110.13435,-7.72134],[110.12948,-7.72426],[110.12729,-7.72811],[110.12457,-7.72831],[110.12351,-7.73063],[110.12934,-7.73328],[110.13132,-7.73688],[110.13157,-7.73899],[110.12914,-7.74216],[110.13072,-7.74695],[110.12918,-7.74963],[110.12268,-7.74973],[110.12124,-7.75581],[110.11262,-7.76463],[110.11451,-7.76936],[110.11136,-7.77742],[110.10171,-7.77507],[110.10237,-7.77862],[110.09218,-7.78668],[110.08933,-7.79561],[110.0806,-7.80624],[110.0731,-7.81101],[110.063,-7.81251],[110.06226,-7.82039],[110.0591,-7.82572],[110.05969,-7.83856],[110.05348,-7.83917],[110.05008,-7.84156],[110.05193,-7.84476],[110.05075,-7.85088],[110.04534,-7.85719],[110.04463,-7.85855],[110.04728,-7.85908],[110.04486,-7.85961],[110.04244,-7.86569],[110.04272,-7.86784],[110.04518,-7.8689],[110.04483,-7.87314],[110.04307,-7.87273],[110.04159,-7.88444],[110.0369,-7.88373],[110.03368,-7.88637],[110.03265,-7.89604],[110.03082,-7.89595],[110.02958,-7.89149],[110.02623,-7.88886],[110.02294,-7.89072],[110.01816,-7.89059],[110.00503,-7.88519],[110.00345,-7.88829],[109.94702,-7.86628],[109.91105,-7.85396],[109.86858,-7.84176]]]}},{"type":"Feature","properties":{"n":"Klaten","p":"Jawa Tengah"},"geometry":{"type":"Polygon","coordinates":[[[110.535,-7.79443],[110.53485,-7.79602],[110.53335,-7.79557],[110.53223,-7.79791],[110.53047,-7.79796],[110.5303,-7.79147],[110.52411,-7.78627],[110.52248,-7.78279],[110.52327,-7.78106],[110.515,-7.77892],[110.51265,-7.77604],[110.51196,-7.77166],[110.5084,-7.7685],[110.49177,-7.76677],[110.49178,-7.74193],[110.46847,-7.63705],[110.46848,-7.61741],[110.46322,-7.60467],[110.46044,-7.58825],[110.4527,-7.56391],[110.45549,-7.55756],[110.45501,-7.5548],[110.44537,-7.54103],[110.4549,-7.53911],[110.46545,-7.54503],[110.47423,-7.55222],[110.48825,-7.57322],[110.4906,-7.58196],[110.49597,-7.58375],[110.4958,-7.58521],[110.50113,-7.58894],[110.50745,-7.5897],[110.50704,-7.59297],[110.50988,-7.59562],[110.50836,-7.59739],[110.51561,-7.60316],[110.51742,-7.6013],[110.52231,-7.6031],[110.52281,-7.60572],[110.51677,-7.60484],[110.51371,-7.60633],[110.51423,-7.60875],[110.51891,-7.61202],[110.52209,-7.62125],[110.53064,-7.62612],[110.5342,-7.6248],[110.54021,-7.62832],[110.54391,-7.6255],[110.54409,-7.62038],[110.5417,-7.61642],[110.55113,-7.60979],[110.54586,-7.60627],[110.54514,-7.60327],[110.54712,-7.60065],[110.5494,-7.60195],[110.55248,-7.59836],[110.55746,-7.59718],[110.55928,-7.59476],[110.56175,-7.59554],[110.56846,-7.58579],[110.5712,-7.58705],[110.57251,-7.58595],[110.57323,-7.58209],[110.57827,-7.58524],[110.58241,-7.58362],[110.58779,-7.58662],[110.59148,-7.58399],[110.59714,-7.58834],[110.59997,-7.58256],[110.59787,-7.58075],[110.59923,-7.57673],[110.60157,-7.57535],[110.59772,-7.5745],[110.6002,-7.56906],[110.61169,-7.57622],[110.62957,-7.58114],[110.64129,-7.5862],[110.65463,-7.58749],[110.65714,-7.58908],[110.66957,-7.58611],[110.68076,-7.58998],[110.69065,-7.58719],[110.69041,-7.5893],[110.69453,-7.59183],[110.7045,-7.59332],[110.70802,-7.59583],[110.71796,-7.59736],[110.72049,-7.59493],[110.72627,-7.59718],[110.7293,-7.59632],[110.73213,-7.60004],[110.73915,-7.598],[110.74145,-7.60029],[110.74361,-7.59906],[110.74708,-7.60394],[110.74232,-7.60997],[110.74809,-7.61223],[110.74732,-7.61665],[110.75052,-7.61606],[110.75668,-7.61891],[110.75802,-7.61734],[110.76145,-7.61981],[110.76464,-7.6199],[110.7672,-7.62337],[110.7664,-7.62579],[110.76836,-7.62669],[110.76349,-7.63595],[110.77255,-7.64027],[110.77694,-7.63321],[110.77854,-7.63564],[110.78098,-7.63521],[110.78172,-7.63791],[110.78742,-7.64196],[110.79516,-7.64386],[110.79732,-7.64177],[110.79942,-7.64228],[110.79886,-7.6444],[110.79116,-7.64811],[110.79419,-7.64949],[110.79378,-7.65131],[110.79179,-7.65186],[110.79418,-7.65491],[110.79387,-7.65705],[110.78932,-7.65501],[110.7862,-7.65634],[110.78997,-7.65925],[110.78991,-7.66279],[110.78563,-7.66114],[110.78091,-7.66213],[110.77806,-7.66474],[110.78028,-7.66741],[110.77927,-7.67168],[110.7806,-7.67389],[110.77694,-7.67555],[110.78169,-7.68135],[110.78028,-7.68215],[110.77646,-7.67791],[110.77679,-7.68223],[110.76983,-7.6838],[110.77057,-7.68732],[110.7674,-7.68869],[110.76963,-7.68978],[110.76954,-7.69184],[110.77276,-7.69182],[110.77425,-7.69384],[110.76843,-7.69737],[110.76991,-7.69888],[110.76746,-7.70098],[110.76894,-7.70282],[110.76767,-7.7048],[110.7699,-7.70827],[110.76937,-7.71035],[110.77234,-7.71232],[110.77107,-7.71389],[110.77046,-7.71213],[110.76926,-7.71292],[110.77036,-7.71686],[110.76848,-7.71569],[110.76701,-7.71676],[110.76637,-7.7153],[110.76498,-7.71651],[110.76362,-7.71979],[110.76601,-7.72074],[110.76173,-7.72721],[110.7598,-7.72661],[110.75939,-7.73247],[110.75744,-7.73155],[110.7569,-7.73329],[110.75875,-7.73471],[110.7517,-7.7408],[110.7503,-7.73994],[110.75137,-7.74414],[110.74926,-7.74429],[110.74121,-7.7558],[110.7437,-7.75697],[110.73955,-7.75752],[110.74297,-7.75862],[110.74271,-7.76107],[110.73813,-7.76089],[110.73792,-7.76211],[110.73725,-7.76038],[110.73492,-7.76251],[110.7303,-7.76243],[110.7285,-7.76705],[110.72839,-7.76945],[110.72982,-7.76972],[110.72859,-7.77119],[110.72789,-7.76977],[110.72653,-7.77044],[110.72476,-7.77405],[110.72531,-7.77662],[110.7193,-7.77781],[110.72023,-7.77973],[110.71853,-7.77913],[110.71925,-7.78074],[110.7176,-7.78205],[110.71884,-7.78189],[110.71905,-7.78447],[110.71724,-7.78705],[110.71552,-7.7863],[110.71478,-7.79128],[110.71175,-7.79136],[110.71435,-7.79973],[110.7091,-7.80498],[110.69835,-7.80766],[110.68168,-7.80625],[110.67724,-7.80101],[110.67292,-7.80001],[110.67205,-7.79632],[110.67652,-7.79088],[110.67167,-7.78616],[110.66895,-7.78773],[110.66965,-7.78941],[110.66692,-7.79308],[110.66774,-7.79447],[110.65768,-7.8048],[110.65524,-7.80285],[110.65494,-7.79785],[110.65073,-7.79242],[110.63934,-7.79997],[110.63227,-7.80092],[110.63349,-7.79801],[110.63044,-7.79769],[110.62578,-7.80319],[110.61932,-7.79889],[110.616,-7.80193],[110.61065,-7.79825],[110.60425,-7.79828],[110.59877,-7.79997],[110.60088,-7.80479],[110.60006,-7.80674],[110.59448,-7.80618],[110.5858,-7.80858],[110.588,-7.80499],[110.58616,-7.80269],[110.58002,-7.80588],[110.57586,-7.80588],[110.57605,-7.80147],[110.58387,-7.79787],[110.58397,-7.79648],[110.58099,-7.795],[110.58209,-7.78911],[110.57323,-7.78864],[110.57134,-7.78603],[110.56359,-7.78175],[110.55627,-7.7837],[110.55568,-7.78623],[110.55311,-7.78705],[110.55413,-7.79028],[110.55291,-7.79217],[110.55503,-7.79506],[110.55089,-7.79496],[110.54777,-7.79035],[110.54454,-7.7913],[110.54297,-7.79419],[110.5406,-7.79423],[110.53942,-7.79768],[110.53645,-7.79681],[110.53762,-7.79441],[110.535,-7.79443]]]}},{"type":"Feature","properties":{"n":"Banyuwangi","p":"Jawa Timur"},"geometry":{"type":"MultiPolygon","coordinates":[[[[114.05194,-8.6486],[114.05161,-8.64877],[114.05158,-8.64871],[114.05194,-8.6486]]],[[[114.0268,-8.64551],[114.02924,-8.64924],[114.02481,-8.65167],[114.02745,-8.64818],[114.02392,-8.6491],[114.02599,-8.64734],[114.02622,-8.64632],[114.02473,-8.64669],[114.0268,-8.64551]]],[[[114.05061,-8.64679],[114.04987,-8.64744],[114.04943,-8.64726],[114.05061,-8.64679]]],[[[114.02643,-8.64547],[114.02436,-8.64503],[114.02681,-8.643],[114.02723,-8.64345],[114.02643,-8.64547]]],[[[114.05692,-8.63909],[114.05711,-8.639],[114.05699,-8.63936],[114.05692,-8.63909]]],[[[114.03303,-8.63434],[114.03327,-8.63383],[114.03337,-8.63385],[114.03303,-8.63434]]],[[[114.08395,-8.63315],[114.08257,-8.63507],[114.08267,-8.63042],[114.08329,-8.63078],[114.08395,-8.63315]]],[[[114.08805,-8.62035],[114.08721,-8.61924],[114.08818,-8.61926],[114.08805,-8.62035]]],[[[114.11182,-8.61957],[114.112,-8.61909],[114.11221,-8.61973],[114.11182,-8.61957]]],[[[113.99197,-8.61531],[113.99518,-8.61622],[113.99527,-8.61787],[113.99224,-8.61681],[113.99197,-8.61531]]],[[[113.99485,-8.61163],[113.99233,-8.61461],[113.99038,-8.6144],[113.99485,-8.61163]]],[[[113.99593,-8.61007],[113.99528,-8.60898],[113.99558,-8.60875],[113.99593,-8.61007]]],[[[113.99408,-8.60806],[113.99377,-8.60945],[113.99279,-8.60837],[113.99408,-8.60806]]],[[[114.02474,-8.60671],[114.02537,-8.60654],[114.02492,-8.6073],[114.02474,-8.60671]]],[[[113.99281,-8.6055],[113.99219,-8.60578],[113.99227,-8.60543],[113.99281,-8.6055]]],[[[114.02733,-8.60541],[114.02403,-8.60606],[114.02666,-8.60413],[114.02733,-8.60541]]],[[[114.01566,-8.60145],[114.0161,-8.60158],[114.01611,-8.6018],[114.01566,-8.60145]]],[[[114.14187,-8.62198],[114.09583,-8.61469],[114.08965,-8.61547],[114.085,-8.62068],[114.08619,-8.62436],[114.08554,-8.62772],[114.08355,-8.62923],[114.08086,-8.62607],[114.07571,-8.62411],[114.05984,-8.62615],[114.05903,-8.63233],[114.05714,-8.63338],[114.05739,-8.63686],[114.05429,-8.6357],[114.04983,-8.63763],[114.05253,-8.64419],[114.04974,-8.64652],[114.04758,-8.64552],[114.04795,-8.63722],[114.04357,-8.63679],[114.04246,-8.63483],[114.03829,-8.63353],[114.03275,-8.63308],[114.03202,-8.62211],[114.03032,-8.62038],[114.03207,-8.61458],[114.02938,-8.60312],[114.02986,-8.59941],[114.02548,-8.59413],[114.01497,-8.58975],[114.00237,-8.59004],[114.00027,-8.59117],[114.00087,-8.59212],[114.00045,-8.59342],[114.00067,-8.59211],[113.99902,-8.59208],[113.99966,-8.5928],[113.9993,-8.59422],[113.99946,-8.59279],[113.997,-8.59286],[113.99655,-8.59143],[113.99712,-8.59374],[113.99983,-8.59486],[113.99675,-8.59448],[113.99806,-8.60228],[113.99583,-8.60492],[113.99689,-8.60764],[113.99501,-8.60791],[113.99536,-8.6056],[113.99261,-8.60281],[113.99331,-8.60078],[113.99007,-8.59871],[113.98806,-8.60029],[113.98834,-8.60582],[113.98635,-8.6065],[113.98475,-8.60425],[113.98134,-8.6065],[113.98114,-8.60846],[113.97809,-8.60911],[113.97636,-8.60727],[113.97261,-8.60694],[113.96924,-8.61328],[113.96483,-8.61416],[113.96365,-8.6164],[113.96093,-8.61663],[113.95949,-8.61381],[113.95649,-8.61351],[113.95678,-8.60835],[113.95133,-8.60488],[113.94749,-8.59941],[113.95138,-8.59764],[113.95286,-8.5948],[113.95812,-8.59896],[113.96602,-8.59631],[113.96864,-8.58967],[113.96869,-8.58325],[113.96398,-8.57277],[113.95958,-8.56997],[113.95962,-8.56726],[113.94632,-8.55867],[113.94043,-8.55788],[113.93475,-8.56022],[113.9373,-8.56487],[113.93539,-8.56669],[113.93304,-8.56577],[113.92989,-8.56069],[113.92545,-8.56026],[113.92447,-8.56172],[113.92562,-8.56328],[113.92453,-8.5631],[113.92343,-8.56418],[113.92589,-8.5685],[113.92422,-8.56835],[113.92534,-8.57023],[113.92369,-8.57329],[113.91805,-8.57371],[113.91743,-8.57837],[113.91462,-8.57715],[113.9093,-8.57907],[113.90715,-8.57623],[113.90494,-8.5772],[113.90379,-8.57543],[113.901,-8.57512],[113.89979,-8.56889],[113.89672,-8.5657],[113.87609,-8.55705],[113.87156,-8.55643],[113.86959,-8.5597],[113.86428,-8.56142],[113.86053,-8.5591],[113.85785,-8.55972],[113.85289,-8.54964],[113.84445,-8.55508],[113.84318,-8.55376],[113.84074,-8.55525],[113.83849,-8.55463],[113.83782,-8.55331],[113.8439,-8.5459],[113.84789,-8.53167],[113.85302,-8.52616],[113.85512,-8.51963],[113.85552,-8.51553],[113.84738,-8.50906],[113.84314,-8.50353],[113.84221,-8.49446],[113.84828,-8.46237],[113.84819,-8.45456],[113.85325,-8.43272],[113.85726,-8.42744],[113.87437,-8.41642],[113.88196,-8.41727],[113.89041,-8.4104],[113.8942,-8.41346],[113.90033,-8.42397],[113.89924,-8.43443],[113.90542,-8.44006],[113.91027,-8.44197],[113.93442,-8.42324],[113.93744,-8.40913],[113.94727,-8.40182],[113.94427,-8.39739],[113.93596,-8.39288],[113.93301,-8.3888],[113.93042,-8.38885],[113.92367,-8.38426],[113.92721,-8.38003],[113.92775,-8.37671],[113.92716,-8.3752],[113.92443,-8.37508],[113.92165,-8.3699],[113.92253,-8.36346],[113.91871,-8.35849],[113.92122,-8.35732],[113.919,-8.35369],[113.9159,-8.35317],[113.91582,-8.34812],[113.91151,-8.35002],[113.91156,-8.34788],[113.90901,-8.34686],[113.91333,-8.33994],[113.92422,-8.33491],[113.92406,-8.33141],[113.9264,-8.32653],[113.92572,-8.32337],[113.92837,-8.31996],[113.92558,-8.31767],[113.92366,-8.31015],[113.92115,-8.30845],[113.92538,-8.29423],[113.92901,-8.29222],[113.93078,-8.28471],[113.93436,-8.28136],[113.935,-8.2708],[113.941,-8.26857],[113.94977,-8.26072],[113.9536,-8.24884],[113.96285,-8.24042],[113.9667,-8.23227],[113.96531,-8.22553],[113.96812,-8.22061],[113.96537,-8.21844],[113.95787,-8.20585],[113.96431,-8.20038],[113.97075,-8.18959],[113.98083,-8.18748],[113.99028,-8.18295],[114.0039,-8.16549],[114.00422,-8.16222],[114.02205,-8.14187],[114.02645,-8.13947],[114.03566,-8.14102],[114.03802,-8.13989],[114.04216,-8.13584],[114.04678,-8.1252],[114.0485,-8.12702],[114.05555,-8.12798],[114.05992,-8.1227],[114.06418,-8.1219],[114.07857,-8.12681],[114.08137,-8.12555],[114.08389,-8.12089],[114.09174,-8.11615],[114.10932,-8.11298],[114.1135,-8.1149],[114.11658,-8.11438],[114.12885,-8.10969],[114.13525,-8.10291],[114.14548,-8.10111],[114.14963,-8.10221],[114.15328,-8.10542],[114.16139,-8.10552],[114.17033,-8.10815],[114.17274,-8.10734],[114.1755,-8.11191],[114.17416,-8.11388],[114.17646,-8.12032],[114.18438,-8.12091],[114.18774,-8.11285],[114.19521,-8.10356],[114.21405,-8.09948],[114.21745,-8.09269],[114.21655,-8.09013],[114.21756,-8.08299],[114.2199,-8.07932],[114.21975,-8.07374],[114.22193,-8.07262],[114.22329,-8.07393],[114.23114,-8.07043],[114.24165,-8.05812],[114.24672,-8.05467],[114.24647,-8.04946],[114.24876,-8.04565],[114.24667,-8.04198],[114.23889,-8.03713],[114.23582,-8.03121],[114.23765,-8.01973],[114.24071,-8.01344],[114.23881,-8.01391],[114.23774,-8.01241],[114.23826,-8.00615],[114.23257,-7.99696],[114.22439,-7.98976],[114.22508,-7.98295],[114.22839,-7.97944],[114.23042,-7.97258],[114.23708,-7.96203],[114.24214,-7.95757],[114.24969,-7.93936],[114.27132,-7.91959],[114.27131,-7.91491],[114.27615,-7.91266],[114.27843,-7.90945],[114.27826,-7.90663],[114.28277,-7.90084],[114.28313,-7.89724],[114.29913,-7.88575],[114.30653,-7.88519],[114.31769,-7.89514],[114.33002,-7.90178],[114.33284,-7.90692],[114.33953,-7.90759],[114.34055,-7.90592],[114.34427,-7.90888],[114.34438,-7.91142],[114.348,-7.91083],[114.35158,-7.91365],[114.35743,-7.91284],[114.36176,-7.91448],[114.36529,-7.91821],[114.37265,-7.91866],[114.37336,-7.92029],[114.37848,-7.92097],[114.39028,-7.92692],[114.39653,-7.9268],[114.40648,-7.93732],[114.41289,-7.94014],[114.41418,-7.93951],[114.41362,-7.93726],[114.41448,-7.93808],[114.41975,-7.93441],[114.42403,-7.93549],[114.42269,-7.9611],[114.42515,-7.9704],[114.42568,-7.98374],[114.42962,-7.99024],[114.43013,-7.99637],[114.42581,-8.01474],[114.42701,-8.02016],[114.43411,-8.03102],[114.43351,-8.03702],[114.42901,-8.04549],[114.43128,-8.05546],[114.42985,-8.06579],[114.41802,-8.07951],[114.41596,-8.09129],[114.40694,-8.1115],[114.40081,-8.11672],[114.39847,-8.12113],[114.39849,-8.1264],[114.40148,-8.13256],[114.40025,-8.14108],[114.40183,-8.15001],[114.39587,-8.15974],[114.39395,-8.17162],[114.38385,-8.19026],[114.3819,-8.1983],[114.38435,-8.19883],[114.38192,-8.19941],[114.38018,-8.20414],[114.38029,-8.20875],[114.38327,-8.21024],[114.38335,-8.20638],[114.38549,-8.20213],[114.38659,-8.20605],[114.38478,-8.20725],[114.38572,-8.21677],[114.38972,-8.22593],[114.39023,-8.23436],[114.36929,-8.26977],[114.36579,-8.27918],[114.36299,-8.29928],[114.36474,-8.30942],[114.35735,-8.32828],[114.36062,-8.33577],[114.35245,-8.35429],[114.35099,-8.36197],[114.35217,-8.36386],[114.35192,-8.37398],[114.34775,-8.3859],[114.34554,-8.40369],[114.3407,-8.4171],[114.33916,-8.42736],[114.34195,-8.43858],[114.34332,-8.4403],[114.34744,-8.43787],[114.35055,-8.43771],[114.34473,-8.44055],[114.3475,-8.44293],[114.34493,-8.44187],[114.34556,-8.44442],[114.34857,-8.44328],[114.35143,-8.43809],[114.34865,-8.44332],[114.34524,-8.44497],[114.34756,-8.44969],[114.34895,-8.44923],[114.34983,-8.45198],[114.35028,-8.45051],[114.35211,-8.4511],[114.35165,-8.45246],[114.35652,-8.45688],[114.35576,-8.45971],[114.35733,-8.46454],[114.35502,-8.46704],[114.35537,-8.47018],[114.35708,-8.47016],[114.35861,-8.47276],[114.36176,-8.4716],[114.36607,-8.47602],[114.36827,-8.4753],[114.36668,-8.47711],[114.36908,-8.47735],[114.37066,-8.47987],[114.36359,-8.48748],[114.36627,-8.48946],[114.36525,-8.49279],[114.36237,-8.49527],[114.35976,-8.49358],[114.36112,-8.49545],[114.35969,-8.49573],[114.36152,-8.49616],[114.36252,-8.49917],[114.35615,-8.50288],[114.36085,-8.50373],[114.35797,-8.50397],[114.35741,-8.5078],[114.35893,-8.50933],[114.35729,-8.50948],[114.35873,-8.51056],[114.35448,-8.51478],[114.35392,-8.52302],[114.35125,-8.52509],[114.35233,-8.52636],[114.35132,-8.52936],[114.35582,-8.53267],[114.35579,-8.53592],[114.35752,-8.5365],[114.35816,-8.53501],[114.36451,-8.53811],[114.37316,-8.53553],[114.37644,-8.532],[114.38563,-8.50542],[114.38469,-8.4923],[114.38834,-8.48121],[114.38259,-8.44869],[114.38422,-8.44653],[114.38918,-8.44765],[114.39527,-8.45312],[114.39948,-8.46099],[114.39708,-8.47308],[114.39705,-8.49462],[114.39901,-8.4956],[114.40004,-8.49875],[114.40432,-8.50037],[114.40936,-8.50954],[114.40931,-8.51864],[114.40337,-8.52701],[114.40113,-8.54011],[114.40249,-8.54649],[114.40804,-8.55604],[114.4079,-8.56943],[114.41827,-8.58595],[114.42288,-8.60451],[114.43251,-8.61303],[114.43634,-8.61891],[114.43906,-8.62411],[114.43921,-8.63012],[114.4421,-8.63444],[114.44948,-8.63926],[114.45204,-8.63805],[114.45306,-8.63996],[114.458,-8.63845],[114.46479,-8.62904],[114.46542,-8.62491],[114.47,-8.62005],[114.47301,-8.61746],[114.48093,-8.61789],[114.49031,-8.63118],[114.49629,-8.6346],[114.50553,-8.63572],[114.50725,-8.64094],[114.51439,-8.65011],[114.52393,-8.65156],[114.53122,-8.65619],[114.53683,-8.6563],[114.54247,-8.6592],[114.56207,-8.65655],[114.56766,-8.65895],[114.57037,-8.6609],[114.57601,-8.67288],[114.58712,-8.68692],[114.58931,-8.68766],[114.59698,-8.69978],[114.59764,-8.70489],[114.60479,-8.71504],[114.60425,-8.72285],[114.59692,-8.73734],[114.59527,-8.75069],[114.58749,-8.76334],[114.5687,-8.77247],[114.53767,-8.78011],[114.50489,-8.77527],[114.48474,-8.76529],[114.47831,-8.76034],[114.44579,-8.7526],[114.43151,-8.752],[114.41751,-8.74876],[114.401,-8.75257],[114.39027,-8.75186],[114.38158,-8.74883],[114.37059,-8.74897],[114.36942,-8.75039],[114.34463,-8.74236],[114.3419,-8.73751],[114.34386,-8.73362],[114.36258,-8.72558],[114.37204,-8.71682],[114.3774,-8.69907],[114.37451,-8.69043],[114.37505,-8.68594],[114.37328,-8.68369],[114.37317,-8.67765],[114.36252,-8.65966],[114.34975,-8.64538],[114.32115,-8.62504],[114.30797,-8.61906],[114.27843,-8.61017],[114.25816,-8.60159],[114.2466,-8.59975],[114.22892,-8.60174],[114.22651,-8.60359],[114.22873,-8.60666],[114.22511,-8.61194],[114.22966,-8.6203],[114.22835,-8.62257],[114.22556,-8.62313],[114.22684,-8.62558],[114.22435,-8.63223],[114.22561,-8.63537],[114.22365,-8.63638],[114.22069,-8.64487],[114.2128,-8.64526],[114.20889,-8.64455],[114.20281,-8.64063],[114.18971,-8.63905],[114.18493,-8.64016],[114.17882,-8.63468],[114.17148,-8.63153],[114.14187,-8.62198]]],[[[113.90274,-8.58626],[113.90263,-8.58573],[113.90283,-8.58548],[113.90274,-8.58626]]],[[[113.91468,-8.58487],[113.91312,-8.58515],[113.91199,-8.5834],[113.91508,-8.58214],[113.91468,-8.58487]]],[[[113.89439,-8.58186],[113.89374,-8.58292],[113.89341,-8.58297],[113.89439,-8.58186]]],[[[113.89622,-8.57876],[113.89577,-8.57993],[113.89485,-8.57972],[113.895,-8.57953],[113.89622,-8.57876]]],[[[113.87143,-8.57892],[113.87069,-8.57957],[113.87054,-8.57893],[113.87143,-8.57892]]],[[[113.92356,-8.57407],[113.92314,-8.57438],[113.92318,-8.57408],[113.92356,-8.57407]]],[[[113.89092,-8.5689],[113.89084,-8.56841],[113.89105,-8.56827],[113.89092,-8.5689]]],[[[113.92508,-8.56337],[113.92512,-8.56375],[113.92489,-8.56364],[113.92508,-8.56337]]],[[[113.86731,-8.56188],[113.86711,-8.56181],[113.86724,-8.56224],[113.86701,-8.56202],[113.86713,-8.56174],[113.86723,-8.56176],[113.86731,-8.56188]]],[[[113.85679,-8.55978],[113.85721,-8.55935],[113.85724,-8.56],[113.85679,-8.55978]]],[[[114.20382,-8.65594],[114.20405,-8.65616],[114.20379,-8.65629],[114.20382,-8.65594]]],[[[114.38195,-8.20819],[114.38063,-8.20399],[114.38135,-8.20102],[114.38232,-8.19969],[114.38411,-8.20217],[114.38173,-8.201],[114.38206,-8.20321],[114.38388,-8.20327],[114.38195,-8.20819]]],[[[114.46102,-8.03785],[114.4605,-8.03629],[114.46252,-8.03697],[114.46102,-8.03785]]]]}},{"type":"Feature","properties":{"n":"Kota Adm. Jakarta Barat","p":"DKI Jakarta"},"geometry":{"type":"Polygon","coordinates":[[[106.76592,-6.22247],[106.72542,-6.22435],[106.71809,-6.22304],[106.71982,-6.21237],[106.72309,-6.21231],[106.72438,-6.20786],[106.72339,-6.19907],[106.72471,-6.19395],[106.72413,-6.19179],[106.71344,-6.19177],[106.71795,-6.18776],[106.72437,-6.18496],[106.69606,-6.17525],[106.69118,-6.17491],[106.69123,-6.17351],[106.68681,-6.17237],[106.68701,-6.16862],[106.6893,-6.16698],[106.69099,-6.16063],[106.68804,-6.15993],[106.6858,-6.12843],[106.68663,-6.12482],[106.68998,-6.12109],[106.69125,-6.11372],[106.69563,-6.11389],[106.69689,-6.11059],[106.69301,-6.10627],[106.69125,-6.10888],[106.68874,-6.10809],[106.68819,-6.1032],[106.68945,-6.10182],[106.68809,-6.09696],[106.69346,-6.09558],[106.71147,-6.09647],[106.72722,-6.11729],[106.73339,-6.12298],[106.75069,-6.1343],[106.7682,-6.14065],[106.77566,-6.14164],[106.77507,-6.14524],[106.80056,-6.14186],[106.80117,-6.13366],[106.81325,-6.13011],[106.81505,-6.13024],[106.81678,-6.13712],[106.8217,-6.13736],[106.82663,-6.14789],[106.82834,-6.16229],[106.82053,-6.15953],[106.80451,-6.1618],[106.80279,-6.16119],[106.80164,-6.16014],[106.80157,-6.15904],[106.80128,-6.15903],[106.79818,-6.1614],[106.80984,-6.17965],[106.81065,-6.18893],[106.80683,-6.18903],[106.80433,-6.19731],[106.79782,-6.20306],[106.79608,-6.20758],[106.78907,-6.20847],[106.78321,-6.2067],[106.78333,-6.21275],[106.77768,-6.21376],[106.77843,-6.22691],[106.76581,-6.22743],[106.76479,-6.22709],[106.76689,-6.22532],[106.76592,-6.22247]]]}},{"type":"Feature","properties":{"n":"Blitar","p":"Jawa Timur"},"geometry":{"type":"MultiPolygon","coordinates":[[[[112.07475,-8.31673],[112.06713,-8.31883],[112.06824,-8.32131],[112.06527,-8.32226],[112.05383,-8.31728],[112.03426,-8.31925],[112.02903,-8.317],[112.02864,-8.31481],[112.02996,-8.31424],[112.02854,-8.31206],[112.03405,-8.30831],[112.03436,-8.30085],[112.03159,-8.29391],[112.02448,-8.28779],[112.02356,-8.28167],[112.02892,-8.27319],[112.03063,-8.26268],[112.02626,-8.25715],[112.02513,-8.24801],[112.02265,-8.24426],[112.02595,-8.23931],[112.0268,-8.23486],[112.02547,-8.22913],[112.02266,-8.22884],[112.02193,-8.22643],[112.02392,-8.22527],[112.02544,-8.20588],[112.02821,-8.19993],[112.02637,-8.19902],[112.0261,-8.19566],[112.02316,-8.19407],[112.02541,-8.18763],[112.02419,-8.18572],[112.0271,-8.1846],[112.0291,-8.18144],[112.02864,-8.16869],[112.03008,-8.16812],[112.03162,-8.16997],[112.03545,-8.16928],[112.03811,-8.17375],[112.05068,-8.17975],[112.05643,-8.17685],[112.06406,-8.17665],[112.06448,-8.18409],[112.06611,-8.18646],[112.07858,-8.18752],[112.08902,-8.17336],[112.09397,-8.17362],[112.09539,-8.17197],[112.09751,-8.16644],[112.10365,-8.15839],[112.11654,-8.15761],[112.11732,-8.14362],[112.1201,-8.13448],[112.11947,-8.12864],[112.12201,-8.12529],[112.11588,-8.12311],[112.11287,-8.11991],[112.09578,-8.11091],[112.08692,-8.11296],[112.08264,-8.11827],[112.07894,-8.11892],[112.07159,-8.11698],[112.06708,-8.11134],[112.04866,-8.10957],[112.03365,-8.09885],[112.01745,-8.09681],[112.008,-8.09755],[111.99687,-8.09211],[111.99408,-8.08747],[111.99284,-8.08093],[111.98817,-8.07643],[111.99183,-8.07115],[111.99331,-8.07117],[111.99319,-8.06695],[111.99397,-8.06792],[111.99575,-8.06654],[111.99622,-8.06265],[111.99473,-8.05923],[111.98721,-8.05272],[111.98705,-8.04985],[111.98203,-8.04839],[111.97752,-8.04382],[111.97248,-8.04361],[111.97363,-8.04027],[111.97093,-8.03692],[111.97077,-8.0311],[111.96941,-8.02991],[111.97042,-8.02732],[111.96878,-8.02644],[111.96763,-8.02136],[111.96608,-8.02173],[111.96507,-8.01986],[111.96402,-8.0154],[111.96203,-8.01393],[111.96248,-8.01198],[111.95652,-8.00893],[111.95805,-8.00596],[111.9557,-7.99808],[111.96172,-7.99861],[111.96389,-8.00717],[111.97441,-8.01063],[111.97538,-8.01261],[111.97828,-8.00534],[111.97631,-8.00344],[111.97771,-7.99782],[111.98064,-7.99812],[111.98124,-7.99686],[111.99139,-7.99856],[111.99168,-7.99581],[112.01306,-7.99833],[112.01423,-8.00172],[112.03683,-7.99326],[112.04714,-7.99356],[112.05772,-7.99122],[112.06777,-7.99226],[112.0741,-7.99015],[112.0908,-7.99158],[112.09629,-7.98908],[112.09826,-7.97684],[112.09625,-7.97001],[112.10955,-7.96946],[112.11636,-7.97256],[112.13343,-7.97604],[112.15036,-7.97571],[112.15024,-7.9772],[112.17843,-7.9741],[112.19214,-7.97008],[112.20133,-7.96404],[112.22138,-7.96159],[112.22959,-7.95554],[112.23459,-7.95487],[112.2402,-7.95143],[112.24243,-7.94748],[112.25139,-7.94476],[112.25719,-7.94405],[112.25946,-7.94738],[112.26655,-7.94293],[112.27547,-7.94238],[112.28243,-7.939],[112.29293,-7.94038],[112.30281,-7.93766],[112.30712,-7.93428],[112.30658,-7.9293],[112.30913,-7.93095],[112.31116,-7.92826],[112.31419,-7.92945],[112.31394,-7.93129],[112.31748,-7.93158],[112.3392,-7.94443],[112.35558,-7.94541],[112.36337,-7.95109],[112.36417,-7.95383],[112.36268,-7.9562],[112.36524,-7.95536],[112.37051,-7.95722],[112.38336,-7.95292],[112.40721,-7.95026],[112.42045,-7.94243],[112.43225,-7.93033],[112.44503,-7.93219],[112.45298,-7.92709],[112.46031,-7.93942],[112.46789,-7.94708],[112.46425,-7.95158],[112.46529,-7.95595],[112.47095,-7.9575],[112.47268,-7.96151],[112.47799,-7.96609],[112.47691,-7.97534],[112.47188,-7.98323],[112.46838,-7.99942],[112.47297,-8.00293],[112.4745,-8.0138],[112.4664,-8.0249],[112.46577,-8.03102],[112.45798,-8.04472],[112.45546,-8.05626],[112.45343,-8.05695],[112.45512,-8.0593],[112.45425,-8.06381],[112.45781,-8.06751],[112.45814,-8.07082],[112.45665,-8.07259],[112.45704,-8.07621],[112.45577,-8.07661],[112.45686,-8.07789],[112.45533,-8.07841],[112.45679,-8.08101],[112.4541,-8.08788],[112.45488,-8.09324],[112.45318,-8.09782],[112.45457,-8.09975],[112.45427,-8.10671],[112.45595,-8.11001],[112.45759,-8.10954],[112.45916,-8.11494],[112.45674,-8.12288],[112.45777,-8.12647],[112.45349,-8.13339],[112.45462,-8.14173],[112.45323,-8.14443],[112.44741,-8.14805],[112.44017,-8.14882],[112.43636,-8.15468],[112.43065,-8.15893],[112.42532,-8.15965],[112.42228,-8.15801],[112.4177,-8.15975],[112.41553,-8.16635],[112.41186,-8.16033],[112.39583,-8.16482],[112.39206,-8.16176],[112.38937,-8.16255],[112.38327,-8.16902],[112.38014,-8.17052],[112.3728,-8.16998],[112.36681,-8.17488],[112.3672,-8.18347],[112.38271,-8.19125],[112.38223,-8.1947],[112.38481,-8.19993],[112.38516,-8.20578],[112.38295,-8.20785],[112.3863,-8.21384],[112.38924,-8.21524],[112.38941,-8.2308],[112.38766,-8.23621],[112.38438,-8.23836],[112.37886,-8.23752],[112.37814,-8.24011],[112.38054,-8.24133],[112.38212,-8.24526],[112.38324,-8.26646],[112.38843,-8.28529],[112.38521,-8.2876],[112.38108,-8.29699],[112.37817,-8.29876],[112.37636,-8.30872],[112.37064,-8.31257],[112.37015,-8.32352],[112.36424,-8.32839],[112.36222,-8.33779],[112.36307,-8.34048],[112.3599,-8.34841],[112.35269,-8.34837],[112.34885,-8.35146],[112.34639,-8.34978],[112.34715,-8.34747],[112.34995,-8.34604],[112.3479,-8.34133],[112.34307,-8.34345],[112.33707,-8.34228],[112.33835,-8.3397],[112.33464,-8.33328],[112.32884,-8.33166],[112.31899,-8.33413],[112.3185,-8.34164],[112.31629,-8.34252],[112.31201,-8.33912],[112.3082,-8.34043],[112.3088,-8.33671],[112.30522,-8.33474],[112.30042,-8.33605],[112.29633,-8.33125],[112.29402,-8.33284],[112.29161,-8.33151],[112.28596,-8.33193],[112.27991,-8.33754],[112.27917,-8.33661],[112.2739,-8.33826],[112.27168,-8.34393],[112.26624,-8.34909],[112.26389,-8.3473],[112.26346,-8.3503],[112.26132,-8.34748],[112.25871,-8.3478],[112.25873,-8.3455],[112.2548,-8.34297],[112.24486,-8.34394],[112.24108,-8.34705],[112.23921,-8.34417],[112.23509,-8.34362],[112.23453,-8.3456],[112.23237,-8.34498],[112.23117,-8.3464],[112.22993,-8.34323],[112.22085,-8.34247],[112.21947,-8.34036],[112.21802,-8.3407],[112.21824,-8.33927],[112.22046,-8.33467],[112.22146,-8.33513],[112.22127,-8.33323],[112.22338,-8.33248],[112.21964,-8.32713],[112.21656,-8.32594],[112.21333,-8.32803],[112.21407,-8.32929],[112.21145,-8.32737],[112.21068,-8.32881],[112.20944,-8.32788],[112.20888,-8.32987],[112.20891,-8.32771],[112.2069,-8.32775],[112.20653,-8.32581],[112.20446,-8.32723],[112.20314,-8.32451],[112.20088,-8.3259],[112.20008,-8.32468],[112.19941,-8.32659],[112.19467,-8.32677],[112.19443,-8.32324],[112.19051,-8.32702],[112.19148,-8.32541],[112.18944,-8.32513],[112.18915,-8.32356],[112.1852,-8.32314],[112.18145,-8.32421],[112.18215,-8.32634],[112.17797,-8.32532],[112.1757,-8.32171],[112.17119,-8.32162],[112.17014,-8.32027],[112.16744,-8.3223],[112.16682,-8.32505],[112.16873,-8.32589],[112.16691,-8.32753],[112.16116,-8.32587],[112.1555,-8.32861],[112.15093,-8.32463],[112.15144,-8.32302],[112.1501,-8.32137],[112.14537,-8.31914],[112.14615,-8.31793],[112.14472,-8.31613],[112.1418,-8.31561],[112.14057,-8.31753],[112.14044,-8.31465],[112.13902,-8.31645],[112.14048,-8.31833],[112.1386,-8.31686],[112.13501,-8.3186],[112.13302,-8.32323],[112.12982,-8.3255],[112.12459,-8.3217],[112.12285,-8.31522],[112.12027,-8.31447],[112.11838,-8.31626],[112.11398,-8.31625],[112.11038,-8.31237],[112.10632,-8.31777],[112.09854,-8.31826],[112.09629,-8.31624],[112.08997,-8.31482],[112.08293,-8.31802],[112.07475,-8.31673]],[[112.15204,-8.12825],[112.15233,-8.1271],[112.15655,-8.12805],[112.15771,-8.12589],[112.15961,-8.12664],[112.15645,-8.13487],[112.16016,-8.13572],[112.16032,-8.13422],[112.16594,-8.13283],[112.17013,-8.12612],[112.16868,-8.12245],[112.17079,-8.11881],[112.17189,-8.11795],[112.1761,-8.12037],[112.17759,-8.115],[112.18085,-8.11026],[112.18294,-8.11035],[112.18453,-8.10471],[112.19047,-8.10293],[112.193,-8.0997],[112.19378,-8.10064],[112.19753,-8.09375],[112.20051,-8.09282],[112.19557,-8.0907],[112.19558,-8.08778],[112.19085,-8.08533],[112.19308,-8.08068],[112.19233,-8.07676],[112.19502,-8.07525],[112.19445,-8.07243],[112.1985,-8.06537],[112.19027,-8.06353],[112.18891,-8.06592],[112.18729,-8.06545],[112.18898,-8.05811],[112.18628,-8.05608],[112.18217,-8.05733],[112.18107,-8.0609],[112.17213,-8.05819],[112.16842,-8.0734],[112.16511,-8.07608],[112.16132,-8.08492],[112.15706,-8.0862],[112.1576,-8.0832],[112.15142,-8.08254],[112.14754,-8.08011],[112.14704,-8.07692],[112.14427,-8.07668],[112.1335,-8.08363],[112.13206,-8.09108],[112.14023,-8.09617],[112.1394,-8.09883],[112.1416,-8.09994],[112.13989,-8.1031],[112.13833,-8.10297],[112.13702,-8.10691],[112.13584,-8.10674],[112.13594,-8.10904],[112.14087,-8.1112],[112.14364,-8.10756],[112.14504,-8.10802],[112.1439,-8.11134],[112.14756,-8.10947],[112.14566,-8.11378],[112.14335,-8.11357],[112.14222,-8.11778],[112.14412,-8.11831],[112.14378,-8.11989],[112.15028,-8.12119],[112.14898,-8.12757],[112.15204,-8.12825]]],[[[112.15038,-8.32489],[112.15029,-8.32484],[112.15034,-8.32478],[112.15038,-8.32489]]],[[[112.14966,-8.32197],[112.1503,-8.32185],[112.14982,-8.32233],[112.14966,-8.32197]]],[[[112.22008,-8.34387],[112.22053,-8.3434],[112.22052,-8.34398],[112.22008,-8.34387]]],[[[112.22242,-8.3442],[112.22315,-8.34289],[112.22388,-8.34317],[112.2236,-8.34363],[112.22242,-8.3442]]],[[[112.21784,-8.33949],[112.21774,-8.33973],[112.21756,-8.33959],[112.21784,-8.33949]]],[[[112.20679,-8.32959],[112.20708,-8.32982],[112.20691,-8.33005],[112.20679,-8.32959]]],[[[112.20532,-8.32891],[112.20563,-8.32893],[112.20537,-8.32908],[112.20532,-8.32891]]],[[[112.18094,-8.32801],[112.18094,-8.32716],[112.18147,-8.32787],[112.18094,-8.32801]]],[[[112.20292,-8.32684],[112.20278,-8.32674],[112.20295,-8.32667],[112.20292,-8.32684]]],[[[112.17957,-8.32689],[112.17933,-8.3261],[112.18027,-8.32703],[112.17957,-8.32689]]],[[[112.18614,-8.32449],[112.18609,-8.3248],[112.18598,-8.32454],[112.18614,-8.32449]]],[[[112.23877,-8.35215],[112.23877,-8.35244],[112.23854,-8.35226],[112.23877,-8.35215]]],[[[112.24091,-8.35243],[112.24098,-8.35201],[112.24108,-8.35212],[112.24091,-8.35243]]],[[[112.24169,-8.35059],[112.24204,-8.35105],[112.24174,-8.35124],[112.24169,-8.35059]]],[[[112.23689,-8.35044],[112.23703,-8.35086],[112.23676,-8.35067],[112.23689,-8.35044]]],[[[112.24109,-8.35027],[112.24137,-8.35022],[112.24124,-8.35035],[112.24109,-8.35027]]],[[[112.23768,-8.34982],[112.23867,-8.3496],[112.23814,-8.35093],[112.23768,-8.34982]]],[[[112.24078,-8.34897],[112.23876,-8.3502],[112.24024,-8.34816],[112.24078,-8.34897]]],[[[112.2424,-8.34853],[112.24218,-8.34911],[112.24209,-8.34804],[112.2424,-8.34853]]],[[[112.23742,-8.34562],[112.23773,-8.34606],[112.23724,-8.34575],[112.23742,-8.34562]]],[[[112.22826,-8.34491],[112.22915,-8.34391],[112.2284,-8.34526],[112.22826,-8.34491]]],[[[112.34548,-8.3503],[112.3459,-8.35019],[112.34607,-8.35055],[112.34548,-8.3503]]],[[[112.34596,-8.34972],[112.3459,-8.34989],[112.34581,-8.34979],[112.34596,-8.34972]]],[[[112.3472,-8.34692],[112.3472,-8.34708],[112.3469,-8.34705],[112.3472,-8.34692]]],[[[112.31912,-8.34381],[112.31843,-8.3432],[112.31936,-8.34357],[112.31912,-8.34381]]],[[[112.3058,-8.34257],[112.30753,-8.34119],[112.30881,-8.34192],[112.3072,-8.34294],[112.3058,-8.34257]]],[[[112.31062,-8.34062],[112.31055,-8.33992],[112.311,-8.34057],[112.31062,-8.34062]]],[[[112.30277,-8.33896],[112.3035,-8.33882],[112.30262,-8.33909],[112.30277,-8.33896]]],[[[112.29323,-8.33375],[112.29326,-8.33332],[112.29348,-8.33365],[112.29323,-8.33375]]],[[[112.34811,-8.35193],[112.34823,-8.35225],[112.34788,-8.3521],[112.34811,-8.35193]]]]}},{"type":"Feature","properties":{"n":"Kota Adm. Jakarta Pusat","p":"DKI Jakarta"},"geometry":{"type":"Polygon","coordinates":[[[106.81978,-6.2129],[106.79947,-6.22922],[106.79586,-6.22926],[106.79691,-6.21872],[106.79582,-6.21248],[106.79344,-6.21171],[106.79188,-6.20872],[106.79612,-6.20755],[106.79782,-6.20306],[106.80425,-6.19743],[106.80683,-6.18903],[106.81065,-6.18893],[106.80984,-6.17965],[106.79818,-6.1614],[106.80128,-6.15903],[106.80451,-6.1618],[106.82053,-6.15953],[106.82834,-6.16229],[106.82657,-6.14765],[106.82132,-6.13686],[106.8307,-6.13514],[106.83101,-6.14008],[106.83544,-6.14283],[106.83715,-6.14605],[106.83842,-6.14176],[106.84408,-6.14496],[106.84127,-6.15074],[106.84518,-6.15344],[106.85668,-6.15183],[106.87693,-6.16349],[106.8814,-6.16252],[106.8763,-6.17489],[106.87513,-6.1923],[106.86179,-6.19389],[106.85107,-6.20162],[106.85532,-6.20256],[106.85501,-6.20591],[106.85013,-6.20557],[106.84699,-6.20864],[106.82275,-6.20267],[106.81978,-6.2129]]]}},{"type":"Feature","properties":{"n":"Kota Probolinggo","p":"Jawa Timur"},"geometry":{"type":"Polygon","coordinates":[[[113.20829,-7.80445],[113.20327,-7.80633],[113.20027,-7.81255],[113.17859,-7.81015],[113.18307,-7.79067],[113.17702,-7.78848],[113.17904,-7.7833],[113.16957,-7.78074],[113.16991,-7.77946],[113.16899,-7.78057],[113.16397,-7.77925],[113.16557,-7.77369],[113.16294,-7.77168],[113.16906,-7.76268],[113.1699,-7.75443],[113.17231,-7.75489],[113.17303,-7.75214],[113.17425,-7.755],[113.17538,-7.7516],[113.17765,-7.75208],[113.17782,-7.75015],[113.17468,-7.74993],[113.17631,-7.74709],[113.1805,-7.74376],[113.17955,-7.74818],[113.18258,-7.74531],[113.18333,-7.747],[113.18616,-7.7469],[113.18891,-7.74188],[113.19332,-7.74341],[113.1922,-7.74027],[113.19636,-7.74149],[113.21048,-7.73824],[113.21447,-7.73419],[113.21467,-7.73196],[113.21232,-7.73184],[113.21248,-7.72768],[113.21513,-7.72768],[113.21533,-7.72242],[113.21757,-7.72224],[113.21629,-7.73643],[113.21685,-7.73648],[113.21774,-7.72469],[113.21818,-7.72251],[113.21789,-7.72699],[113.21946,-7.7272],[113.21974,-7.72462],[113.22059,-7.72467],[113.22027,-7.72719],[113.22351,-7.72865],[113.22501,-7.72515],[113.22723,-7.72462],[113.22758,-7.72456],[113.22796,-7.72469],[113.22477,-7.72589],[113.2265,-7.72863],[113.22522,-7.72818],[113.22364,-7.73189],[113.22564,-7.73274],[113.22893,-7.72503],[113.22906,-7.72507],[113.22542,-7.73423],[113.22307,-7.73367],[113.22512,-7.73796],[113.23284,-7.73828],[113.23708,-7.74029],[113.23665,-7.74629],[113.23812,-7.74736],[113.2375,-7.74914],[113.23439,-7.75035],[113.23186,-7.756],[113.23467,-7.75668],[113.23599,-7.76263],[113.23465,-7.77147],[113.23737,-7.77311],[113.234,-7.78049],[113.23734,-7.78164],[113.2354,-7.78793],[113.23852,-7.79365],[113.24248,-7.79485],[113.24111,-7.79968],[113.23903,-7.7976],[113.23582,-7.79758],[113.23504,-7.80401],[113.23679,-7.80623],[113.23707,-7.80824],[113.23351,-7.80751],[113.23312,-7.80396],[113.22593,-7.80164],[113.22611,-7.80473],[113.22126,-7.80874],[113.22183,-7.81059],[113.21967,-7.81179],[113.22006,-7.81347],[113.21811,-7.81346],[113.21876,-7.8158],[113.21692,-7.81548],[113.21792,-7.81638],[113.21594,-7.81808],[113.21711,-7.82016],[113.20792,-7.81727],[113.20927,-7.8149],[113.20637,-7.81498],[113.20659,-7.81266],[113.20539,-7.81379],[113.20412,-7.81279],[113.20531,-7.80851],[113.20775,-7.80861],[113.20822,-7.80722],[113.20645,-7.80679],[113.20814,-7.80634],[113.20829,-7.80445]]]}},{"type":"Feature","properties":{"n":"Kota Madiun","p":"Jawa Timur"},"geometry":{"type":"MultiPolygon","coordinates":[[[[111.51008,-7.67879],[111.50874,-7.68051],[111.5066,-7.67984],[111.50708,-7.67764],[111.51008,-7.67879]]],[[[111.50708,-7.67764],[111.50328,-7.67553],[111.50393,-7.67292],[111.50762,-7.67032],[111.50609,-7.6698],[111.50787,-7.66495],[111.5094,-7.66562],[111.51179,-7.66157],[111.51372,-7.66431],[111.5155,-7.66382],[111.51611,-7.66783],[111.51365,-7.67592],[111.50789,-7.67518],[111.50708,-7.67764]]],[[[111.5339,-7.66025],[111.53307,-7.66343],[111.52634,-7.66423],[111.51272,-7.66132],[111.51069,-7.65925],[111.50955,-7.65542],[111.51247,-7.65212],[111.51061,-7.63411],[111.5085,-7.63599],[111.50761,-7.64103],[111.50324,-7.63931],[111.50241,-7.64144],[111.49917,-7.64073],[111.49845,-7.64543],[111.49686,-7.6451],[111.49835,-7.63913],[111.49569,-7.63771],[111.50043,-7.62636],[111.49568,-7.6247],[111.49649,-7.62308],[111.5005,-7.6234],[111.50229,-7.6204],[111.50065,-7.61843],[111.50009,-7.60853],[111.50376,-7.60628],[111.50735,-7.60823],[111.51198,-7.60821],[111.51393,-7.60635],[111.51372,-7.60326],[111.51761,-7.60305],[111.5204,-7.59715],[111.53405,-7.59953],[111.53411,-7.60106],[111.5322,-7.60134],[111.53316,-7.60267],[111.53657,-7.59907],[111.53889,-7.60118],[111.54023,-7.59956],[111.54247,-7.60008],[111.54406,-7.59747],[111.54783,-7.59814],[111.5496,-7.59487],[111.55803,-7.59632],[111.55746,-7.60412],[111.55901,-7.60507],[111.55792,-7.60761],[111.55642,-7.60703],[111.55444,-7.6119],[111.55521,-7.61566],[111.55345,-7.61625],[111.54863,-7.62597],[111.54848,-7.62729],[111.55056,-7.62797],[111.55176,-7.62571],[111.55274,-7.62716],[111.55353,-7.63427],[111.55063,-7.63519],[111.55129,-7.64223],[111.54612,-7.64783],[111.53968,-7.64641],[111.53883,-7.65023],[111.54294,-7.65269],[111.54162,-7.65305],[111.54174,-7.65682],[111.54424,-7.65907],[111.54148,-7.65827],[111.5411,-7.66018],[111.5339,-7.66025]]],[[[111.49975,-7.64604],[111.50529,-7.64716],[111.50384,-7.64997],[111.49873,-7.64747],[111.49975,-7.64604]]]]}},{"type":"Feature","properties":{"n":"Kota Mojokerto","p":"Jawa Timur"},"geometry":{"type":"Polygon","coordinates":[[[112.42865,-7.48046],[112.4241,-7.48564],[112.42453,-7.48983],[112.42211,-7.49405],[112.42033,-7.49247],[112.41496,-7.49462],[112.41457,-7.4919],[112.40766,-7.49164],[112.40775,-7.47913],[112.40579,-7.47921],[112.40605,-7.47789],[112.41017,-7.47579],[112.41119,-7.47308],[112.41343,-7.47429],[112.41442,-7.47317],[112.41211,-7.46861],[112.41679,-7.46601],[112.41544,-7.46416],[112.41581,-7.45728],[112.4229,-7.45709],[112.43075,-7.46014],[112.43393,-7.45983],[112.44742,-7.4502],[112.45509,-7.44738],[112.45755,-7.45692],[112.46519,-7.4555],[112.46519,-7.45325],[112.46711,-7.45324],[112.46848,-7.4607],[112.465,-7.46115],[112.46764,-7.46209],[112.46683,-7.46712],[112.46476,-7.46699],[112.46477,-7.47319],[112.46139,-7.47315],[112.46049,-7.48294],[112.45084,-7.48175],[112.44978,-7.49344],[112.44379,-7.49079],[112.44376,-7.48186],[112.43654,-7.48172],[112.43529,-7.48754],[112.43346,-7.48711],[112.43357,-7.48484],[112.42829,-7.48235],[112.42865,-7.48046]]]}},{"type":"Feature","properties":{"n":"Gresik","p":"Jawa Timur"},"geometry":{"type":"MultiPolygon","coordinates":[[[[112.40085,-7.31904],[112.39612,-7.32742],[112.39409,-7.32714],[112.3947,-7.3311],[112.3912,-7.33351],[112.38854,-7.33096],[112.38193,-7.33327],[112.3823,-7.33064],[112.3851,-7.33105],[112.38365,-7.3286],[112.38177,-7.32857],[112.38149,-7.33037],[112.37994,-7.32721],[112.37546,-7.32783],[112.3774,-7.32642],[112.37562,-7.32668],[112.37562,-7.32372],[112.37471,-7.32547],[112.37462,-7.32363],[112.37172,-7.32428],[112.37251,-7.32568],[112.3713,-7.32651],[112.3703,-7.32262],[112.37201,-7.32037],[112.38886,-7.32147],[112.39195,-7.31314],[112.39391,-7.31246],[112.39554,-7.31415],[112.40074,-7.31089],[112.40338,-7.31145],[112.41073,-7.3045],[112.41163,-7.29628],[112.40956,-7.29556],[112.40711,-7.29106],[112.40873,-7.28432],[112.41087,-7.28231],[112.41241,-7.27291],[112.39702,-7.26431],[112.40541,-7.25408],[112.41323,-7.2493],[112.41408,-7.24431],[112.41602,-7.24215],[112.41419,-7.23745],[112.41849,-7.23406],[112.4191,-7.23179],[112.4254,-7.23207],[112.42805,-7.22889],[112.43294,-7.22755],[112.43478,-7.22849],[112.4371,-7.22105],[112.44273,-7.21844],[112.44627,-7.21354],[112.44985,-7.21381],[112.45524,-7.2114],[112.45566,-7.2072],[112.45879,-7.20663],[112.46398,-7.20861],[112.4661,-7.20713],[112.46736,-7.20165],[112.47073,-7.2016],[112.4746,-7.20407],[112.47902,-7.19788],[112.48333,-7.19749],[112.48665,-7.19467],[112.50152,-7.19182],[112.50303,-7.18711],[112.50166,-7.18439],[112.50447,-7.18205],[112.50385,-7.17812],[112.50739,-7.17507],[112.50371,-7.1722],[112.5059,-7.16361],[112.49843,-7.16268],[112.49632,-7.16495],[112.49275,-7.1649],[112.48014,-7.16323],[112.47867,-7.16472],[112.4774,-7.16214],[112.47,-7.15888],[112.47204,-7.15287],[112.47143,-7.14101],[112.47268,-7.14085],[112.476,-7.12566],[112.47802,-7.1247],[112.48434,-7.12838],[112.48682,-7.12606],[112.48764,-7.12878],[112.4943,-7.12297],[112.49554,-7.12514],[112.49803,-7.12557],[112.49925,-7.12425],[112.4956,-7.11993],[112.4989,-7.11533],[112.50133,-7.10681],[112.51725,-7.10747],[112.51643,-7.10276],[112.51754,-7.10392],[112.52002,-7.10301],[112.52224,-7.09957],[112.52531,-7.10148],[112.53562,-7.09614],[112.53488,-7.09259],[112.53058,-7.08956],[112.53243,-7.08431],[112.53174,-7.08203],[112.53529,-7.07908],[112.53754,-7.08102],[112.54196,-7.06623],[112.54644,-7.06654],[112.5459,-7.05695],[112.54899,-7.05223],[112.55248,-7.05053],[112.54534,-7.04749],[112.54418,-7.05315],[112.54143,-7.05343],[112.52358,-7.03897],[112.52262,-7.04573],[112.51922,-7.04706],[112.51277,-7.04015],[112.49851,-7.03082],[112.49635,-7.02752],[112.4967,-7.0246],[112.50947,-7.01986],[112.51251,-7.01429],[112.51176,-7.01271],[112.50137,-7.01085],[112.50048,-7.01562],[112.49746,-7.01723],[112.49838,-7.00985],[112.49576,-7.0086],[112.48877,-7.0073],[112.48351,-7.01128],[112.48036,-7.01066],[112.47996,-7.00804],[112.48312,-7.00373],[112.48107,-7.00288],[112.46149,-7.00809],[112.45844,-7.01031],[112.45701,-7.01481],[112.45022,-7.01519],[112.44867,-7.01266],[112.45137,-7.00731],[112.45219,-7.00112],[112.42792,-7.00239],[112.42283,-6.99695],[112.41721,-6.99382],[112.4048,-6.9909],[112.39873,-6.99342],[112.39421,-6.98733],[112.39119,-6.98576],[112.38229,-6.98864],[112.37196,-6.9846],[112.36731,-6.98774],[112.36691,-6.97961],[112.36863,-6.97086],[112.37217,-6.96654],[112.37678,-6.95274],[112.38092,-6.95368],[112.38182,-6.95742],[112.38713,-6.95894],[112.39059,-6.95921],[112.39434,-6.95511],[112.40516,-6.96046],[112.4124,-6.95189],[112.41753,-6.95359],[112.42094,-6.95075],[112.42534,-6.95153],[112.42624,-6.94861],[112.4239,-6.94851],[112.42336,-6.9469],[112.42412,-6.94007],[112.43006,-6.93007],[112.42138,-6.9245],[112.42489,-6.91666],[112.42339,-6.91446],[112.42407,-6.91087],[112.42979,-6.90191],[112.43453,-6.90015],[112.43699,-6.90175],[112.43798,-6.89742],[112.44265,-6.89345],[112.44845,-6.88481],[112.44329,-6.87995],[112.44153,-6.88358],[112.44069,-6.88269],[112.44224,-6.87935],[112.43959,-6.87682],[112.44003,-6.87429],[112.4462,-6.87405],[112.44861,-6.87934],[112.4532,-6.88341],[112.45582,-6.88405],[112.45747,-6.88083],[112.45616,-6.88467],[112.45783,-6.88433],[112.45782,-6.88136],[112.45843,-6.88253],[112.45781,-6.88557],[112.461,-6.88666],[112.46564,-6.89152],[112.46805,-6.89155],[112.46773,-6.89338],[112.46863,-6.89165],[112.47385,-6.8938],[112.47342,-6.8979],[112.47468,-6.89863],[112.48071,-6.90047],[112.48219,-6.89808],[112.4838,-6.89893],[112.48334,-6.90128],[112.48638,-6.90207],[112.48711,-6.90034],[112.49089,-6.90423],[112.49372,-6.89928],[112.49498,-6.90266],[112.49561,-6.90151],[112.4977,-6.90382],[112.50133,-6.90317],[112.5013,-6.90492],[112.50405,-6.90669],[112.50674,-6.90685],[112.50726,-6.90511],[112.50909,-6.90742],[112.51249,-6.90734],[112.52002,-6.90582],[112.52582,-6.90115],[112.52829,-6.90208],[112.52737,-6.89827],[112.52982,-6.89409],[112.5374,-6.88527],[112.54014,-6.88431],[112.54107,-6.88177],[112.54177,-6.87704],[112.52188,-6.87171],[112.5211,-6.86998],[112.52348,-6.86483],[112.53132,-6.86076],[112.53073,-6.85822],[112.53858,-6.85772],[112.54439,-6.85356],[112.5491,-6.85242],[112.54934,-6.84764],[112.55078,-6.84741],[112.55044,-6.84954],[112.55119,-6.84768],[112.55217,-6.84751],[112.55247,-6.8495],[112.55474,-6.84977],[112.55477,-6.84745],[112.55895,-6.8477],[112.56718,-6.85627],[112.57012,-6.85122],[112.57193,-6.85079],[112.57201,-6.84874],[112.57379,-6.84826],[112.57855,-6.8533],[112.5755,-6.85583],[112.5767,-6.86015],[112.57507,-6.86063],[112.57622,-6.86228],[112.57369,-6.86607],[112.57632,-6.87015],[112.57485,-6.87298],[112.57539,-6.87896],[112.57911,-6.88393],[112.5778,-6.88284],[112.57747,-6.88392],[112.57961,-6.88634],[112.58071,-6.88548],[112.58153,-6.88718],[112.58036,-6.88738],[112.58418,-6.89019],[112.58331,-6.88861],[112.58717,-6.88824],[112.59238,-6.88391],[112.6011,-6.88193],[112.60408,-6.88017],[112.60458,-6.87719],[112.6069,-6.87652],[112.60617,-6.88085],[112.60896,-6.88003],[112.61339,-6.8903],[112.61709,-6.89095],[112.6163,-6.89405],[112.61949,-6.91375],[112.61729,-6.91459],[112.61649,-6.91785],[112.61194,-6.9198],[112.61072,-6.92405],[112.608,-6.92578],[112.60064,-6.92526],[112.60075,-6.92316],[112.59828,-6.92161],[112.59946,-6.91767],[112.59685,-6.91682],[112.59266,-6.92901],[112.59409,-6.93772],[112.60389,-6.95866],[112.60344,-6.96162],[112.60668,-6.96265],[112.60726,-6.97553],[112.61091,-6.98521],[112.61528,-6.99321],[112.62458,-7.00115],[112.62507,-7.00415],[112.62941,-7.00916],[112.63929,-7.01164],[112.64459,-7.01729],[112.65037,-7.01866],[112.64827,-7.02229],[112.64569,-7.0226],[112.64522,-7.02642],[112.64324,-7.02643],[112.64329,-7.02835],[112.64516,-7.02783],[112.64534,-7.0285],[112.6427,-7.03225],[112.64676,-7.034],[112.653,-7.04183],[112.65156,-7.04419],[112.65213,-7.04957],[112.64974,-7.05295],[112.65067,-7.05611],[112.64782,-7.05933],[112.64491,-7.05935],[112.64214,-7.05649],[112.63856,-7.0582],[112.63414,-7.06494],[112.63264,-7.06999],[112.63687,-7.07144],[112.63785,-7.06932],[112.63481,-7.08589],[112.63433,-7.098],[112.63295,-7.09933],[112.62696,-7.09851],[112.62748,-7.10138],[112.62514,-7.10283],[112.62262,-7.11083],[112.63591,-7.1117],[112.63621,-7.10959],[112.64142,-7.10727],[112.64738,-7.10834],[112.64609,-7.11038],[112.64762,-7.11145],[112.64636,-7.11275],[112.62255,-7.11119],[112.62492,-7.11942],[112.6265,-7.1204],[112.64056,-7.12043],[112.63244,-7.12097],[112.63313,-7.12344],[112.64642,-7.12365],[112.63354,-7.12368],[112.63384,-7.12582],[112.62544,-7.1261],[112.62486,-7.12858],[112.63095,-7.1349],[112.63017,-7.13628],[112.64778,-7.12824],[112.65012,-7.13356],[112.63955,-7.13771],[112.64894,-7.13505],[112.65042,-7.13906],[112.64944,-7.14028],[112.65224,-7.14021],[112.64748,-7.14202],[112.6522,-7.14419],[112.65686,-7.14412],[112.65253,-7.1446],[112.65224,-7.1466],[112.65467,-7.14576],[112.65363,-7.1473],[112.65487,-7.14634],[112.65691,-7.14866],[112.65889,-7.14773],[112.66001,-7.15207],[112.6616,-7.15214],[112.66293,-7.15508],[112.66073,-7.15574],[112.66046,-7.15816],[112.66466,-7.15711],[112.6631,-7.15939],[112.66633,-7.15774],[112.66657,-7.15805],[112.66038,-7.16241],[112.66622,-7.15949],[112.66851,-7.16276],[112.66394,-7.1649],[112.66282,-7.16327],[112.66375,-7.1653],[112.66789,-7.16389],[112.6692,-7.16666],[112.66684,-7.16908],[112.67105,-7.16854],[112.66609,-7.16932],[112.66655,-7.1709],[112.66958,-7.16977],[112.6692,-7.17123],[112.67127,-7.17074],[112.66969,-7.17418],[112.67404,-7.17447],[112.67252,-7.17484],[112.67437,-7.17488],[112.67632,-7.18041],[112.67628,-7.18212],[112.66669,-7.18227],[112.66526,-7.18421],[112.66712,-7.18501],[112.66659,-7.18806],[112.66321,-7.19325],[112.64759,-7.19525],[112.64006,-7.19245],[112.62672,-7.19635],[112.62153,-7.20101],[112.62554,-7.2012],[112.62528,-7.20606],[112.62097,-7.20865],[112.61965,-7.20768],[112.62028,-7.20172],[112.61527,-7.20773],[112.61511,-7.20229],[112.61354,-7.20085],[112.60987,-7.20187],[112.61281,-7.20553],[112.61034,-7.20799],[112.60799,-7.20234],[112.60524,-7.20766],[112.60162,-7.20256],[112.59762,-7.20384],[112.59617,-7.2066],[112.5986,-7.20726],[112.60091,-7.2129],[112.59794,-7.21236],[112.59473,-7.21458],[112.59608,-7.21614],[112.60113,-7.21619],[112.59753,-7.21945],[112.59922,-7.22331],[112.59579,-7.22098],[112.59425,-7.21543],[112.59044,-7.21404],[112.59011,-7.21515],[112.59177,-7.22347],[112.59695,-7.22347],[112.60004,-7.23236],[112.60459,-7.2329],[112.60719,-7.23723],[112.60617,-7.24138],[112.60179,-7.24625],[112.60413,-7.24957],[112.60591,-7.25077],[112.60763,-7.24796],[112.61259,-7.24967],[112.61465,-7.25097],[112.61407,-7.25464],[112.61838,-7.25568],[112.61834,-7.25772],[112.62514,-7.26071],[112.63112,-7.26028],[112.63106,-7.26277],[112.6331,-7.26425],[112.63034,-7.26671],[112.62911,-7.27362],[112.62736,-7.27347],[112.62175,-7.28271],[112.6253,-7.28601],[112.62528,-7.28964],[112.6278,-7.29058],[112.6273,-7.29865],[112.63008,-7.31461],[112.63049,-7.31307],[112.63052,-7.31437],[112.63072,-7.31314],[112.63097,-7.31414],[112.63626,-7.31281],[112.64924,-7.31456],[112.64831,-7.31899],[112.65089,-7.32145],[112.65099,-7.32517],[112.64819,-7.33347],[112.65413,-7.334],[112.65446,-7.33207],[112.65776,-7.3305],[112.66138,-7.33723],[112.66496,-7.34041],[112.66459,-7.35144],[112.6586,-7.35402],[112.65417,-7.3589],[112.65342,-7.36218],[112.64271,-7.36081],[112.63024,-7.36779],[112.625,-7.3668],[112.62159,-7.36801],[112.61824,-7.36636],[112.59683,-7.37217],[112.59272,-7.3723],[112.58851,-7.3703],[112.58827,-7.3756],[112.58404,-7.37969],[112.58356,-7.38338],[112.57937,-7.38367],[112.57834,-7.38709],[112.57181,-7.39199],[112.57002,-7.38798],[112.56789,-7.38794],[112.56781,-7.39637],[112.56628,-7.39792],[112.55235,-7.40039],[112.54949,-7.40335],[112.54396,-7.40471],[112.53387,-7.40081],[112.52923,-7.40367],[112.52506,-7.39724],[112.507,-7.40674],[112.49889,-7.40672],[112.49461,-7.40852],[112.49362,-7.39938],[112.48936,-7.3994],[112.4881,-7.40369],[112.48522,-7.40385],[112.48333,-7.40098],[112.4848,-7.39851],[112.48361,-7.3955],[112.48111,-7.39396],[112.4806,-7.39128],[112.4779,-7.39016],[112.478,-7.38729],[112.47569,-7.38519],[112.47596,-7.3814],[112.47793,-7.37938],[112.4741,-7.37206],[112.47817,-7.37026],[112.47785,-7.36765],[112.47993,-7.36498],[112.47803,-7.3577],[112.47307,-7.35638],[112.47301,-7.35321],[112.4763,-7.35293],[112.47884,-7.34945],[112.48081,-7.34915],[112.48556,-7.34022],[112.48505,-7.33799],[112.48098,-7.33551],[112.48239,-7.33498],[112.48129,-7.33235],[112.47813,-7.33244],[112.47803,-7.32999],[112.47628,-7.3296],[112.47637,-7.32848],[112.47977,-7.32836],[112.48024,-7.30854],[112.47799,-7.30665],[112.47829,-7.30487],[112.46931,-7.30395],[112.46738,-7.31096],[112.45881,-7.31211],[112.45721,-7.30894],[112.45535,-7.30843],[112.45595,-7.30986],[112.4542,-7.31112],[112.45208,-7.30981],[112.45073,-7.30545],[112.44961,-7.30745],[112.44756,-7.3065],[112.44745,-7.30314],[112.4444,-7.30533],[112.44528,-7.30776],[112.44302,-7.30695],[112.44173,-7.3097],[112.44447,-7.31167],[112.44042,-7.31173],[112.4418,-7.31421],[112.43894,-7.31432],[112.43794,-7.31172],[112.4375,-7.31347],[112.43392,-7.31319],[112.43279,-7.31445],[112.42892,-7.31081],[112.42133,-7.31718],[112.42292,-7.31231],[112.41929,-7.31233],[112.41884,-7.31389],[112.41487,-7.31073],[112.41427,-7.31336],[112.41668,-7.31486],[112.41553,-7.31621],[112.41362,-7.31573],[112.41339,-7.31324],[112.41052,-7.31649],[112.41094,-7.3119],[112.40795,-7.3161],[112.40426,-7.31663],[112.40475,-7.31813],[112.40683,-7.31693],[112.4078,-7.31772],[112.40474,-7.31946],[112.40382,-7.31777],[112.40371,-7.31939],[112.402,-7.31931],[112.40481,-7.32187],[112.40453,-7.32253],[112.403,-7.32056],[112.40146,-7.3217],[112.40085,-7.31904]]],[[[112.59451,-5.85383],[112.59155,-5.85553],[112.58677,-5.84672],[112.58179,-5.84302],[112.57623,-5.84496],[112.57878,-5.83699],[112.58194,-5.83798],[112.58471,-5.8317],[112.57452,-5.82714],[112.58,-5.8147],[112.57699,-5.81184],[112.57376,-5.81295],[112.56955,-5.80923],[112.57232,-5.80368],[112.57645,-5.80754],[112.58248,-5.80585],[112.58484,-5.79535],[112.57932,-5.78936],[112.589,-5.78708],[112.58821,-5.7833],[112.59006,-5.77563],[112.59114,-5.77714],[112.59225,-5.77389],[112.5978,-5.76893],[112.60131,-5.7703],[112.6039,-5.77365],[112.61061,-5.77171],[112.61245,-5.76866],[112.61206,-5.75758],[112.61417,-5.75469],[112.61372,-5.74976],[112.62355,-5.74949],[112.62391,-5.74811],[112.62823,-5.74739],[112.62981,-5.74464],[112.63238,-5.74391],[112.63663,-5.73623],[112.64677,-5.73021],[112.65703,-5.73022],[112.66295,-5.73251],[112.66506,-5.73573],[112.67122,-5.73678],[112.67544,-5.73306],[112.67439,-5.72277],[112.67741,-5.7224],[112.68121,-5.71781],[112.68608,-5.71575],[112.68771,-5.7163],[112.68774,-5.72263],[112.68959,-5.72544],[112.69884,-5.73002],[112.69972,-5.73252],[112.7044,-5.7354],[112.70977,-5.73468],[112.71127,-5.7337],[112.71103,-5.73161],[112.71283,-5.73155],[112.72054,-5.73781],[112.72622,-5.73703],[112.72717,-5.74],[112.72453,-5.74305],[112.72553,-5.74951],[112.72423,-5.76002],[112.72618,-5.76205],[112.72845,-5.76194],[112.73135,-5.75948],[112.73268,-5.76363],[112.73561,-5.76523],[112.73282,-5.77062],[112.73039,-5.77178],[112.7355,-5.78193],[112.73912,-5.78219],[112.74147,-5.78851],[112.73529,-5.79499],[112.73563,-5.79755],[112.73206,-5.80017],[112.73286,-5.80298],[112.73086,-5.80423],[112.73021,-5.80768],[112.73137,-5.81215],[112.72761,-5.81735],[112.72919,-5.82154],[112.7328,-5.8236],[112.73395,-5.83101],[112.73167,-5.83365],[112.72524,-5.8349],[112.72117,-5.83288],[112.71921,-5.84189],[112.71293,-5.8467],[112.70974,-5.84802],[112.70412,-5.8462],[112.70098,-5.85218],[112.69482,-5.85072],[112.69238,-5.85444],[112.68815,-5.85366],[112.68509,-5.85587],[112.67815,-5.85181],[112.67013,-5.85539],[112.66519,-5.85059],[112.66478,-5.85244],[112.66157,-5.85109],[112.6606,-5.85269],[112.65777,-5.85275],[112.65578,-5.85656],[112.6572,-5.85318],[112.65599,-5.85198],[112.65173,-5.85265],[112.64895,-5.84896],[112.64813,-5.85348],[112.64782,-5.85375],[112.64711,-5.85369],[112.64884,-5.8489],[112.64565,-5.84873],[112.64484,-5.85087],[112.64578,-5.84809],[112.64299,-5.84617],[112.64365,-5.85159],[112.64318,-5.85239],[112.64192,-5.85295],[112.6431,-5.85229],[112.64252,-5.84603],[112.63295,-5.84428],[112.63162,-5.84863],[112.6261,-5.85218],[112.62824,-5.8562],[112.62746,-5.85974],[112.62616,-5.86103],[112.62475,-5.85945],[112.62298,-5.86051],[112.62244,-5.86286],[112.62455,-5.86649],[112.62066,-5.87144],[112.61867,-5.86794],[112.61917,-5.86307],[112.62266,-5.86053],[112.62108,-5.85571],[112.61525,-5.85502],[112.61045,-5.85649],[112.60924,-5.85831],[112.60803,-5.85643],[112.60064,-5.85371],[112.59451,-5.85383]]],[[[112.58181,-5.77504],[112.58097,-5.77561],[112.58042,-5.77494],[112.58181,-5.77504]]],[[[112.58093,-5.76862],[112.58835,-5.76759],[112.58776,-5.76996],[112.58687,-5.76853],[112.58558,-5.76914],[112.58705,-5.77282],[112.58626,-5.77517],[112.58356,-5.77442],[112.58093,-5.76862]]],[[[112.62451,-5.86054],[112.62459,-5.86018],[112.62518,-5.86054],[112.62451,-5.86054]]],[[[112.60722,-5.73736],[112.60671,-5.73894],[112.60594,-5.73906],[112.60524,-5.73745],[112.60722,-5.73736]]],[[[112.6385,-7.09244],[112.63912,-7.08116],[112.64845,-7.08078],[112.64816,-7.08763],[112.6385,-7.09244]]],[[[112.70769,-5.87154],[112.70501,-5.87179],[112.70468,-5.87145],[112.70597,-5.87077],[112.70769,-5.87154]]],[[[112.69009,-5.8681],[112.69076,-5.86763],[112.6908,-5.86794],[112.69009,-5.8681]]],[[[112.68976,-5.86236],[112.68945,-5.8669],[112.68536,-5.86854],[112.68379,-5.86503],[112.68605,-5.85861],[112.68766,-5.85881],[112.68976,-5.86236]]],[[[112.76887,-5.81081],[112.76844,-5.81262],[112.76787,-5.81346],[112.7679,-5.81231],[112.76887,-5.81081]]],[[[112.77807,-5.8025],[112.77777,-5.80298],[112.77748,-5.8029],[112.77807,-5.8025]]],[[[112.77023,-5.79554],[112.7732,-5.80222],[112.77617,-5.80348],[112.77507,-5.80496],[112.77031,-5.80364],[112.76757,-5.797],[112.76777,-5.7952],[112.77023,-5.79554]]],[[[112.70455,-5.73354],[112.70373,-5.7338],[112.70446,-5.73336],[112.70455,-5.73354]]]]}},{"type":"Feature","properties":{"n":"Ponorogo","p":"Jawa Timur"},"geometry":{"type":"Polygon","coordinates":[[[111.37874,-8.14108],[111.37989,-8.13651],[111.37627,-8.13609],[111.3743,-8.13272],[111.36879,-8.13086],[111.36799,-8.12571],[111.36915,-8.12627],[111.37001,-8.12425],[111.36851,-8.12153],[111.36248,-8.12122],[111.36086,-8.11883],[111.35587,-8.12073],[111.35511,-8.11616],[111.35283,-8.11683],[111.34706,-8.11361],[111.3464,-8.10857],[111.34772,-8.10723],[111.35584,-8.10442],[111.35977,-8.10622],[111.36248,-8.09962],[111.36159,-8.09498],[111.35805,-8.0916],[111.35946,-8.0881],[111.35441,-8.08891],[111.35449,-8.08487],[111.35176,-8.08628],[111.34886,-8.08416],[111.35434,-8.08099],[111.3545,-8.07903],[111.35313,-8.07714],[111.34889,-8.07662],[111.34634,-8.06624],[111.34908,-8.06417],[111.34906,-8.05985],[111.35042,-8.05871],[111.34922,-8.05625],[111.35297,-8.05355],[111.35377,-8.0492],[111.35754,-8.04701],[111.3647,-8.03445],[111.36706,-8.03303],[111.36637,-8.0303],[111.36452,-8.02892],[111.36179,-8.02964],[111.35825,-8.02591],[111.35991,-8.02159],[111.35989,-8.0145],[111.35427,-8.01055],[111.34949,-8.01167],[111.34808,-8.00756],[111.34384,-8.00639],[111.34989,-7.99517],[111.34841,-7.98621],[111.34956,-7.97945],[111.34586,-7.97568],[111.33997,-7.97537],[111.33931,-7.97232],[111.33219,-7.96803],[111.327,-7.96745],[111.3254,-7.96066],[111.32653,-7.95527],[111.32264,-7.94981],[111.32271,-7.94556],[111.31763,-7.94122],[111.31632,-7.93634],[111.31387,-7.93499],[111.30918,-7.93536],[111.29866,-7.94062],[111.28668,-7.93909],[111.28628,-7.92078],[111.27996,-7.91865],[111.27929,-7.91712],[111.28238,-7.90807],[111.28616,-7.90502],[111.28549,-7.90051],[111.29061,-7.88693],[111.29716,-7.87693],[111.29486,-7.87369],[111.29297,-7.86531],[111.29419,-7.86135],[111.29666,-7.85784],[111.30019,-7.85778],[111.30603,-7.8546],[111.31177,-7.85493],[111.31451,-7.85164],[111.31148,-7.84171],[111.30274,-7.83758],[111.30324,-7.83332],[111.30134,-7.83072],[111.30565,-7.82315],[111.30159,-7.81988],[111.29669,-7.8048],[111.2971,-7.80162],[111.2887,-7.79348],[111.30012,-7.79331],[111.30047,-7.79569],[111.30222,-7.7956],[111.3016,-7.79668],[111.30768,-7.79771],[111.31472,-7.79217],[111.3211,-7.79755],[111.32763,-7.80041],[111.32986,-7.79999],[111.33075,-7.7955],[111.33701,-7.79475],[111.33971,-7.78622],[111.34367,-7.78332],[111.35689,-7.78337],[111.36216,-7.78492],[111.37935,-7.78134],[111.38445,-7.78319],[111.38917,-7.78139],[111.39836,-7.78121],[111.401,-7.77806],[111.40759,-7.77751],[111.4093,-7.77958],[111.41322,-7.77585],[111.41705,-7.77801],[111.42257,-7.77671],[111.42424,-7.77794],[111.43104,-7.77771],[111.43343,-7.77986],[111.44186,-7.77831],[111.44636,-7.78079],[111.44991,-7.77852],[111.45075,-7.7814],[111.45545,-7.78399],[111.45793,-7.77789],[111.46134,-7.77762],[111.46217,-7.77925],[111.46858,-7.77706],[111.47428,-7.77941],[111.47579,-7.78322],[111.47988,-7.78539],[111.48907,-7.78904],[111.49466,-7.78928],[111.49689,-7.79401],[111.5055,-7.79677],[111.50868,-7.79945],[111.51207,-7.79857],[111.51733,-7.80046],[111.52288,-7.79926],[111.52456,-7.79978],[111.52447,-7.80171],[111.5293,-7.80331],[111.53736,-7.80268],[111.53936,-7.80401],[111.54979,-7.80441],[111.55421,-7.79919],[111.55784,-7.80002],[111.55768,-7.80165],[111.56469,-7.8025],[111.57593,-7.80092],[111.58552,-7.79689],[111.59205,-7.79302],[111.59261,-7.79059],[111.59595,-7.78942],[111.59553,-7.78518],[111.59868,-7.78249],[111.59886,-7.777],[111.60337,-7.78095],[111.61164,-7.7819],[111.61224,-7.77971],[111.61945,-7.78024],[111.62463,-7.77668],[111.6272,-7.77715],[111.62852,-7.77552],[111.63535,-7.77381],[111.63777,-7.77453],[111.64024,-7.77159],[111.64674,-7.77326],[111.65127,-7.7724],[111.66028,-7.76659],[111.66324,-7.76862],[111.66761,-7.76755],[111.67439,-7.77317],[111.67773,-7.77408],[111.67552,-7.77875],[111.67597,-7.78373],[111.67906,-7.78377],[111.68307,-7.78751],[111.68838,-7.78568],[111.69263,-7.79738],[111.69528,-7.80038],[111.6938,-7.80533],[111.70478,-7.80806],[111.70882,-7.80728],[111.71427,-7.81092],[111.71941,-7.81115],[111.72257,-7.80985],[111.72462,-7.80575],[111.72844,-7.80555],[111.73248,-7.80111],[111.73599,-7.80244],[111.75054,-7.7991],[111.75603,-7.80377],[111.76009,-7.81366],[111.76542,-7.81547],[111.7671,-7.82323],[111.76883,-7.82411],[111.77332,-7.82024],[111.7788,-7.82189],[111.78475,-7.82978],[111.78581,-7.83347],[111.78526,-7.83587],[111.78078,-7.83902],[111.77139,-7.85607],[111.77314,-7.86005],[111.77683,-7.86194],[111.77863,-7.86514],[111.77168,-7.87241],[111.77169,-7.87904],[111.76961,-7.87893],[111.77065,-7.88053],[111.7692,-7.88173],[111.77106,-7.88285],[111.77113,-7.88679],[111.76411,-7.89052],[111.76117,-7.8904],[111.75874,-7.89478],[111.7561,-7.89319],[111.75605,-7.89613],[111.7578,-7.8965],[111.75608,-7.8987],[111.76064,-7.90068],[111.75779,-7.90228],[111.75858,-7.90598],[111.75529,-7.90829],[111.75291,-7.904],[111.75498,-7.89794],[111.75159,-7.89628],[111.75356,-7.89364],[111.75298,-7.88456],[111.74818,-7.88001],[111.74335,-7.87903],[111.73704,-7.88108],[111.73511,-7.88615],[111.7305,-7.88831],[111.72946,-7.8867],[111.72651,-7.89044],[111.72183,-7.89068],[111.71327,-7.89549],[111.70985,-7.89473],[111.70743,-7.89736],[111.70139,-7.8962],[111.69965,-7.89747],[111.69914,-7.89959],[111.70497,-7.90201],[111.70671,-7.90646],[111.70121,-7.91543],[111.69426,-7.91813],[111.69236,-7.92159],[111.69306,-7.92652],[111.68851,-7.93273],[111.67768,-7.94036],[111.66783,-7.94459],[111.6634,-7.94326],[111.65928,-7.94514],[111.65557,-7.94075],[111.64713,-7.9538],[111.64837,-7.96037],[111.65237,-7.96389],[111.65902,-7.96777],[111.66349,-7.96774],[111.66163,-7.97129],[111.66223,-7.97414],[111.65641,-7.97579],[111.65369,-7.98162],[111.65367,-7.98644],[111.65686,-7.98998],[111.65558,-7.99081],[111.65631,-7.99635],[111.65435,-8.00108],[111.65565,-8.01131],[111.6533,-8.02048],[111.65064,-8.02214],[111.64816,-8.0209],[111.64686,-8.01546],[111.64847,-8.00743],[111.64771,-8.00378],[111.64544,-8.00319],[111.64145,-8.00535],[111.63611,-8.00215],[111.62592,-8.01092],[111.62318,-8.0065],[111.61177,-8.01167],[111.60637,-8.01607],[111.60778,-8.01816],[111.60627,-8.01935],[111.59625,-8.01754],[111.59046,-8.01938],[111.58273,-8.02572],[111.57679,-8.03858],[111.57432,-8.04],[111.57327,-8.04795],[111.55723,-8.04993],[111.55649,-8.05378],[111.55386,-8.05615],[111.54478,-8.05465],[111.54284,-8.05694],[111.53997,-8.05644],[111.5353,-8.0597],[111.53509,-8.06237],[111.53739,-8.06467],[111.54117,-8.06386],[111.54351,-8.0665],[111.54135,-8.07036],[111.53468,-8.07329],[111.52687,-8.08106],[111.5279,-8.08899],[111.5257,-8.09238],[111.52894,-8.10219],[111.52787,-8.10736],[111.5258,-8.10726],[111.52108,-8.11075],[111.51959,-8.10886],[111.51621,-8.10973],[111.50732,-8.10637],[111.50408,-8.11126],[111.50051,-8.11124],[111.4996,-8.11268],[111.48688,-8.10815],[111.48328,-8.10846],[111.48236,-8.11406],[111.47943,-8.11723],[111.48158,-8.1223],[111.4834,-8.12318],[111.48304,-8.12589],[111.47952,-8.12809],[111.4808,-8.13601],[111.47597,-8.14605],[111.47377,-8.15314],[111.47456,-8.15758],[111.47316,-8.15814],[111.47371,-8.1648],[111.47867,-8.16576],[111.47741,-8.17313],[111.46495,-8.17552],[111.45856,-8.16878],[111.45523,-8.16751],[111.45042,-8.16873],[111.44898,-8.16657],[111.43956,-8.16564],[111.43783,-8.16323],[111.4314,-8.17038],[111.42711,-8.17095],[111.42266,-8.16943],[111.4212,-8.17165],[111.41748,-8.16881],[111.4155,-8.17189],[111.41109,-8.17097],[111.40509,-8.17253],[111.398,-8.1667],[111.39797,-8.16464],[111.39352,-8.16343],[111.39324,-8.15948],[111.38946,-8.15862],[111.38354,-8.16041],[111.38203,-8.16424],[111.3802,-8.1631],[111.37768,-8.15975],[111.37896,-8.1577],[111.37595,-8.15537],[111.38001,-8.15513],[111.38046,-8.1536],[111.37839,-8.15104],[111.38139,-8.14848],[111.37962,-8.14825],[111.38075,-8.14562],[111.37912,-8.1444],[111.38078,-8.14365],[111.37874,-8.14108]]]}},{"type":"Feature","properties":{"n":"Kota Tasikmalaya","p":"Jawa Barat"},"geometry":{"type":"Polygon","coordinates":[[[108.19297,-7.43816],[108.18827,-7.43822],[108.18665,-7.44152],[108.18378,-7.44119],[108.18526,-7.43706],[108.18843,-7.43479],[108.18532,-7.42933],[108.1859,-7.42259],[108.18429,-7.41998],[108.18631,-7.41428],[108.18236,-7.41187],[108.17895,-7.40682],[108.18385,-7.40261],[108.18145,-7.39959],[108.18463,-7.39527],[108.18349,-7.39258],[108.17431,-7.39309],[108.17392,-7.38749],[108.17117,-7.38561],[108.17227,-7.37677],[108.16361,-7.36309],[108.1646,-7.35449],[108.16741,-7.35209],[108.16652,-7.3509],[108.16793,-7.3468],[108.16617,-7.34623],[108.16714,-7.34412],[108.16206,-7.34334],[108.15247,-7.3348],[108.15329,-7.3281],[108.15963,-7.32499],[108.16129,-7.32151],[108.15946,-7.32011],[108.16065,-7.31736],[108.15848,-7.31084],[108.15904,-7.30625],[108.15611,-7.29901],[108.15361,-7.29744],[108.15399,-7.2924],[108.15655,-7.28942],[108.15996,-7.29292],[108.16992,-7.28748],[108.17245,-7.28893],[108.17637,-7.28841],[108.17624,-7.28365],[108.18028,-7.28123],[108.1796,-7.27787],[108.18123,-7.27672],[108.1785,-7.27347],[108.17917,-7.27158],[108.1833,-7.27128],[108.18436,-7.26965],[108.19049,-7.27191],[108.19332,-7.26931],[108.19504,-7.27008],[108.19391,-7.27307],[108.19659,-7.27402],[108.19548,-7.27569],[108.19826,-7.28209],[108.20215,-7.28651],[108.20958,-7.28939],[108.21199,-7.29188],[108.21924,-7.2933],[108.22839,-7.30081],[108.23139,-7.30587],[108.23288,-7.30464],[108.23546,-7.30554],[108.23592,-7.30752],[108.238,-7.30774],[108.23773,-7.30912],[108.2425,-7.3128],[108.24718,-7.31408],[108.24951,-7.31299],[108.25335,-7.31765],[108.25249,-7.32137],[108.25512,-7.32068],[108.25995,-7.32248],[108.26269,-7.32124],[108.26385,-7.32277],[108.26487,-7.32021],[108.26766,-7.32217],[108.26965,-7.3187],[108.27242,-7.3239],[108.2743,-7.32346],[108.27648,-7.32954],[108.27511,-7.33002],[108.27853,-7.3328],[108.27804,-7.3345],[108.28148,-7.33327],[108.28437,-7.33611],[108.28736,-7.33355],[108.28819,-7.33583],[108.29515,-7.33227],[108.2975,-7.33419],[108.2983,-7.33173],[108.30072,-7.33257],[108.29972,-7.3355],[108.30612,-7.33437],[108.30939,-7.33564],[108.30945,-7.33714],[108.30849,-7.33944],[108.30398,-7.34118],[108.30217,-7.34369],[108.30045,-7.34235],[108.29756,-7.34284],[108.29734,-7.34035],[108.29105,-7.34717],[108.28687,-7.34716],[108.28436,-7.35355],[108.28443,-7.36373],[108.27828,-7.36722],[108.27705,-7.3706],[108.27142,-7.37028],[108.2652,-7.37443],[108.26722,-7.37711],[108.28253,-7.38462],[108.281,-7.38525],[108.28138,-7.38661],[108.27877,-7.38695],[108.27882,-7.38931],[108.27564,-7.38745],[108.27285,-7.39084],[108.27405,-7.39222],[108.27128,-7.39336],[108.27558,-7.39476],[108.27389,-7.39665],[108.27656,-7.39713],[108.278,-7.39946],[108.27668,-7.40064],[108.2779,-7.40498],[108.27406,-7.40497],[108.27524,-7.41028],[108.27654,-7.40978],[108.27702,-7.41157],[108.27614,-7.41733],[108.27138,-7.4203],[108.26859,-7.42539],[108.25752,-7.42831],[108.24846,-7.42844],[108.24107,-7.43267],[108.2308,-7.43335],[108.23034,-7.43621],[108.21316,-7.43469],[108.20669,-7.44309],[108.20228,-7.44569],[108.19969,-7.4505],[108.19494,-7.44874],[108.19239,-7.45013],[108.18748,-7.44648],[108.1887,-7.4446],[108.19307,-7.44382],[108.19297,-7.43816]],[[108.2628,-7.37589],[108.26394,-7.37633],[108.26455,-7.37632],[108.26382,-7.37587],[108.2628,-7.37589]]]}},{"type":"Feature","properties":{"n":"Magetan","p":"Jawa Timur"},"geometry":{"type":"Polygon","coordinates":[[[111.33971,-7.78622],[111.33701,-7.79475],[111.33075,-7.7955],[111.32986,-7.79999],[111.32763,-7.80041],[111.3211,-7.79755],[111.31472,-7.79217],[111.30768,-7.79771],[111.3016,-7.79668],[111.30222,-7.7956],[111.30047,-7.79569],[111.30012,-7.79331],[111.2887,-7.79348],[111.28191,-7.78458],[111.28256,-7.76644],[111.28395,-7.76396],[111.28858,-7.76155],[111.29026,-7.75808],[111.28889,-7.7543],[111.28314,-7.75419],[111.28892,-7.74153],[111.28516,-7.74213],[111.27194,-7.73748],[111.27115,-7.73981],[111.26799,-7.73876],[111.26395,-7.74288],[111.25746,-7.74295],[111.25652,-7.74606],[111.24958,-7.74525],[111.24381,-7.74049],[111.2408,-7.74184],[111.23957,-7.74416],[111.24109,-7.74525],[111.23649,-7.75032],[111.23051,-7.74563],[111.22529,-7.74419],[111.22314,-7.73765],[111.21907,-7.73492],[111.21814,-7.73154],[111.21344,-7.72954],[111.21358,-7.72415],[111.212,-7.7222],[111.20574,-7.71996],[111.19944,-7.7201],[111.19076,-7.71149],[111.18497,-7.71233],[111.18153,-7.71084],[111.18168,-7.70462],[111.18346,-7.70333],[111.18613,-7.69543],[111.18292,-7.69265],[111.18251,-7.68934],[111.18734,-7.68569],[111.18987,-7.67496],[111.19557,-7.67319],[111.19393,-7.67051],[111.1876,-7.66775],[111.18583,-7.65771],[111.18777,-7.64922],[111.18914,-7.62652],[111.19289,-7.62549],[111.19289,-7.61955],[111.19402,-7.61836],[111.19509,-7.62009],[111.19979,-7.61601],[111.21696,-7.61444],[111.2269,-7.60948],[111.23199,-7.60992],[111.2401,-7.60634],[111.24685,-7.60109],[111.2494,-7.60029],[111.25294,-7.6032],[111.25583,-7.59944],[111.25917,-7.59837],[111.26106,-7.59977],[111.26498,-7.59865],[111.27392,-7.60049],[111.27561,-7.60171],[111.27502,-7.60343],[111.2884,-7.60245],[111.29111,-7.60369],[111.29618,-7.59926],[111.29681,-7.59529],[111.29546,-7.59342],[111.29816,-7.59359],[111.30151,-7.58682],[111.30924,-7.58565],[111.31495,-7.58296],[111.31599,-7.58905],[111.3222,-7.58418],[111.32917,-7.58426],[111.33015,-7.58175],[111.3532,-7.57276],[111.35439,-7.57041],[111.366,-7.57025],[111.36572,-7.57307],[111.36951,-7.57385],[111.37203,-7.56751],[111.37172,-7.56296],[111.37425,-7.56072],[111.37326,-7.5586],[111.37102,-7.55984],[111.36801,-7.55514],[111.37168,-7.55241],[111.37356,-7.54678],[111.37802,-7.54447],[111.37807,-7.54188],[111.38356,-7.53713],[111.39733,-7.54121],[111.40025,-7.54094],[111.40206,-7.53862],[111.41437,-7.53731],[111.41578,-7.53647],[111.4159,-7.53319],[111.41909,-7.53363],[111.41837,-7.5363],[111.42038,-7.53651],[111.42235,-7.53365],[111.42469,-7.53445],[111.4258,-7.53054],[111.42921,-7.53179],[111.43276,-7.52978],[111.43585,-7.52052],[111.43918,-7.51737],[111.44508,-7.51797],[111.45227,-7.51518],[111.46021,-7.51762],[111.46177,-7.50926],[111.46551,-7.50892],[111.47506,-7.513],[111.47636,-7.51583],[111.47918,-7.51543],[111.47922,-7.51711],[111.48475,-7.51681],[111.48839,-7.51379],[111.49408,-7.51719],[111.49729,-7.51329],[111.50203,-7.51517],[111.50322,-7.51603],[111.50203,-7.51864],[111.51181,-7.52361],[111.508,-7.53633],[111.51143,-7.53833],[111.50789,-7.5474],[111.51454,-7.55136],[111.51345,-7.55359],[111.50378,-7.55289],[111.50359,-7.55753],[111.50162,-7.55659],[111.49965,-7.56269],[111.49975,-7.56521],[111.50137,-7.56507],[111.50045,-7.56746],[111.49303,-7.56733],[111.48984,-7.56518],[111.48644,-7.56589],[111.48474,-7.57435],[111.47917,-7.57541],[111.47738,-7.58516],[111.4753,-7.58647],[111.47668,-7.59488],[111.47277,-7.6034],[111.47321,-7.6056],[111.47529,-7.60633],[111.47453,-7.60864],[111.47061,-7.609],[111.46884,-7.61475],[111.46418,-7.61561],[111.45817,-7.61962],[111.45462,-7.61893],[111.45166,-7.62023],[111.45072,-7.62792],[111.45305,-7.62855],[111.45415,-7.62479],[111.46007,-7.6263],[111.46,-7.62812],[111.46241,-7.62839],[111.46207,-7.63276],[111.46612,-7.63539],[111.46632,-7.63767],[111.4637,-7.63748],[111.46309,-7.63899],[111.46836,-7.63921],[111.46957,-7.64151],[111.47701,-7.63898],[111.48027,-7.64],[111.48125,-7.63633],[111.47911,-7.63644],[111.47938,-7.63343],[111.48132,-7.63233],[111.48369,-7.63386],[111.48529,-7.63141],[111.48694,-7.63235],[111.48136,-7.64101],[111.48694,-7.64147],[111.48176,-7.66036],[111.48413,-7.66277],[111.49062,-7.65775],[111.50121,-7.65889],[111.50119,-7.65662],[111.50345,-7.65549],[111.50429,-7.64942],[111.51167,-7.64886],[111.51235,-7.65263],[111.50955,-7.65542],[111.51093,-7.66121],[111.50819,-7.662],[111.50583,-7.66736],[111.50273,-7.66862],[111.49865,-7.67407],[111.50121,-7.6912],[111.49733,-7.69452],[111.49816,-7.69871],[111.49405,-7.69989],[111.48878,-7.69905],[111.48513,-7.70292],[111.48099,-7.70044],[111.48083,-7.7044],[111.47068,-7.71264],[111.47069,-7.71859],[111.4641,-7.71929],[111.45872,-7.72498],[111.46037,-7.72851],[111.45594,-7.73518],[111.45481,-7.74194],[111.45787,-7.7453],[111.45537,-7.74624],[111.45242,-7.75257],[111.45552,-7.75583],[111.45285,-7.75856],[111.45396,-7.76019],[111.45165,-7.76487],[111.45316,-7.76864],[111.45038,-7.76959],[111.45182,-7.77395],[111.44827,-7.77976],[111.44394,-7.78053],[111.44186,-7.77831],[111.43343,-7.77986],[111.43104,-7.77771],[111.42424,-7.77794],[111.42257,-7.77671],[111.41705,-7.77801],[111.41302,-7.77587],[111.4093,-7.77958],[111.40759,-7.77751],[111.401,-7.77806],[111.39836,-7.78121],[111.38917,-7.78139],[111.38445,-7.78319],[111.37935,-7.78134],[111.36216,-7.78492],[111.35689,-7.78337],[111.34367,-7.78332],[111.33971,-7.78622]],[[111.4135,-7.5456],[111.41707,-7.54465],[111.41717,-7.54119],[111.41361,-7.54108],[111.4135,-7.5456]]]}},{"type":"Feature","properties":{"n":"Boyolali","p":"Jawa Tengah"},"geometry":{"type":"Polygon","coordinates":[[[110.54368,-7.62563],[110.54021,-7.62832],[110.5342,-7.6248],[110.53064,-7.62612],[110.52209,-7.62125],[110.51891,-7.61202],[110.51468,-7.60967],[110.51371,-7.60633],[110.51677,-7.60484],[110.52275,-7.60576],[110.52231,-7.6031],[110.51742,-7.6013],[110.51561,-7.60316],[110.50836,-7.59739],[110.50988,-7.59562],[110.50704,-7.59297],[110.50745,-7.5897],[110.50113,-7.58894],[110.4958,-7.58521],[110.49597,-7.58375],[110.4906,-7.58196],[110.48825,-7.57322],[110.47951,-7.56166],[110.47748,-7.55566],[110.46545,-7.54503],[110.45385,-7.53884],[110.44522,-7.54116],[110.43935,-7.53967],[110.41804,-7.51897],[110.40141,-7.51539],[110.39031,-7.51495],[110.38701,-7.5133],[110.38153,-7.51409],[110.37713,-7.51212],[110.38835,-7.50703],[110.39355,-7.50029],[110.39503,-7.50082],[110.39542,-7.49862],[110.39857,-7.49777],[110.40254,-7.49904],[110.40529,-7.49715],[110.40794,-7.49928],[110.41114,-7.4965],[110.41656,-7.49533],[110.42396,-7.48675],[110.42618,-7.48171],[110.43364,-7.47449],[110.43543,-7.46955],[110.43426,-7.46505],[110.43842,-7.45477],[110.4427,-7.44965],[110.44316,-7.44366],[110.44962,-7.42952],[110.45675,-7.42281],[110.46441,-7.40893],[110.4808,-7.40246],[110.48191,-7.40732],[110.49604,-7.40979],[110.49998,-7.41238],[110.5033,-7.40697],[110.50739,-7.4066],[110.50679,-7.41179],[110.50939,-7.41404],[110.51627,-7.4159],[110.51129,-7.41977],[110.51735,-7.43973],[110.53082,-7.43354],[110.53682,-7.43561],[110.53885,-7.43406],[110.54255,-7.4379],[110.55251,-7.44118],[110.54916,-7.44416],[110.54946,-7.44695],[110.55641,-7.44986],[110.55854,-7.4494],[110.5608,-7.44365],[110.56217,-7.43325],[110.56526,-7.42715],[110.56727,-7.42665],[110.56934,-7.43714],[110.57079,-7.43721],[110.57033,-7.42694],[110.57556,-7.42553],[110.57532,-7.43015],[110.57952,-7.43445],[110.59112,-7.4388],[110.59056,-7.4403],[110.58677,-7.44046],[110.58622,-7.44287],[110.58942,-7.44244],[110.58964,-7.44373],[110.59705,-7.44564],[110.59628,-7.45089],[110.59347,-7.45324],[110.59244,-7.44966],[110.58935,-7.44798],[110.58532,-7.44946],[110.58582,-7.44628],[110.58266,-7.44476],[110.58261,-7.43984],[110.57252,-7.44234],[110.5674,-7.442],[110.56591,-7.44375],[110.57648,-7.4434],[110.57629,-7.44523],[110.58022,-7.44538],[110.58078,-7.44803],[110.583,-7.4476],[110.58504,-7.46284],[110.57868,-7.46232],[110.57856,-7.46385],[110.5848,-7.46888],[110.59025,-7.46973],[110.58926,-7.47139],[110.58708,-7.47075],[110.58751,-7.47392],[110.5919,-7.47537],[110.59386,-7.48276],[110.60125,-7.48595],[110.60168,-7.49041],[110.6042,-7.48885],[110.60509,-7.48985],[110.60638,-7.48794],[110.6153,-7.4898],[110.61884,-7.48844],[110.6222,-7.4916],[110.62853,-7.49206],[110.63362,-7.49024],[110.6378,-7.49419],[110.64301,-7.49398],[110.64387,-7.49634],[110.64587,-7.49265],[110.65432,-7.49574],[110.66149,-7.49667],[110.65858,-7.49181],[110.65845,-7.4879],[110.65485,-7.48682],[110.65464,-7.48323],[110.66,-7.4781],[110.65652,-7.47618],[110.65532,-7.47288],[110.65085,-7.47077],[110.64107,-7.47017],[110.63959,-7.47258],[110.63517,-7.47044],[110.63394,-7.46729],[110.63079,-7.46566],[110.62839,-7.46657],[110.63234,-7.45785],[110.63957,-7.45344],[110.64595,-7.45182],[110.64873,-7.44761],[110.64518,-7.44652],[110.64273,-7.44758],[110.63831,-7.45224],[110.63155,-7.4515],[110.62437,-7.4554],[110.6217,-7.45436],[110.6224,-7.44905],[110.62415,-7.44838],[110.62286,-7.44834],[110.62367,-7.44165],[110.63194,-7.44005],[110.63165,-7.42756],[110.63508,-7.42159],[110.63223,-7.42091],[110.6324,-7.41873],[110.63731,-7.41605],[110.63521,-7.41057],[110.63851,-7.4058],[110.63853,-7.40278],[110.63573,-7.40158],[110.63426,-7.39743],[110.63495,-7.3895],[110.62947,-7.38623],[110.62826,-7.38115],[110.62372,-7.38259],[110.62307,-7.38087],[110.62761,-7.37469],[110.62943,-7.3757],[110.63046,-7.37168],[110.63638,-7.37042],[110.63651,-7.36705],[110.63412,-7.36425],[110.63647,-7.36118],[110.63675,-7.35585],[110.63391,-7.34765],[110.63606,-7.34621],[110.6322,-7.33842],[110.63799,-7.33517],[110.63682,-7.33168],[110.64344,-7.32506],[110.64037,-7.32489],[110.63541,-7.32823],[110.62847,-7.32768],[110.61261,-7.33519],[110.60803,-7.33444],[110.6057,-7.32917],[110.6028,-7.32755],[110.6029,-7.31992],[110.60542,-7.31783],[110.59962,-7.31545],[110.59956,-7.30904],[110.60412,-7.29977],[110.59987,-7.29176],[110.60985,-7.28789],[110.61406,-7.28275],[110.61722,-7.28599],[110.62409,-7.28557],[110.62549,-7.26951],[110.63143,-7.26535],[110.63551,-7.26589],[110.63707,-7.2636],[110.63378,-7.25758],[110.63442,-7.25301],[110.62904,-7.24708],[110.62784,-7.24119],[110.62488,-7.24125],[110.62403,-7.22956],[110.62084,-7.22714],[110.62314,-7.22255],[110.62997,-7.21951],[110.64372,-7.21901],[110.64985,-7.22376],[110.65509,-7.22292],[110.65593,-7.22489],[110.65452,-7.22571],[110.65625,-7.22638],[110.66171,-7.22525],[110.66218,-7.22363],[110.66797,-7.22754],[110.66902,-7.22883],[110.66689,-7.23098],[110.67219,-7.2342],[110.6738,-7.23757],[110.68389,-7.24157],[110.69299,-7.24111],[110.69199,-7.23834],[110.69464,-7.23075],[110.69307,-7.22924],[110.69428,-7.22428],[110.70584,-7.2151],[110.70544,-7.21227],[110.70359,-7.21206],[110.70242,-7.20903],[110.69282,-7.20529],[110.69306,-7.19905],[110.69137,-7.19833],[110.69099,-7.19332],[110.6892,-7.19175],[110.69018,-7.18935],[110.70205,-7.18297],[110.70516,-7.18317],[110.71612,-7.17176],[110.71803,-7.17206],[110.71929,-7.16913],[110.72631,-7.16282],[110.7274,-7.15393],[110.73264,-7.14575],[110.73519,-7.14297],[110.74162,-7.14099],[110.74219,-7.13913],[110.74449,-7.13977],[110.74996,-7.14878],[110.74785,-7.14993],[110.74727,-7.15314],[110.74325,-7.1559],[110.74384,-7.16428],[110.74782,-7.16685],[110.75236,-7.16681],[110.75709,-7.16907],[110.76036,-7.17546],[110.76402,-7.17419],[110.76801,-7.17661],[110.7673,-7.18005],[110.76181,-7.17975],[110.75949,-7.18363],[110.76024,-7.18635],[110.77044,-7.18645],[110.77675,-7.18428],[110.77566,-7.19074],[110.77859,-7.19127],[110.77945,-7.18906],[110.78163,-7.1892],[110.78551,-7.19387],[110.78103,-7.20385],[110.78142,-7.20684],[110.7793,-7.20941],[110.78091,-7.21062],[110.7767,-7.21929],[110.77774,-7.22209],[110.77302,-7.22366],[110.77194,-7.22642],[110.77016,-7.22651],[110.77192,-7.23543],[110.76679,-7.24444],[110.78085,-7.24531],[110.78784,-7.24376],[110.80186,-7.23466],[110.80803,-7.22866],[110.80879,-7.2233],[110.81163,-7.21912],[110.82494,-7.21144],[110.82716,-7.20283],[110.83033,-7.20102],[110.83094,-7.19762],[110.84462,-7.20038],[110.84584,-7.20277],[110.84925,-7.20147],[110.85876,-7.21315],[110.85523,-7.21434],[110.85269,-7.21735],[110.84735,-7.21519],[110.84368,-7.21642],[110.84266,-7.2227],[110.83986,-7.22283],[110.8362,-7.23123],[110.82859,-7.23945],[110.82787,-7.24858],[110.83881,-7.26261],[110.82372,-7.26513],[110.80425,-7.26254],[110.8006,-7.26524],[110.79634,-7.27418],[110.79424,-7.27501],[110.793,-7.27805],[110.79439,-7.28404],[110.79268,-7.28944],[110.79485,-7.29253],[110.79362,-7.29537],[110.79627,-7.30144],[110.79766,-7.31169],[110.80147,-7.31732],[110.80323,-7.32752],[110.79956,-7.33802],[110.79983,-7.34898],[110.79064,-7.35428],[110.79022,-7.35864],[110.78659,-7.36348],[110.79053,-7.36545],[110.7947,-7.36466],[110.79538,-7.36685],[110.80224,-7.36844],[110.78856,-7.37751],[110.78815,-7.37994],[110.78148,-7.38633],[110.77843,-7.38646],[110.77835,-7.38869],[110.7764,-7.388],[110.77272,-7.39231],[110.77325,-7.41563],[110.77268,-7.41676],[110.76894,-7.4157],[110.77003,-7.42124],[110.77261,-7.42396],[110.77445,-7.42956],[110.78218,-7.43284],[110.78088,-7.43619],[110.77593,-7.43537],[110.7723,-7.4372],[110.77053,-7.44057],[110.77128,-7.44209],[110.77533,-7.44559],[110.7777,-7.44562],[110.78068,-7.44993],[110.78087,-7.45311],[110.78492,-7.45414],[110.78923,-7.45857],[110.79189,-7.4573],[110.79316,-7.46048],[110.79659,-7.46163],[110.79744,-7.45978],[110.80006,-7.46077],[110.80157,-7.45917],[110.80463,-7.45918],[110.80627,-7.4913],[110.81541,-7.52269],[110.81247,-7.5221],[110.80793,-7.53448],[110.80621,-7.53229],[110.80301,-7.53176],[110.80091,-7.53348],[110.79609,-7.53363],[110.7948,-7.5307],[110.79142,-7.52892],[110.79123,-7.52675],[110.781,-7.52372],[110.77341,-7.52613],[110.76413,-7.52665],[110.74891,-7.52328],[110.74205,-7.52744],[110.73057,-7.52848],[110.7272,-7.52599],[110.72437,-7.52754],[110.72393,-7.5302],[110.72056,-7.53167],[110.70925,-7.53226],[110.70836,-7.54019],[110.71328,-7.54173],[110.71127,-7.54873],[110.72203,-7.55043],[110.72647,-7.55375],[110.71902,-7.56057],[110.7206,-7.56203],[110.7198,-7.56684],[110.72131,-7.56763],[110.71622,-7.57698],[110.71514,-7.57563],[110.71291,-7.57745],[110.71547,-7.57862],[110.71302,-7.58474],[110.70232,-7.59366],[110.69453,-7.59183],[110.69041,-7.5893],[110.69065,-7.58719],[110.68076,-7.58998],[110.66957,-7.58611],[110.65714,-7.58908],[110.65463,-7.58749],[110.64129,-7.5862],[110.62957,-7.58114],[110.61169,-7.57622],[110.6002,-7.56906],[110.59772,-7.5745],[110.60157,-7.57535],[110.59923,-7.57673],[110.59787,-7.58075],[110.59997,-7.58256],[110.59714,-7.58834],[110.59279,-7.58436],[110.59018,-7.58374],[110.58779,-7.58662],[110.58241,-7.58362],[110.57914,-7.5855],[110.57405,-7.58177],[110.57251,-7.58595],[110.5712,-7.58705],[110.56846,-7.58579],[110.56175,-7.59554],[110.55928,-7.59476],[110.55746,-7.59718],[110.55248,-7.59836],[110.5494,-7.60195],[110.54688,-7.60086],[110.54459,-7.60454],[110.55113,-7.60979],[110.5417,-7.61642],[110.54435,-7.62151],[110.54368,-7.62563]],[[110.58066,-7.45211],[110.57641,-7.45173],[110.57564,-7.45309],[110.58066,-7.45211]]]}},{"type":"Feature","properties":{"n":"Kota Cilegon","p":"Banten"},"geometry":{"type":"MultiPolygon","coordinates":[[[[105.94781,-6.01987],[105.94987,-6.0226],[105.95346,-6.01761],[105.95756,-6.02012],[105.95882,-6.0185],[105.95573,-6.01489],[105.95875,-6.01163],[105.96,-6.01238],[105.96555,-6.00955],[105.96772,-6.01198],[105.96977,-6.01107],[105.96754,-6.00715],[105.97169,-6.0021],[105.9714,-6.00024],[105.98285,-5.99681],[105.98004,-5.99357],[105.98295,-5.99192],[105.98658,-5.98539],[105.99075,-5.98455],[105.98919,-5.9812],[105.99377,-5.981],[105.99177,-5.97822],[105.99595,-5.9747],[105.99582,-5.96845],[105.9972,-5.96732],[105.99602,-5.96455],[105.99876,-5.96074],[105.99814,-5.95475],[106.00266,-5.94757],[106.00236,-5.94353],[105.99795,-5.93913],[105.99829,-5.93766],[105.99892,-5.93888],[106.0003,-5.93819],[106.00036,-5.93597],[105.99839,-5.93652],[105.99917,-5.93453],[105.99342,-5.92896],[105.9946,-5.92516],[105.99174,-5.92293],[105.9966,-5.91865],[105.99465,-5.9212],[105.99575,-5.92231],[105.99769,-5.92036],[106.00026,-5.92215],[106.00128,-5.91947],[106.00385,-5.92078],[106.00496,-5.91806],[106.00119,-5.91312],[106.00613,-5.90963],[106.00721,-5.91009],[106.00686,-5.91046],[106.00713,-5.91177],[106.00728,-5.91188],[106.00737,-5.91189],[106.0075,-5.91187],[106.00841,-5.91017],[106.00732,-5.90905],[106.00889,-5.9095],[106.0093,-5.90937],[106.00757,-5.90857],[106.00827,-5.90462],[106.01335,-5.90334],[106.01486,-5.9045],[106.01414,-5.90297],[106.01557,-5.90128],[106.01667,-5.90282],[106.01688,-5.90108],[106.01859,-5.90156],[106.01648,-5.89944],[106.01738,-5.89703],[106.016,-5.89672],[106.01781,-5.89669],[106.0158,-5.89548],[106.01814,-5.89657],[106.01593,-5.8941],[106.01958,-5.89086],[106.01984,-5.89378],[106.0214,-5.89422],[106.0214,-5.89058],[106.02291,-5.88934],[106.0254,-5.88815],[106.02734,-5.88965],[106.02921,-5.88892],[106.0286,-5.8867],[106.03091,-5.88579],[106.03063,-5.88426],[106.03588,-5.88447],[106.0369,-5.88329],[106.03691,-5.88318],[106.03494,-5.88133],[106.03826,-5.88365],[106.04108,-5.87609],[106.03963,-5.89966],[106.04483,-5.91143],[106.03306,-5.92677],[106.03142,-5.93383],[106.03594,-5.94339],[106.04337,-5.94507],[106.0439,-5.94914],[106.05006,-5.95108],[106.05789,-5.9587],[106.05946,-5.96607],[106.05694,-5.97233],[106.05969,-5.97818],[106.05922,-5.98092],[106.06376,-5.98586],[106.06755,-5.98655],[106.06813,-5.98868],[106.0643,-5.99307],[106.07294,-5.99558],[106.07444,-5.99789],[106.07294,-6.0009],[106.08803,-6.00254],[106.08507,-6.03561],[106.08246,-6.03775],[106.08096,-6.03696],[106.07789,-6.04044],[106.07552,-6.03864],[106.07176,-6.03978],[106.06404,-6.04649],[106.06198,-6.04989],[106.06251,-6.05247],[106.05598,-6.06173],[106.05327,-6.06103],[106.04974,-6.07562],[106.03631,-6.08013],[106.03148,-6.0806],[106.03092,-6.07908],[106.02805,-6.07879],[106.02591,-6.08065],[106.02029,-6.07809],[106.02145,-6.07176],[106.01976,-6.07094],[106.01956,-6.06621],[106.02189,-6.06323],[106.02054,-6.06237],[106.02257,-6.06246],[106.02212,-6.06069],[106.02369,-6.06054],[106.02291,-6.05846],[106.02392,-6.05925],[106.0251,-6.05786],[106.02345,-6.05736],[106.02709,-6.05401],[106.02615,-6.04997],[106.02998,-6.04756],[106.02882,-6.04542],[106.03085,-6.04097],[106.02964,-6.04001],[106.01625,-6.04375],[106.00767,-6.04262],[106.00717,-6.04496],[106.00324,-6.04629],[105.99936,-6.04261],[105.99446,-6.04244],[105.99378,-6.04039],[105.9913,-6.04061],[105.99136,-6.04258],[105.98818,-6.04258],[105.98792,-6.03802],[105.98485,-6.03791],[105.9811,-6.04023],[105.98856,-6.04753],[105.9884,-6.05249],[105.98563,-6.05578],[105.98656,-6.06241],[105.97618,-6.05525],[105.9761,-6.05251],[105.97212,-6.04962],[105.96613,-6.05148],[105.96388,-6.05788],[105.95606,-6.05611],[105.95373,-6.05807],[105.95097,-6.05381],[105.94775,-6.05197],[105.94433,-6.04589],[105.93811,-6.0525],[105.92918,-6.04755],[105.92779,-6.04925],[105.92452,-6.04844],[105.92608,-6.04731],[105.92171,-6.04459],[105.92512,-6.04187],[105.93022,-6.03346],[105.93911,-6.02611],[105.94199,-6.02125],[105.94781,-6.01987]]],[[[105.928,-6.00834],[105.92768,-6.00729],[105.92856,-6.00774],[105.928,-6.00834]]],[[[105.99721,-5.94157],[105.99747,-5.94213],[105.99632,-5.94215],[105.99721,-5.94157]]],[[[105.98896,-5.93068],[105.99306,-5.93172],[105.99371,-5.93325],[105.99074,-5.93692],[105.98763,-5.93724],[105.98542,-5.93173],[105.98896,-5.93068]]],[[[106.01085,-5.90152],[106.01182,-5.90288],[106.01033,-5.90161],[106.01085,-5.90152]]],[[[105.93224,-5.90206],[105.9301,-5.90148],[105.93132,-5.90067],[105.93224,-5.90206]]]]}},{"type":"Feature","properties":{"n":"Trenggalek","p":"Jawa Timur"},"geometry":{"type":"MultiPolygon","coordinates":[[[[111.48335,-8.364],[111.48391,-8.36392],[111.48327,-8.36407],[111.48335,-8.364]]],[[[111.48747,-8.36105],[111.48642,-8.36462],[111.48378,-8.36206],[111.48473,-8.3579],[111.48747,-8.36105]]],[[[111.47679,-8.32982],[111.47737,-8.32959],[111.47694,-8.32995],[111.47679,-8.32982]]],[[[111.48146,-8.32769],[111.48083,-8.33004],[111.47786,-8.33122],[111.47918,-8.32793],[111.48146,-8.32769]]],[[[111.46259,-8.32868],[111.46255,-8.32909],[111.46198,-8.32926],[111.46259,-8.32868]]],[[[111.46395,-8.32822],[111.46247,-8.32848],[111.46227,-8.32837],[111.46395,-8.32822]]],[[[111.46345,-8.32766],[111.46324,-8.32754],[111.46349,-8.3275],[111.46345,-8.32766]]],[[[111.43753,-8.32325],[111.43769,-8.32359],[111.43733,-8.32371],[111.43753,-8.32325]]],[[[111.46319,-8.32347],[111.46346,-8.32304],[111.46373,-8.32304],[111.46319,-8.32347]]],[[[111.45615,-8.32086],[111.45603,-8.32154],[111.456,-8.32089],[111.45615,-8.32086]]],[[[111.46816,-8.32068],[111.46789,-8.31992],[111.46826,-8.32014],[111.46816,-8.32068]]],[[[111.45632,-8.31961],[111.45676,-8.31974],[111.45669,-8.31995],[111.45632,-8.31961]]],[[[111.45223,-8.31677],[111.45267,-8.31704],[111.45214,-8.31729],[111.45223,-8.31677]]],[[[111.48119,-8.3162],[111.48147,-8.31593],[111.48141,-8.3163],[111.48119,-8.3162]]],[[[111.44561,-8.30669],[111.44557,-8.30709],[111.4454,-8.30691],[111.44561,-8.30669]]],[[[111.4826,-8.31953],[111.48136,-8.31462],[111.48346,-8.30926],[111.47837,-8.30533],[111.47141,-8.31383],[111.46909,-8.31354],[111.46619,-8.31874],[111.46775,-8.31991],[111.4639,-8.32245],[111.46188,-8.32285],[111.46235,-8.31987],[111.46017,-8.31711],[111.45579,-8.31849],[111.45542,-8.32006],[111.45484,-8.31768],[111.45324,-8.31728],[111.45652,-8.31623],[111.45788,-8.3104],[111.44964,-8.30851],[111.4496,-8.30641],[111.44577,-8.30385],[111.44645,-8.29946],[111.44986,-8.29678],[111.44485,-8.29425],[111.4507,-8.28924],[111.45454,-8.28861],[111.45451,-8.28559],[111.45033,-8.28364],[111.45226,-8.27908],[111.45733,-8.27726],[111.45457,-8.27616],[111.45513,-8.27401],[111.45351,-8.27619],[111.44857,-8.26932],[111.44192,-8.26606],[111.44231,-8.26218],[111.43917,-8.26414],[111.43081,-8.25936],[111.42212,-8.25838],[111.42255,-8.26157],[111.41955,-8.26054],[111.41909,-8.26441],[111.41542,-8.26704],[111.41578,-8.27624],[111.41025,-8.27837],[111.40757,-8.27314],[111.40445,-8.27285],[111.40319,-8.2678],[111.40639,-8.25838],[111.40439,-8.25342],[111.4015,-8.25093],[111.39841,-8.24126],[111.39346,-8.23737],[111.39217,-8.23318],[111.39586,-8.22745],[111.40082,-8.22704],[111.40179,-8.22406],[111.40041,-8.22073],[111.40454,-8.2197],[111.40891,-8.21266],[111.40426,-8.20814],[111.40351,-8.19703],[111.41858,-8.19033],[111.42427,-8.19137],[111.42388,-8.18473],[111.42557,-8.18336],[111.42658,-8.17558],[111.42481,-8.17037],[111.43278,-8.16985],[111.43783,-8.16323],[111.43956,-8.16564],[111.44898,-8.16657],[111.45042,-8.16873],[111.45523,-8.16751],[111.45856,-8.16878],[111.46495,-8.17552],[111.47741,-8.17313],[111.47867,-8.16576],[111.47371,-8.1648],[111.47316,-8.15814],[111.47456,-8.15758],[111.47377,-8.15314],[111.47597,-8.14605],[111.4808,-8.13601],[111.47952,-8.12809],[111.48304,-8.12589],[111.4834,-8.12318],[111.48158,-8.1223],[111.47943,-8.11723],[111.48236,-8.11406],[111.48328,-8.10846],[111.48688,-8.10815],[111.4996,-8.11268],[111.50051,-8.11124],[111.50408,-8.11126],[111.50732,-8.10637],[111.51621,-8.10973],[111.51959,-8.10886],[111.52108,-8.11075],[111.5258,-8.10726],[111.52787,-8.10736],[111.52894,-8.10219],[111.5257,-8.09238],[111.5279,-8.08899],[111.52687,-8.08106],[111.53468,-8.07329],[111.54135,-8.07036],[111.54351,-8.0665],[111.54117,-8.06386],[111.53739,-8.06467],[111.53509,-8.06237],[111.5353,-8.0597],[111.53997,-8.05644],[111.54284,-8.05694],[111.54478,-8.05465],[111.55386,-8.05615],[111.55649,-8.05378],[111.55723,-8.04993],[111.57327,-8.04795],[111.57432,-8.04],[111.57679,-8.03858],[111.58273,-8.02572],[111.59046,-8.01938],[111.59625,-8.01754],[111.60627,-8.01935],[111.60778,-8.01816],[111.60637,-8.01607],[111.61177,-8.01167],[111.62318,-8.0065],[111.62592,-8.01092],[111.63723,-8.00208],[111.64145,-8.00535],[111.64544,-8.00319],[111.64771,-8.00378],[111.64847,-8.00743],[111.64686,-8.01546],[111.64816,-8.0209],[111.65064,-8.02214],[111.6533,-8.02048],[111.65565,-8.01131],[111.65435,-8.00108],[111.65631,-7.99635],[111.65558,-7.99081],[111.65686,-7.98998],[111.65367,-7.98644],[111.65369,-7.98162],[111.65641,-7.97579],[111.66223,-7.97414],[111.66163,-7.97129],[111.6635,-7.96813],[111.65902,-7.96777],[111.65237,-7.96389],[111.64736,-7.95814],[111.6474,-7.95315],[111.65428,-7.94222],[111.65572,-7.94072],[111.65928,-7.94514],[111.6634,-7.94326],[111.66783,-7.94459],[111.67768,-7.94036],[111.68851,-7.93273],[111.69306,-7.92652],[111.69236,-7.92159],[111.69426,-7.91813],[111.70121,-7.91543],[111.70671,-7.90646],[111.70497,-7.90201],[111.69914,-7.89959],[111.70125,-7.89622],[111.707,-7.8974],[111.70985,-7.89473],[111.71327,-7.89549],[111.72183,-7.89068],[111.7266,-7.8904],[111.72946,-7.8867],[111.7305,-7.88831],[111.73511,-7.88615],[111.73704,-7.88108],[111.74094,-7.87916],[111.74818,-7.88001],[111.75298,-7.88456],[111.75356,-7.89364],[111.75159,-7.89628],[111.75497,-7.89764],[111.75341,-7.89999],[111.75436,-7.90266],[111.75289,-7.90347],[111.75601,-7.90903],[111.75428,-7.90993],[111.75613,-7.91238],[111.75492,-7.91439],[111.75913,-7.91793],[111.75943,-7.9225],[111.76123,-7.9229],[111.75296,-7.92901],[111.74899,-7.92814],[111.74418,-7.93215],[111.74644,-7.94214],[111.7457,-7.94746],[111.7436,-7.95389],[111.73811,-7.95845],[111.74173,-7.96963],[111.74837,-7.96966],[111.75104,-7.97198],[111.75345,-7.97933],[111.75912,-7.98367],[111.76054,-7.98794],[111.76037,-7.99284],[111.75684,-7.99602],[111.75451,-8.00271],[111.75629,-8.02479],[111.75462,-8.03125],[111.75884,-8.03186],[111.76865,-8.03731],[111.7727,-8.03669],[111.78022,-8.03923],[111.78967,-8.05237],[111.79139,-8.05939],[111.79642,-8.06149],[111.79761,-8.06732],[111.8096,-8.07569],[111.81315,-8.08765],[111.81857,-8.08956],[111.82488,-8.08949],[111.82493,-8.09176],[111.83565,-8.09469],[111.83719,-8.09122],[111.83834,-8.0916],[111.84391,-8.09635],[111.8426,-8.10385],[111.84693,-8.10642],[111.84657,-8.11063],[111.84425,-8.11007],[111.8444,-8.11174],[111.84245,-8.11177],[111.84097,-8.11899],[111.83824,-8.12291],[111.83188,-8.12755],[111.83144,-8.12946],[111.82453,-8.13215],[111.82228,-8.1347],[111.81422,-8.13695],[111.79281,-8.13752],[111.79241,-8.13899],[111.77156,-8.13881],[111.75656,-8.14062],[111.75205,-8.14271],[111.74888,-8.14005],[111.743,-8.13857],[111.7362,-8.14273],[111.73361,-8.14221],[111.72882,-8.15302],[111.72156,-8.16172],[111.71847,-8.16865],[111.72058,-8.17338],[111.71556,-8.18348],[111.71926,-8.18718],[111.71686,-8.19112],[111.72381,-8.19418],[111.72571,-8.19985],[111.72848,-8.2005],[111.73024,-8.20556],[111.73756,-8.20021],[111.74013,-8.20318],[111.73945,-8.20888],[111.7337,-8.21053],[111.73442,-8.21512],[111.73191,-8.21944],[111.73288,-8.22767],[111.73234,-8.2298],[111.73017,-8.22965],[111.729,-8.23127],[111.73229,-8.23649],[111.73077,-8.2399],[111.72738,-8.24086],[111.72726,-8.24215],[111.73396,-8.25313],[111.74378,-8.25271],[111.74791,-8.25788],[111.74572,-8.26441],[111.75079,-8.27348],[111.75,-8.28981],[111.75166,-8.28824],[111.75682,-8.28776],[111.75884,-8.2902],[111.76716,-8.28799],[111.77759,-8.28965],[111.77509,-8.29364],[111.77074,-8.29226],[111.76849,-8.2943],[111.76832,-8.29642],[111.77627,-8.30686],[111.76944,-8.30863],[111.77029,-8.31242],[111.76874,-8.31366],[111.76896,-8.31666],[111.77011,-8.31872],[111.77768,-8.32132],[111.78172,-8.32607],[111.77664,-8.32529],[111.77041,-8.32779],[111.76557,-8.33076],[111.76264,-8.33585],[111.75828,-8.33436],[111.75482,-8.33932],[111.75239,-8.33854],[111.74932,-8.34092],[111.74659,-8.33404],[111.739,-8.33265],[111.74174,-8.32193],[111.74854,-8.31291],[111.74661,-8.30605],[111.74255,-8.3017],[111.73932,-8.30156],[111.7403,-8.29979],[111.7384,-8.29639],[111.73426,-8.29741],[111.73286,-8.29586],[111.73497,-8.29541],[111.73487,-8.29397],[111.73135,-8.29489],[111.73457,-8.29318],[111.73167,-8.28885],[111.73285,-8.29298],[111.73266,-8.29362],[111.73178,-8.29385],[111.73077,-8.28938],[111.72988,-8.28897],[111.72905,-8.28936],[111.72711,-8.28911],[111.72986,-8.28889],[111.72932,-8.28746],[111.72842,-8.28852],[111.72835,-8.28709],[111.72721,-8.28677],[111.7274,-8.28817],[111.72647,-8.2868],[111.72394,-8.28704],[111.71288,-8.29088],[111.70656,-8.30287],[111.71062,-8.30475],[111.71392,-8.30905],[111.7157,-8.3154],[111.71319,-8.32237],[111.70283,-8.32229],[111.70074,-8.32462],[111.69539,-8.3218],[111.69031,-8.32797],[111.68842,-8.33526],[111.68966,-8.33748],[111.69316,-8.33779],[111.69388,-8.34174],[111.69795,-8.34495],[111.70367,-8.344],[111.70773,-8.35036],[111.71348,-8.35171],[111.7174,-8.36205],[111.72405,-8.36868],[111.71425,-8.3723],[111.71002,-8.36698],[111.70765,-8.36955],[111.70542,-8.36691],[111.70371,-8.36707],[111.7039,-8.37364],[111.70078,-8.3773],[111.70193,-8.38315],[111.69901,-8.379],[111.69553,-8.37772],[111.69304,-8.37398],[111.69306,-8.37029],[111.68847,-8.36628],[111.6855,-8.36819],[111.6851,-8.37231],[111.68251,-8.37493],[111.68207,-8.37268],[111.68129,-8.37375],[111.68132,-8.37257],[111.67332,-8.37033],[111.67028,-8.36696],[111.67078,-8.36251],[111.66858,-8.36107],[111.66906,-8.35842],[111.66731,-8.3558],[111.65755,-8.35693],[111.65493,-8.36048],[111.65722,-8.36278],[111.65271,-8.36653],[111.65157,-8.36228],[111.6499,-8.36161],[111.65085,-8.35887],[111.64903,-8.35733],[111.6496,-8.35486],[111.64765,-8.35156],[111.64095,-8.35041],[111.63812,-8.34737],[111.63475,-8.34743],[111.63365,-8.35048],[111.63247,-8.3492],[111.63057,-8.35218],[111.62604,-8.35395],[111.62695,-8.35102],[111.62471,-8.34972],[111.62485,-8.34774],[111.63308,-8.34332],[111.63429,-8.34046],[111.63234,-8.33629],[111.62718,-8.33516],[111.62918,-8.33117],[111.6273,-8.32828],[111.62834,-8.3252],[111.62265,-8.32176],[111.61909,-8.32234],[111.61727,-8.31988],[111.61243,-8.32073],[111.61181,-8.32481],[111.60854,-8.32665],[111.607,-8.33035],[111.61076,-8.33513],[111.6054,-8.33943],[111.60465,-8.33432],[111.60288,-8.33335],[111.60345,-8.33038],[111.60175,-8.32996],[111.60289,-8.3246],[111.59889,-8.32188],[111.59533,-8.32211],[111.59347,-8.32512],[111.59049,-8.32551],[111.5875,-8.32826],[111.58998,-8.33171],[111.58759,-8.33428],[111.57779,-8.32894],[111.57549,-8.33025],[111.57609,-8.33317],[111.5748,-8.33197],[111.57027,-8.3337],[111.5711,-8.33153],[111.56784,-8.32601],[111.57161,-8.32552],[111.57107,-8.32186],[111.57363,-8.31777],[111.56565,-8.31002],[111.55427,-8.30616],[111.54491,-8.30716],[111.54697,-8.31022],[111.54612,-8.31323],[111.53782,-8.31357],[111.53638,-8.3151],[111.5371,-8.31648],[111.53377,-8.3149],[111.53196,-8.31672],[111.53063,-8.3221],[111.5367,-8.32477],[111.53781,-8.32716],[111.5328,-8.32952],[111.53364,-8.33286],[111.53203,-8.33073],[111.53034,-8.33193],[111.52939,-8.32978],[111.52797,-8.33174],[111.51955,-8.33171],[111.51737,-8.33378],[111.51419,-8.33193],[111.51187,-8.33283],[111.5103,-8.32717],[111.50607,-8.3254],[111.50495,-8.32217],[111.49768,-8.32464],[111.49449,-8.3232],[111.49665,-8.31964],[111.49569,-8.31633],[111.49087,-8.31373],[111.48593,-8.31833],[111.4826,-8.31953]]],[[[111.44246,-8.29578],[111.44521,-8.29778],[111.44264,-8.29694],[111.44246,-8.29578]]],[[[111.44148,-8.2956],[111.44193,-8.29564],[111.44184,-8.29593],[111.44148,-8.2956]]],[[[111.44413,-8.28961],[111.44339,-8.29008],[111.44409,-8.28932],[111.44413,-8.28961]]],[[[111.41531,-8.27714],[111.4147,-8.27813],[111.415,-8.27704],[111.41531,-8.27714]]],[[[111.41598,-8.27726],[111.41555,-8.2773],[111.41567,-8.27686],[111.41598,-8.27726]]],[[[111.41572,-8.27393],[111.41585,-8.2741],[111.4157,-8.27407],[111.41572,-8.27393]]],[[[111.43555,-8.27249],[111.43566,-8.27264],[111.43551,-8.27255],[111.43555,-8.27249]]],[[[111.43904,-8.26961],[111.43732,-8.27078],[111.43695,-8.27233],[111.43658,-8.27103],[111.43904,-8.26961]]],[[[111.44112,-8.26938],[111.44143,-8.26899],[111.4412,-8.26939],[111.44112,-8.26938]]],[[[111.41962,-8.26215],[111.42004,-8.26206],[111.42006,-8.26236],[111.41962,-8.26215]]],[[[111.42308,-8.2603],[111.4237,-8.26133],[111.42332,-8.26141],[111.42308,-8.2603]]],[[[111.42267,-8.25902],[111.42262,-8.25937],[111.42247,-8.25922],[111.42267,-8.25902]]],[[[111.515,-8.3698],[111.51273,-8.37108],[111.51142,-8.37153],[111.51328,-8.36888],[111.515,-8.3698]]],[[[111.48743,-8.36425],[111.48714,-8.36435],[111.48736,-8.36411],[111.48743,-8.36425]]],[[[111.56864,-8.33866],[111.56856,-8.33881],[111.56836,-8.33856],[111.56864,-8.33866]]],[[[111.56311,-8.33839],[111.56255,-8.33847],[111.56346,-8.33824],[111.56311,-8.33839]]],[[[111.56782,-8.3381],[111.56819,-8.33814],[111.5678,-8.3385],[111.56782,-8.3381]]],[[[111.56901,-8.33802],[111.56932,-8.33823],[111.56895,-8.33821],[111.56901,-8.33802]]],[[[111.56811,-8.33729],[111.56825,-8.33756],[111.56811,-8.33729],[111.56811,-8.33729]]],[[[111.5693,-8.33727],[111.56914,-8.33752],[111.56914,-8.33733],[111.5693,-8.33727]]],[[[111.56338,-8.33704],[111.56328,-8.33729],[111.56321,-8.33712],[111.56338,-8.33704]]],[[[111.57007,-8.33485],[111.56783,-8.33639],[111.56732,-8.33584],[111.57007,-8.33485]]],[[[111.51647,-8.33541],[111.51665,-8.33557],[111.51642,-8.33558],[111.51647,-8.33541]]],[[[111.51672,-8.33442],[111.51693,-8.33479],[111.51673,-8.33486],[111.51672,-8.33442]]],[[[111.53515,-8.33265],[111.53537,-8.3325],[111.53539,-8.33289],[111.53515,-8.33265]]],[[[111.50886,-8.32717],[111.5092,-8.32695],[111.50893,-8.32723],[111.50886,-8.32717]]],[[[111.50769,-8.32665],[111.50786,-8.32683],[111.50776,-8.32685],[111.50769,-8.32665]]],[[[111.53752,-8.32526],[111.53749,-8.32457],[111.53799,-8.32491],[111.53752,-8.32526]]],[[[111.48811,-8.31771],[111.48825,-8.31802],[111.48802,-8.31803],[111.48811,-8.31771]]],[[[111.53676,-8.31679],[111.53704,-8.31698],[111.53656,-8.31694],[111.53676,-8.31679]]],[[[111.54623,-8.31439],[111.5455,-8.31403],[111.54629,-8.31425],[111.54623,-8.31439]]],[[[111.53862,-8.31426],[111.53881,-8.31411],[111.53878,-8.31432],[111.53862,-8.31426]]],[[[111.54555,-8.31365],[111.54601,-8.3138],[111.54555,-8.3138],[111.54555,-8.31365]]],[[[111.54351,-8.31358],[111.54358,-8.31342],[111.54394,-8.31348],[111.54351,-8.31358]]],[[[111.63028,-8.35654],[111.63046,-8.35646],[111.63049,-8.35659],[111.63028,-8.35654]]],[[[111.62595,-8.35541],[111.62549,-8.3573],[111.62451,-8.35651],[111.62595,-8.35541]]],[[[111.63026,-8.35568],[111.63018,-8.35605],[111.63001,-8.35606],[111.63026,-8.35568]]],[[[111.62843,-8.35502],[111.62825,-8.35486],[111.6284,-8.35477],[111.62843,-8.35502]]],[[[111.6272,-8.35433],[111.62754,-8.35482],[111.62747,-8.35487],[111.6272,-8.35433]]],[[[111.6268,-8.35418],[111.62669,-8.35434],[111.62673,-8.35418],[111.6268,-8.35418]]],[[[111.62396,-8.34898],[111.62398,-8.34927],[111.62382,-8.34917],[111.62396,-8.34898]]],[[[111.6243,-8.34871],[111.624,-8.34878],[111.624,-8.34872],[111.6243,-8.34871]]],[[[111.56914,-8.33675],[111.56938,-8.33687],[111.56907,-8.33692],[111.56914,-8.33675]]],[[[111.57015,-8.33621],[111.57006,-8.33655],[111.56979,-8.33635],[111.57015,-8.33621]]],[[[111.56994,-8.33568],[111.57033,-8.33575],[111.57006,-8.336],[111.56994,-8.33568]]],[[[111.56958,-8.33445],[111.56951,-8.33473],[111.56934,-8.33468],[111.56958,-8.33445]]],[[[111.5707,-8.33427],[111.57065,-8.33438],[111.5705,-8.33429],[111.5707,-8.33427]]],[[[111.57191,-8.3341],[111.57222,-8.33421],[111.572,-8.33446],[111.57191,-8.3341]]],[[[111.57435,-8.3335],[111.57437,-8.33394],[111.57408,-8.33349],[111.57435,-8.3335]]],[[[111.59009,-8.33216],[111.59051,-8.33231],[111.58986,-8.33233],[111.59009,-8.33216]]],[[[111.57596,-8.33042],[111.5758,-8.33044],[111.57591,-8.33031],[111.57596,-8.33042]]],[[[111.60152,-8.3285],[111.60189,-8.3285],[111.6015,-8.32867],[111.60152,-8.3285]]],[[[111.5902,-8.32604],[111.59031,-8.32617],[111.59024,-8.32617],[111.5902,-8.32604]]],[[[111.65026,-8.37616],[111.65203,-8.38231],[111.65101,-8.38154],[111.65061,-8.38416],[111.65026,-8.37616]]],[[[111.66869,-8.37748],[111.6682,-8.37775],[111.66847,-8.37727],[111.66869,-8.37748]]],[[[111.6511,-8.37744],[111.65154,-8.37641],[111.65159,-8.37787],[111.6511,-8.37744]]],[[[111.67003,-8.36969],[111.66984,-8.36968],[111.66995,-8.36956],[111.67003,-8.36969]]],[[[111.67182,-8.3693],[111.67172,-8.36951],[111.6717,-8.36932],[111.67182,-8.3693]]],[[[111.66954,-8.36897],[111.66917,-8.36917],[111.66934,-8.36875],[111.66954,-8.36897]]],[[[111.65486,-8.36616],[111.65464,-8.36638],[111.65475,-8.3661],[111.65486,-8.36616]]],[[[111.66799,-8.35987],[111.66813,-8.36018],[111.66797,-8.36016],[111.66799,-8.35987]]],[[[111.65885,-8.35746],[111.65905,-8.35765],[111.65894,-8.35765],[111.65885,-8.35746]]],[[[111.65849,-8.35728],[111.65865,-8.35761],[111.65847,-8.35755],[111.65849,-8.35728]]],[[[111.63127,-8.35445],[111.63079,-8.35498],[111.62985,-8.35524],[111.63127,-8.35445]]],[[[111.63078,-8.33651],[111.63073,-8.33635],[111.63093,-8.33629],[111.63078,-8.33651]]],[[[111.70878,-8.40657],[111.70868,-8.40657],[111.70873,-8.40652],[111.70878,-8.40657]]],[[[111.70749,-8.40002],[111.70765,-8.39975],[111.70757,-8.40012],[111.70749,-8.40002]]],[[[111.70715,-8.39818],[111.70674,-8.3984],[111.70672,-8.39801],[111.70715,-8.39818]]],[[[111.71465,-8.37374],[111.71374,-8.37289],[111.71397,-8.37239],[111.71465,-8.37374]]],[[[111.72503,-8.36991],[111.72661,-8.37092],[111.72516,-8.37132],[111.72503,-8.36991]]],[[[111.74858,-8.38797],[111.74869,-8.38824],[111.74842,-8.38828],[111.74858,-8.38797]]],[[[111.7484,-8.34455],[111.74895,-8.3445],[111.7477,-8.34534],[111.7484,-8.34455]]],[[[111.75349,-8.34005],[111.75361,-8.34015],[111.7535,-8.34015],[111.75349,-8.34005]]],[[[111.75815,-8.33754],[111.75866,-8.33752],[111.75842,-8.33782],[111.75815,-8.33754]]],[[[111.73818,-8.32314],[111.73866,-8.3234],[111.73856,-8.32358],[111.73818,-8.32314]]],[[[111.74389,-8.30774],[111.74404,-8.30873],[111.74381,-8.30775],[111.74389,-8.30774]]],[[[111.73244,-8.29678],[111.73173,-8.29899],[111.73115,-8.29925],[111.73103,-8.29785],[111.73244,-8.29678]]]]}},{"type":"Feature","properties":{"n":"Bandung","p":"Jawa Barat"},"geometry":{"type":"Polygon","coordinates":[[[107.54596,-7.25745],[107.54311,-7.25535],[107.54082,-7.25032],[107.53377,-7.24798],[107.53262,-7.24963],[107.52831,-7.24981],[107.52497,-7.25587],[107.52041,-7.25695],[107.51871,-7.25413],[107.51346,-7.25164],[107.51006,-7.25157],[107.50757,-7.25423],[107.50765,-7.25145],[107.50098,-7.25003],[107.49262,-7.2587],[107.48273,-7.25189],[107.48064,-7.25157],[107.4761,-7.25487],[107.46832,-7.24873],[107.45625,-7.25046],[107.45241,-7.2469],[107.44216,-7.24256],[107.43798,-7.25194],[107.42774,-7.25375],[107.42258,-7.25698],[107.42052,-7.25695],[107.41701,-7.25186],[107.41057,-7.25016],[107.40676,-7.24724],[107.3991,-7.24832],[107.39528,-7.2449],[107.39045,-7.2456],[107.38683,-7.2505],[107.38486,-7.25007],[107.38381,-7.25145],[107.38129,-7.24962],[107.38084,-7.24422],[107.37847,-7.23958],[107.36484,-7.23886],[107.35332,-7.23551],[107.35101,-7.23018],[107.35161,-7.22543],[107.3566,-7.22006],[107.35567,-7.21754],[107.35194,-7.21619],[107.34984,-7.21108],[107.3474,-7.21076],[107.34298,-7.20437],[107.33675,-7.20351],[107.33373,-7.2072],[107.33115,-7.20726],[107.3217,-7.19849],[107.3184,-7.19036],[107.30604,-7.19367],[107.30641,-7.20406],[107.29947,-7.20285],[107.29832,-7.20749],[107.28901,-7.21401],[107.28669,-7.2135],[107.28663,-7.20958],[107.28216,-7.20634],[107.2783,-7.20743],[107.27556,-7.20488],[107.26679,-7.20425],[107.26107,-7.20079],[107.25202,-7.20144],[107.25104,-7.19977],[107.25434,-7.19507],[107.25358,-7.19323],[107.25728,-7.19077],[107.2568,-7.18862],[107.25932,-7.18397],[107.26225,-7.18331],[107.26204,-7.17945],[107.26446,-7.17884],[107.27223,-7.16929],[107.27329,-7.17083],[107.27227,-7.17529],[107.27414,-7.17743],[107.27331,-7.17927],[107.27536,-7.17733],[107.27469,-7.17983],[107.27587,-7.18063],[107.2829,-7.17441],[107.29387,-7.17],[107.29684,-7.16542],[107.30128,-7.16858],[107.30492,-7.16191],[107.30226,-7.15843],[107.30267,-7.15338],[107.30885,-7.14391],[107.30842,-7.13858],[107.31086,-7.13346],[107.31054,-7.12997],[107.31361,-7.12716],[107.31028,-7.12431],[107.31449,-7.1153],[107.31987,-7.11219],[107.31961,-7.10651],[107.32656,-7.10587],[107.33059,-7.09822],[107.33366,-7.09851],[107.33714,-7.09581],[107.33759,-7.09736],[107.34832,-7.09927],[107.35049,-7.09782],[107.35471,-7.09824],[107.35729,-7.09622],[107.35898,-7.09026],[107.36366,-7.09331],[107.36364,-7.09592],[107.36643,-7.09651],[107.37075,-7.10352],[107.37719,-7.09699],[107.37619,-7.09221],[107.38116,-7.09296],[107.38576,-7.09752],[107.39097,-7.0996],[107.39374,-7.09754],[107.39623,-7.09218],[107.40145,-7.09187],[107.40895,-7.09689],[107.40707,-7.09142],[107.41022,-7.0882],[107.41035,-7.08591],[107.41158,-7.08407],[107.41546,-7.08314],[107.41579,-7.07912],[107.41782,-7.07923],[107.42214,-7.07516],[107.4199,-7.06732],[107.42171,-7.06329],[107.41942,-7.05672],[107.42242,-7.05551],[107.42481,-7.05103],[107.4275,-7.05128],[107.43765,-7.04604],[107.43864,-7.04857],[107.44869,-7.04844],[107.45396,-7.05171],[107.46053,-7.05166],[107.46448,-7.05373],[107.46834,-7.05036],[107.47224,-7.05349],[107.47361,-7.05233],[107.47774,-7.05718],[107.47703,-7.05203],[107.47549,-7.05118],[107.47564,-7.04076],[107.48028,-7.03827],[107.48192,-7.03542],[107.48165,-7.02254],[107.47463,-7.01852],[107.47713,-7.01288],[107.47466,-7.00843],[107.47719,-7.00482],[107.46937,-6.99846],[107.47793,-6.99461],[107.48648,-6.99997],[107.48768,-6.99503],[107.48519,-6.9895],[107.48773,-6.97973],[107.49799,-6.97755],[107.50053,-6.98078],[107.50254,-6.98067],[107.50332,-6.98291],[107.5049,-6.98179],[107.50414,-6.97932],[107.50584,-6.97971],[107.50784,-6.97696],[107.50908,-6.97079],[107.51606,-6.95946],[107.52413,-6.95192],[107.52515,-6.94531],[107.53092,-6.94201],[107.53095,-6.93901],[107.52233,-6.93558],[107.52284,-6.9279],[107.52764,-6.91688],[107.54391,-6.91938],[107.54657,-6.92887],[107.56108,-6.94904],[107.58377,-6.96194],[107.61638,-6.96066],[107.62734,-6.96415],[107.63979,-6.96567],[107.64991,-6.96448],[107.66569,-6.96738],[107.69428,-6.9695],[107.70315,-6.96785],[107.71609,-6.96135],[107.71557,-6.95616],[107.71361,-6.95617],[107.71255,-6.95409],[107.71303,-6.94747],[107.71584,-6.94573],[107.71686,-6.94082],[107.72084,-6.93735],[107.72301,-6.9327],[107.7269,-6.91968],[107.72581,-6.91833],[107.72849,-6.91698],[107.72967,-6.91324],[107.73425,-6.90847],[107.73709,-6.90712],[107.73955,-6.90211],[107.73819,-6.89963],[107.73451,-6.89951],[107.73471,-6.89836],[107.72604,-6.89509],[107.7226,-6.89909],[107.71744,-6.89919],[107.71495,-6.90402],[107.71452,-6.89016],[107.70767,-6.8898],[107.70424,-6.89255],[107.7044,-6.89834],[107.70191,-6.89793],[107.70079,-6.90073],[107.70494,-6.90215],[107.70396,-6.90762],[107.69995,-6.90829],[107.69281,-6.90547],[107.69485,-6.90317],[107.69322,-6.90055],[107.69219,-6.9014],[107.68891,-6.89704],[107.68465,-6.8956],[107.68088,-6.88956],[107.67795,-6.89284],[107.6688,-6.89208],[107.67013,-6.88399],[107.66533,-6.89017],[107.66425,-6.88975],[107.66565,-6.88523],[107.66353,-6.88371],[107.6564,-6.89431],[107.64914,-6.89332],[107.64795,-6.89138],[107.64569,-6.89118],[107.6471,-6.88985],[107.64599,-6.88812],[107.64322,-6.89303],[107.63779,-6.88932],[107.63781,-6.88632],[107.63241,-6.8894],[107.63389,-6.88472],[107.62942,-6.88057],[107.63069,-6.87227],[107.6299,-6.87084],[107.6274,-6.87148],[107.6263,-6.8661],[107.62376,-6.86655],[107.6262,-6.86364],[107.62393,-6.86189],[107.62495,-6.85824],[107.62705,-6.85791],[107.62829,-6.85568],[107.6367,-6.85494],[107.63683,-6.85251],[107.63898,-6.85276],[107.64265,-6.85008],[107.64395,-6.84643],[107.65191,-6.84202],[107.65472,-6.83703],[107.65998,-6.83424],[107.66066,-6.83214],[107.67234,-6.83242],[107.67628,-6.83045],[107.6774,-6.8317],[107.67811,-6.83052],[107.67891,-6.83174],[107.6823,-6.83138],[107.68283,-6.83011],[107.68737,-6.83096],[107.68999,-6.82924],[107.68925,-6.83544],[107.69191,-6.83468],[107.69976,-6.83696],[107.7034,-6.84026],[107.70851,-6.83378],[107.71418,-6.83313],[107.71758,-6.83471],[107.72336,-6.83244],[107.72721,-6.83267],[107.72853,-6.82973],[107.73247,-6.82751],[107.73312,-6.82491],[107.73668,-6.82351],[107.7381,-6.81953],[107.74254,-6.81945],[107.74616,-6.81365],[107.75,-6.81284],[107.74551,-6.82399],[107.7447,-6.82833],[107.74619,-6.83384],[107.74224,-6.84288],[107.74378,-6.84654],[107.74155,-6.84853],[107.74099,-6.85487],[107.74313,-6.86111],[107.74429,-6.87583],[107.75098,-6.88509],[107.75285,-6.89573],[107.75806,-6.8971],[107.75885,-6.89919],[107.75924,-6.90344],[107.75775,-6.90552],[107.75907,-6.90659],[107.75764,-6.90988],[107.75943,-6.91274],[107.75851,-6.91451],[107.76008,-6.92061],[107.75689,-6.92885],[107.75794,-6.9367],[107.75479,-6.94354],[107.75566,-6.94821],[107.75296,-6.95206],[107.75288,-6.95524],[107.75882,-6.95525],[107.75991,-6.95279],[107.76394,-6.95439],[107.76398,-6.95154],[107.77042,-6.95488],[107.769,-6.95779],[107.77228,-6.95909],[107.77364,-6.95571],[107.77805,-6.95732],[107.77903,-6.95481],[107.78136,-6.95513],[107.78196,-6.95863],[107.79947,-6.96453],[107.826,-6.96699],[107.8267,-6.97068],[107.82855,-6.97164],[107.83166,-6.96942],[107.8289,-6.96653],[107.83104,-6.96422],[107.83959,-6.96924],[107.84686,-6.96926],[107.85189,-6.96608],[107.85417,-6.96759],[107.86165,-6.96758],[107.8633,-6.96505],[107.86681,-6.96562],[107.86854,-6.96269],[107.87909,-6.96333],[107.88012,-6.96107],[107.88216,-6.96311],[107.88517,-6.96227],[107.88993,-6.96386],[107.89201,-6.95953],[107.90015,-6.95305],[107.90878,-6.95335],[107.91051,-6.95474],[107.91736,-6.95315],[107.91837,-6.9548],[107.91625,-6.96825],[107.90639,-6.96822],[107.90419,-6.97113],[107.8996,-6.97184],[107.89799,-6.97627],[107.89476,-6.97646],[107.88941,-6.9825],[107.89696,-6.98247],[107.90119,-6.987],[107.90482,-6.9872],[107.90642,-6.99022],[107.9089,-7.00879],[107.90575,-7.01095],[107.90717,-7.01823],[107.91009,-7.02321],[107.91007,-7.03592],[107.91476,-7.0368],[107.92396,-7.03314],[107.93463,-7.03515],[107.93446,-7.04005],[107.93843,-7.04378],[107.93631,-7.04294],[107.93049,-7.04535],[107.92579,-7.05025],[107.92762,-7.05214],[107.92374,-7.05336],[107.90785,-7.05333],[107.90149,-7.05474],[107.89897,-7.05274],[107.89728,-7.05594],[107.89196,-7.05055],[107.87717,-7.05253],[107.87127,-7.0564],[107.86515,-7.05638],[107.86282,-7.05888],[107.85616,-7.06073],[107.84929,-7.05901],[107.84686,-7.06408],[107.84049,-7.06704],[107.83804,-7.06659],[107.83479,-7.06937],[107.83693,-7.08515],[107.83384,-7.08993],[107.83034,-7.09221],[107.8272,-7.09188],[107.82678,-7.09434],[107.81968,-7.09565],[107.81765,-7.09772],[107.81112,-7.09801],[107.8099,-7.10198],[107.81088,-7.10987],[107.80777,-7.11574],[107.81172,-7.12672],[107.8115,-7.13655],[107.80724,-7.14288],[107.79824,-7.14883],[107.79657,-7.15321],[107.78832,-7.16152],[107.78443,-7.1611],[107.77782,-7.15408],[107.77378,-7.15604],[107.7712,-7.15975],[107.76923,-7.15714],[107.76475,-7.15568],[107.75965,-7.15793],[107.75056,-7.16867],[107.74087,-7.16913],[107.73669,-7.17342],[107.7342,-7.18202],[107.72919,-7.18604],[107.72115,-7.19837],[107.72062,-7.20365],[107.72243,-7.20467],[107.72532,-7.21187],[107.70711,-7.22745],[107.70832,-7.23088],[107.70621,-7.23791],[107.71096,-7.24906],[107.71967,-7.25082],[107.72101,-7.25495],[107.7271,-7.25724],[107.72773,-7.25881],[107.73419,-7.26031],[107.73772,-7.26416],[107.73723,-7.26748],[107.73903,-7.27182],[107.73682,-7.27566],[107.72228,-7.28949],[107.73098,-7.29449],[107.72654,-7.29791],[107.7241,-7.29726],[107.71698,-7.29959],[107.70866,-7.29599],[107.6965,-7.28231],[107.68772,-7.28643],[107.68361,-7.29064],[107.68017,-7.29156],[107.67709,-7.29047],[107.6676,-7.30115],[107.66402,-7.29819],[107.66606,-7.29734],[107.66549,-7.29454],[107.65767,-7.28977],[107.6523,-7.29413],[107.64631,-7.29542],[107.64074,-7.30109],[107.63115,-7.30174],[107.6277,-7.29902],[107.6206,-7.30694],[107.61209,-7.30976],[107.60763,-7.30927],[107.60482,-7.30783],[107.60165,-7.30003],[107.60382,-7.29638],[107.60367,-7.2932],[107.59923,-7.28295],[107.5966,-7.28328],[107.59259,-7.28058],[107.59075,-7.28166],[107.58216,-7.2767],[107.57802,-7.27153],[107.57742,-7.26735],[107.57443,-7.26669],[107.57363,-7.26271],[107.56982,-7.26013],[107.56647,-7.26048],[107.56188,-7.25699],[107.56186,-7.25445],[107.5574,-7.25145],[107.55275,-7.25159],[107.54996,-7.25553],[107.54596,-7.25745]]]}},{"type":"Feature","properties":{"n":"Kota Adm. Jakarta Utara","p":"DKI Jakarta"},"geometry":{"type":"MultiPolygon","coordinates":[[[[106.88135,-6.16254],[106.87693,-6.16349],[106.85668,-6.15183],[106.84518,-6.15344],[106.84127,-6.15074],[106.84408,-6.14496],[106.83842,-6.14176],[106.83715,-6.14605],[106.83544,-6.14283],[106.83101,-6.14008],[106.8307,-6.13514],[106.81678,-6.13712],[106.8144,-6.1301],[106.80147,-6.1334],[106.80056,-6.14186],[106.77503,-6.14523],[106.77566,-6.14164],[106.7682,-6.14065],[106.75069,-6.1343],[106.73359,-6.12313],[106.72722,-6.11729],[106.71444,-6.09898],[106.71051,-6.09641],[106.71441,-6.09579],[106.71387,-6.09464],[106.71655,-6.09191],[106.72229,-6.09196],[106.72563,-6.08908],[106.72685,-6.09027],[106.72612,-6.09222],[106.73141,-6.09764],[106.73341,-6.09583],[106.73661,-6.09978],[106.73815,-6.09942],[106.74098,-6.10198],[106.75015,-6.09941],[106.75059,-6.10121],[106.7602,-6.1041],[106.76431,-6.10245],[106.76515,-6.09985],[106.7633,-6.10051],[106.76455,-6.099],[106.77115,-6.10384],[106.77215,-6.10228],[106.77224,-6.1046],[106.77437,-6.10524],[106.77659,-6.10371],[106.7745,-6.11008],[106.77666,-6.1083],[106.77658,-6.10604],[106.78448,-6.10958],[106.78562,-6.10807],[106.79041,-6.10803],[106.79415,-6.10489],[106.79449,-6.09812],[106.79679,-6.09709],[106.79603,-6.09397],[106.79712,-6.09523],[106.79605,-6.10811],[106.79764,-6.1089],[106.80034,-6.10567],[106.79869,-6.09679],[106.80029,-6.09662],[106.80242,-6.10223],[106.80445,-6.10189],[106.80353,-6.09452],[106.80705,-6.11528],[106.81183,-6.12267],[106.81203,-6.11928],[106.81311,-6.12066],[106.81647,-6.1199],[106.81721,-6.11487],[106.82567,-6.11603],[106.82565,-6.11735],[106.8282,-6.11745],[106.82898,-6.12138],[106.82907,-6.11848],[106.8306,-6.12107],[106.84268,-6.12107],[106.84229,-6.12263],[106.83928,-6.12243],[106.84054,-6.12387],[106.84322,-6.12358],[106.84632,-6.11933],[106.84788,-6.1204],[106.85738,-6.11629],[106.85872,-6.1147],[106.85776,-6.1137],[106.85318,-6.11665],[106.84954,-6.11745],[106.84883,-6.11709],[106.85524,-6.11481],[106.85415,-6.11252],[106.85584,-6.11046],[106.86084,-6.11016],[106.86137,-6.11464],[106.86315,-6.11409],[106.86353,-6.1153],[106.86392,-6.11157],[106.87293,-6.10435],[106.87205,-6.1085],[106.86462,-6.11355],[106.87173,-6.11049],[106.87022,-6.11474],[106.87151,-6.11558],[106.87467,-6.10359],[106.87673,-6.1018],[106.87596,-6.11053],[106.87738,-6.10676],[106.87745,-6.11044],[106.87857,-6.10993],[106.87879,-6.10234],[106.88022,-6.10243],[106.87876,-6.10146],[106.87953,-6.09431],[106.87962,-6.09856],[106.88269,-6.09481],[106.88228,-6.10638],[106.88378,-6.10643],[106.8842,-6.09603],[106.88645,-6.09611],[106.88669,-6.10655],[106.88796,-6.10657],[106.8883,-6.09721],[106.89101,-6.09731],[106.8915,-6.10688],[106.89273,-6.09737],[106.90515,-6.09786],[106.90522,-6.10702],[106.90698,-6.10848],[106.9073,-6.10432],[106.91046,-6.10385],[106.91039,-6.10167],[106.90795,-6.10171],[106.90946,-6.09891],[106.91409,-6.09865],[106.91404,-6.10005],[106.91886,-6.0991],[106.91962,-6.10437],[106.92131,-6.10376],[106.91976,-6.10282],[106.92069,-6.10028],[106.92558,-6.09854],[106.92608,-6.09955],[106.92672,-6.0975],[106.93926,-6.09605],[106.94107,-6.09831],[106.95239,-6.0966],[106.94644,-6.09658],[106.94786,-6.09048],[106.94861,-6.09551],[106.95073,-6.09547],[106.95033,-6.09002],[106.95468,-6.0896],[106.95511,-6.09501],[106.95754,-6.0975],[106.95891,-6.09366],[106.96731,-6.09295],[106.96787,-6.09144],[106.96658,-6.09192],[106.96634,-6.09192],[106.96789,-6.09127],[106.96773,-6.09051],[106.96786,-6.08876],[106.96806,-6.09117],[106.97004,-6.09072],[106.97109,-6.12475],[106.96959,-6.13271],[106.97258,-6.14618],[106.97097,-6.14654],[106.97151,-6.15433],[106.96098,-6.15573],[106.961,-6.15833],[106.9586,-6.15952],[106.95427,-6.15766],[106.95087,-6.1622],[106.94438,-6.16294],[106.94433,-6.15502],[106.94038,-6.15523],[106.94016,-6.15135],[106.93577,-6.15853],[106.92216,-6.16123],[106.92039,-6.16997],[106.9225,-6.18312],[106.91203,-6.1827],[106.89638,-6.178],[106.891,-6.17313],[106.8789,-6.16642],[106.88135,-6.16254]]],[[[106.79333,-6.10385],[106.79136,-6.10377],[106.79136,-6.10034],[106.79333,-6.10032],[106.79333,-6.10385]]],[[[106.794,-6.09292],[106.7936,-6.09652],[106.79133,-6.09581],[106.79099,-6.10428],[106.79341,-6.10457],[106.79176,-6.10575],[106.79086,-6.10483],[106.79038,-6.10665],[106.79094,-6.09406],[106.794,-6.09292]]],[[[106.79229,-6.09678],[106.79357,-6.09721],[106.79315,-6.09977],[106.79124,-6.09961],[106.79229,-6.09678]]],[[[106.87705,-6.09454],[106.87814,-6.09906],[106.87604,-6.10042],[106.87705,-6.09454]]],[[[106.73407,-6.0818],[106.74063,-6.08736],[106.73659,-6.09534],[106.72875,-6.08807],[106.72981,-6.08541],[106.73407,-6.0818]]],[[[106.7577,-6.07708],[106.75115,-6.09756],[106.74259,-6.09936],[106.73825,-6.09739],[106.74129,-6.08854],[106.74788,-6.08112],[106.75141,-6.07432],[106.7577,-6.07708]]],[[[106.92315,-6.08932],[106.89983,-6.09024],[106.89903,-6.08231],[106.92337,-6.08217],[106.92315,-6.08932]]]]}},{"type":"Feature","properties":{"n":"Jepara","p":"Jawa Tengah"},"geometry":{"type":"MultiPolygon","coordinates":[[[[110.63514,-6.71032],[110.62199,-6.70818],[110.6216,-6.7114],[110.61535,-6.71608],[110.61098,-6.71682],[110.60951,-6.72002],[110.60593,-6.72073],[110.60445,-6.72474],[110.60059,-6.72445],[110.5984,-6.72681],[110.5943,-6.7245],[110.60938,-6.7143],[110.61485,-6.70776],[110.618,-6.7084],[110.61596,-6.70377],[110.62829,-6.68877],[110.64648,-6.65355],[110.64654,-6.64449],[110.64433,-6.64454],[110.64387,-6.64121],[110.64048,-6.63834],[110.63997,-6.63387],[110.6376,-6.63097],[110.63819,-6.61884],[110.63976,-6.61737],[110.64624,-6.61793],[110.65316,-6.60951],[110.65516,-6.59642],[110.65368,-6.5923],[110.64784,-6.59083],[110.64717,-6.59203],[110.64728,-6.59041],[110.64386,-6.58747],[110.64382,-6.58473],[110.64506,-6.58317],[110.64793,-6.58574],[110.65458,-6.58476],[110.65869,-6.58083],[110.66178,-6.57377],[110.65958,-6.56849],[110.65636,-6.56667],[110.65499,-6.56368],[110.65098,-6.56165],[110.64968,-6.55904],[110.64592,-6.55898],[110.64435,-6.55668],[110.64661,-6.55337],[110.65091,-6.55471],[110.65346,-6.55369],[110.65598,-6.54427],[110.65985,-6.54564],[110.66472,-6.54234],[110.66592,-6.54071],[110.66545,-6.53249],[110.67122,-6.53618],[110.67728,-6.53372],[110.68075,-6.52897],[110.68299,-6.5216],[110.68211,-6.51357],[110.67873,-6.51178],[110.67431,-6.51303],[110.66892,-6.51146],[110.66616,-6.50894],[110.66425,-6.50264],[110.66675,-6.50176],[110.67244,-6.50317],[110.67336,-6.50006],[110.67199,-6.49851],[110.67673,-6.49632],[110.68406,-6.49687],[110.68737,-6.49984],[110.691,-6.49813],[110.6916,-6.4945],[110.68968,-6.48849],[110.69226,-6.48581],[110.69508,-6.48562],[110.7027,-6.47494],[110.70724,-6.47551],[110.7113,-6.47234],[110.71392,-6.46756],[110.71265,-6.46532],[110.71367,-6.45839],[110.71812,-6.45221],[110.7237,-6.44774],[110.73049,-6.44495],[110.73256,-6.44592],[110.73501,-6.44332],[110.75777,-6.44162],[110.77572,-6.43249],[110.78526,-6.42564],[110.80015,-6.42756],[110.81523,-6.42507],[110.82462,-6.41924],[110.83823,-6.4071],[110.83996,-6.40889],[110.84024,-6.40735],[110.84462,-6.40849],[110.86259,-6.40652],[110.86822,-6.40856],[110.88469,-6.40948],[110.90126,-6.40442],[110.91477,-6.40507],[110.91802,-6.40283],[110.92075,-6.40615],[110.93203,-6.40965],[110.93766,-6.40848],[110.95206,-6.41164],[110.96913,-6.41023],[110.97515,-6.41591],[110.97618,-6.42347],[110.97391,-6.42807],[110.97216,-6.42836],[110.97183,-6.43031],[110.97412,-6.43098],[110.97175,-6.43296],[110.97395,-6.43331],[110.9737,-6.43524],[110.97664,-6.43524],[110.97701,-6.43724],[110.97291,-6.44008],[110.9739,-6.4414],[110.97195,-6.44493],[110.9739,-6.44597],[110.97238,-6.44682],[110.97123,-6.45319],[110.97387,-6.45565],[110.96978,-6.45796],[110.97074,-6.45997],[110.96881,-6.46078],[110.96875,-6.46402],[110.96553,-6.46227],[110.96522,-6.46473],[110.96204,-6.46701],[110.957,-6.46725],[110.95616,-6.46977],[110.95811,-6.47042],[110.95369,-6.47339],[110.95489,-6.47529],[110.94967,-6.48016],[110.94994,-6.48201],[110.94642,-6.4827],[110.94288,-6.48682],[110.94258,-6.48498],[110.94103,-6.48559],[110.93709,-6.48346],[110.93434,-6.49095],[110.92942,-6.49583],[110.91466,-6.49589],[110.91256,-6.49966],[110.9123,-6.50713],[110.90989,-6.51212],[110.91103,-6.51816],[110.90872,-6.52059],[110.91024,-6.52252],[110.90834,-6.52489],[110.91405,-6.52862],[110.91778,-6.54026],[110.91357,-6.54186],[110.9118,-6.54456],[110.91114,-6.55133],[110.90857,-6.55721],[110.91063,-6.56955],[110.90612,-6.58337],[110.91,-6.59008],[110.912,-6.60066],[110.90801,-6.60641],[110.90787,-6.61412],[110.90329,-6.61912],[110.90237,-6.62648],[110.89223,-6.62283],[110.88937,-6.61744],[110.88297,-6.61942],[110.87904,-6.61804],[110.87291,-6.62005],[110.86773,-6.61924],[110.86228,-6.62383],[110.8594,-6.62786],[110.85934,-6.63638],[110.85529,-6.64178],[110.85384,-6.64905],[110.85006,-6.65456],[110.85283,-6.6632],[110.84323,-6.66822],[110.83886,-6.68074],[110.83322,-6.68907],[110.83672,-6.69218],[110.83595,-6.69663],[110.83913,-6.69967],[110.83786,-6.70076],[110.83907,-6.70294],[110.82534,-6.7037],[110.82054,-6.70772],[110.82316,-6.71597],[110.82715,-6.72129],[110.82453,-6.73168],[110.82233,-6.73276],[110.82944,-6.73861],[110.83131,-6.73648],[110.83691,-6.73795],[110.83049,-6.75],[110.82916,-6.75645],[110.81679,-6.74805],[110.80178,-6.75438],[110.79814,-6.75852],[110.79668,-6.7558],[110.79221,-6.75436],[110.79082,-6.75837],[110.78828,-6.75772],[110.78645,-6.76157],[110.78213,-6.76222],[110.78147,-6.76393],[110.77698,-6.76391],[110.76763,-6.77012],[110.76532,-6.78369],[110.76202,-6.78426],[110.75832,-6.79422],[110.75482,-6.79323],[110.75057,-6.79634],[110.74864,-6.7947],[110.74412,-6.79561],[110.73981,-6.79361],[110.73625,-6.79399],[110.73346,-6.79167],[110.72944,-6.79333],[110.71989,-6.78865],[110.71486,-6.79229],[110.71312,-6.78899],[110.71097,-6.78933],[110.70955,-6.79236],[110.70504,-6.79484],[110.70119,-6.78792],[110.70135,-6.7849],[110.69864,-6.78259],[110.69979,-6.77693],[110.6941,-6.77509],[110.69495,-6.76843],[110.69063,-6.76916],[110.68668,-6.76633],[110.68426,-6.77026],[110.67878,-6.76712],[110.67746,-6.76285],[110.67197,-6.76703],[110.66693,-6.76453],[110.67009,-6.76071],[110.66909,-6.75795],[110.66461,-6.75603],[110.66932,-6.75277],[110.67016,-6.74976],[110.66996,-6.74662],[110.66599,-6.74058],[110.66981,-6.736],[110.67151,-6.72699],[110.67103,-6.72232],[110.66916,-6.72001],[110.66441,-6.7168],[110.65426,-6.71515],[110.64876,-6.71617],[110.64519,-6.71301],[110.63849,-6.71315],[110.63514,-6.71032]]],[[[110.62592,-6.57352],[110.62993,-6.57399],[110.63112,-6.57775],[110.62511,-6.57531],[110.62592,-6.57352]]],[[[110.40587,-5.89647],[110.40616,-5.89174],[110.41094,-5.88523],[110.41204,-5.88841],[110.41119,-5.89295],[110.40587,-5.89647]]],[[[110.34224,-5.89004],[110.34416,-5.8907],[110.34446,-5.89115],[110.34297,-5.89145],[110.34224,-5.89004]]],[[[110.42908,-5.88339],[110.43423,-5.89211],[110.4334,-5.89662],[110.43078,-5.89281],[110.42787,-5.8923],[110.42576,-5.88747],[110.42244,-5.88758],[110.42634,-5.88513],[110.42618,-5.88155],[110.42908,-5.88339]]],[[[110.3584,-5.87282],[110.35686,-5.87859],[110.35383,-5.88023],[110.35519,-5.87429],[110.3584,-5.87282]]],[[[110.45496,-5.87338],[110.45516,-5.87297],[110.45557,-5.87305],[110.45496,-5.87338]]],[[[110.58485,-5.86625],[110.58013,-5.86167],[110.5798,-5.85982],[110.586,-5.86216],[110.5865,-5.86533],[110.58485,-5.86625]]],[[[110.23265,-5.8623],[110.23135,-5.86353],[110.23002,-5.86281],[110.23168,-5.86184],[110.23265,-5.8623]]],[[[110.46345,-5.82513],[110.46912,-5.82996],[110.46831,-5.83158],[110.47327,-5.83832],[110.47436,-5.84271],[110.47703,-5.84438],[110.4746,-5.84423],[110.47363,-5.84858],[110.47767,-5.8543],[110.47557,-5.85385],[110.47461,-5.85638],[110.47267,-5.85441],[110.46806,-5.85491],[110.46554,-5.85783],[110.46562,-5.86272],[110.4642,-5.8623],[110.46427,-5.86366],[110.46217,-5.86266],[110.45329,-5.86607],[110.44705,-5.8631],[110.44913,-5.86962],[110.44608,-5.87649],[110.44953,-5.88445],[110.44873,-5.88958],[110.446,-5.88605],[110.44078,-5.88312],[110.43981,-5.88436],[110.4398,-5.88245],[110.43602,-5.88032],[110.43133,-5.8818],[110.43259,-5.87593],[110.43397,-5.87559],[110.42948,-5.862],[110.43205,-5.85941],[110.41782,-5.84379],[110.41259,-5.84217],[110.41084,-5.83982],[110.41586,-5.83798],[110.42116,-5.83857],[110.43557,-5.83411],[110.44506,-5.83443],[110.45443,-5.8302],[110.46006,-5.82527],[110.46345,-5.82513]]],[[[110.60646,-5.84215],[110.60792,-5.84971],[110.60519,-5.85646],[110.60446,-5.86346],[110.6011,-5.86686],[110.59838,-5.86404],[110.6018,-5.84229],[110.60347,-5.83923],[110.60646,-5.84215]]],[[[110.24057,-5.8488],[110.23967,-5.85043],[110.23885,-5.84991],[110.23898,-5.84812],[110.24057,-5.8488]]],[[[110.58697,-5.84335],[110.58505,-5.84558],[110.5828,-5.84552],[110.58697,-5.84335]]],[[[110.37849,-5.83284],[110.37894,-5.83097],[110.37988,-5.83043],[110.37849,-5.83284]]],[[[110.50812,-5.82245],[110.5083,-5.82003],[110.50902,-5.81961],[110.50812,-5.82245]]],[[[110.19087,-5.80939],[110.19712,-5.81582],[110.19545,-5.81726],[110.18692,-5.81988],[110.18137,-5.81747],[110.18756,-5.81],[110.19087,-5.80939]]],[[[110.45854,-5.81131],[110.4587,-5.81132],[110.45845,-5.81161],[110.45854,-5.81131]]],[[[110.5081,-5.81039],[110.50732,-5.80872],[110.50805,-5.80749],[110.50919,-5.80964],[110.5081,-5.81039]]],[[[110.37584,-5.80427],[110.37493,-5.80712],[110.37317,-5.80779],[110.37584,-5.80427]]],[[[110.48301,-5.77003],[110.48676,-5.77142],[110.48417,-5.77351],[110.48219,-5.78112],[110.47612,-5.78718],[110.47491,-5.79328],[110.47818,-5.7991],[110.48189,-5.79931],[110.48414,-5.80276],[110.4868,-5.80227],[110.48915,-5.80745],[110.48731,-5.81167],[110.49506,-5.81792],[110.49031,-5.8224],[110.48295,-5.8238],[110.48374,-5.8277],[110.48171,-5.83088],[110.48506,-5.83458],[110.48488,-5.83703],[110.48099,-5.83445],[110.47043,-5.83166],[110.46872,-5.82928],[110.46407,-5.82548],[110.47575,-5.81943],[110.47975,-5.81172],[110.47941,-5.80668],[110.47285,-5.79776],[110.47105,-5.79837],[110.47655,-5.80591],[110.4766,-5.81433],[110.46947,-5.81482],[110.4672,-5.81268],[110.47072,-5.80789],[110.46884,-5.80473],[110.46516,-5.8124],[110.46403,-5.81331],[110.46115,-5.81205],[110.46134,-5.80061],[110.46005,-5.80129],[110.45931,-5.80749],[110.45684,-5.80804],[110.4584,-5.80952],[110.45726,-5.8135],[110.45408,-5.81623],[110.44984,-5.81369],[110.45128,-5.81135],[110.45089,-5.80678],[110.45427,-5.80216],[110.45837,-5.80084],[110.46432,-5.79558],[110.47792,-5.77403],[110.48301,-5.77003]]],[[[110.55538,-5.80427],[110.55534,-5.80209],[110.56098,-5.79825],[110.55706,-5.80309],[110.55538,-5.80427]]],[[[110.16439,-5.80128],[110.16343,-5.7998],[110.16425,-5.79961],[110.16439,-5.80128]]],[[[110.45433,-5.79795],[110.45548,-5.79771],[110.45675,-5.79854],[110.45554,-5.79875],[110.45433,-5.79795]]],[[[110.34574,-5.79885],[110.34302,-5.79939],[110.34256,-5.79773],[110.34594,-5.79432],[110.34748,-5.79615],[110.34574,-5.79885]]],[[[110.57795,-5.78965],[110.57796,-5.78798],[110.57919,-5.78976],[110.57795,-5.78965]]],[[[110.51024,-5.77999],[110.5146,-5.78321],[110.51391,-5.78566],[110.51001,-5.78268],[110.51024,-5.77999]]],[[[110.23964,-5.76878],[110.23523,-5.77035],[110.23464,-5.77027],[110.23881,-5.76701],[110.23964,-5.76878]]],[[[110.25011,-5.72592],[110.25173,-5.72778],[110.25258,-5.73541],[110.24863,-5.73734],[110.24835,-5.74194],[110.25119,-5.75092],[110.25536,-5.7553],[110.24573,-5.76256],[110.24496,-5.75706],[110.23514,-5.7434],[110.23594,-5.74103],[110.23183,-5.73773],[110.24115,-5.73475],[110.24108,-5.72921],[110.2457,-5.73148],[110.24768,-5.73088],[110.25011,-5.72592]]],[[[110.18796,-5.73602],[110.19185,-5.74052],[110.19196,-5.74335],[110.19038,-5.73929],[110.18587,-5.73794],[110.18796,-5.73602]]],[[[110.41287,-5.73612],[110.4129,-5.74136],[110.41058,-5.74524],[110.40825,-5.74599],[110.40356,-5.73323],[110.40843,-5.73358],[110.40989,-5.73111],[110.41287,-5.73612]]],[[[110.40319,-5.73136],[110.40278,-5.73279],[110.4023,-5.73172],[110.40319,-5.73136]]],[[[110.41044,-5.73069],[110.41089,-5.73127],[110.4107,-5.7315],[110.41044,-5.73069]]],[[[110.9197,-6.38481],[110.91939,-6.38249],[110.9234,-6.38104],[110.92314,-6.38224],[110.9197,-6.38481]]]]}},{"type":"Feature","properties":{"n":"Tegal","p":"Jawa Tengah"},"geometry":{"type":"Polygon","coordinates":[[[109.08734,-7.19861],[109.08191,-7.19843],[109.07745,-7.20149],[109.07474,-7.20123],[109.07118,-7.19736],[109.06546,-7.19621],[109.0586,-7.19245],[109.05559,-7.18616],[109.06505,-7.17132],[109.0713,-7.16481],[109.07378,-7.15929],[109.08016,-7.15665],[109.08385,-7.14941],[109.08309,-7.1395],[109.07692,-7.13628],[109.0741,-7.12881],[109.06921,-7.12697],[109.06685,-7.12765],[109.06103,-7.12377],[109.05816,-7.12428],[109.05966,-7.12797],[109.05611,-7.13459],[109.06035,-7.14196],[109.05798,-7.14915],[109.055,-7.15031],[109.04644,-7.14982],[109.04282,-7.1439],[109.03679,-7.14056],[109.02631,-7.14294],[109.02326,-7.14136],[109.01815,-7.14393],[109.01093,-7.13613],[109.00683,-7.13602],[109.00407,-7.14063],[109.00124,-7.14194],[108.99268,-7.13572],[108.98926,-7.13854],[108.98516,-7.13776],[108.98552,-7.1394],[108.98251,-7.14042],[108.97609,-7.13784],[108.97301,-7.14814],[108.96586,-7.1509],[108.96254,-7.14773],[108.96043,-7.14105],[108.95128,-7.12693],[108.95238,-7.12352],[108.9559,-7.12223],[108.96757,-7.12646],[108.96767,-7.12147],[108.97923,-7.12052],[108.97922,-7.11256],[108.98062,-7.1109],[108.98334,-7.11235],[108.98448,-7.11133],[108.98507,-7.10591],[108.98034,-7.10372],[108.98146,-7.10032],[108.98486,-7.09905],[108.98577,-7.09583],[108.98356,-7.09218],[108.97922,-7.09092],[108.97793,-7.08696],[108.9784,-7.07769],[108.97715,-7.0751],[108.9694,-7.06909],[108.9678,-7.0645],[108.96929,-7.06044],[108.98771,-7.06057],[108.99005,-7.05632],[108.99365,-7.05463],[108.9951,-7.05101],[109.00038,-7.04906],[109.00214,-7.0426],[109.00411,-7.04113],[109.01096,-7.04539],[109.01326,-7.04455],[109.01594,-7.04661],[109.01588,-7.04837],[109.01832,-7.0479],[109.02198,-7.04398],[109.0246,-7.04465],[109.02612,-7.03749],[109.01848,-7.02451],[109.02737,-7.0026],[109.02915,-7.00113],[109.02907,-6.99311],[109.02733,-6.99167],[109.02938,-6.99072],[109.03002,-6.98767],[109.03339,-6.98667],[109.03282,-6.98406],[109.04529,-6.98676],[109.04839,-6.98092],[109.04807,-6.9787],[109.05341,-6.97565],[109.05455,-6.97731],[109.05842,-6.97739],[109.06597,-6.97536],[109.0693,-6.98848],[109.06915,-6.99105],[109.06658,-6.99396],[109.0707,-6.99555],[109.07508,-6.99434],[109.07059,-6.97246],[109.07686,-6.96225],[109.07506,-6.95194],[109.07795,-6.94487],[109.07812,-6.93561],[109.08118,-6.93213],[109.0823,-6.92731],[109.08032,-6.9214],[109.07604,-6.92059],[109.07457,-6.91274],[109.07587,-6.9074],[109.07328,-6.90002],[109.07325,-6.89245],[109.07636,-6.88918],[109.08112,-6.88945],[109.08465,-6.88784],[109.09662,-6.88874],[109.1025,-6.89015],[109.10258,-6.8924],[109.10778,-6.89328],[109.10761,-6.89669],[109.11108,-6.89772],[109.1109,-6.8989],[109.11793,-6.89914],[109.1178,-6.89796],[109.12527,-6.89869],[109.12673,-6.89577],[109.1303,-6.89535],[109.13259,-6.89218],[109.13284,-6.88524],[109.14655,-6.88844],[109.14794,-6.88203],[109.14673,-6.87883],[109.15033,-6.86503],[109.15266,-6.86331],[109.1535,-6.85749],[109.16226,-6.84453],[109.17929,-6.85579],[109.18831,-6.85951],[109.18968,-6.85822],[109.19247,-6.86089],[109.19491,-6.85854],[109.19476,-6.85973],[109.20026,-6.86212],[109.21291,-6.86441],[109.22455,-6.86304],[109.2425,-6.86874],[109.26407,-6.87253],[109.26767,-6.87267],[109.26853,-6.87094],[109.27354,-6.87342],[109.30373,-6.87245],[109.31635,-6.87027],[109.34363,-6.86172],[109.351,-6.86169],[109.3521,-6.86859],[109.35808,-6.86664],[109.3601,-6.87766],[109.35851,-6.87956],[109.35931,-6.88242],[109.35674,-6.88291],[109.35394,-6.88706],[109.35571,-6.88804],[109.35591,-6.89219],[109.35416,-6.8923],[109.35248,-6.88979],[109.3501,-6.89176],[109.34756,-6.89139],[109.34559,-6.8952],[109.34871,-6.89742],[109.34075,-6.90134],[109.33953,-6.90257],[109.34094,-6.90336],[109.34051,-6.90531],[109.33752,-6.90373],[109.33636,-6.90476],[109.33733,-6.90745],[109.33611,-6.90904],[109.33795,-6.91203],[109.3355,-6.91044],[109.33471,-6.91361],[109.33215,-6.91496],[109.33388,-6.9168],[109.33197,-6.9167],[109.33211,-6.91889],[109.3288,-6.92118],[109.3289,-6.92323],[109.32531,-6.92542],[109.32657,-6.92621],[109.32605,-6.92844],[109.32843,-6.92695],[109.3282,-6.92882],[109.33053,-6.92942],[109.32661,-6.93492],[109.33039,-6.93622],[109.33127,-6.93427],[109.33331,-6.93622],[109.33326,-6.93892],[109.33149,-6.93995],[109.33448,-6.94587],[109.33167,-6.94623],[109.33167,-6.95026],[109.32929,-6.95496],[109.33146,-6.95728],[109.33281,-6.95457],[109.33602,-6.95644],[109.33183,-6.95821],[109.33132,-6.96394],[109.32959,-6.96356],[109.32946,-6.96072],[109.32237,-6.96338],[109.3254,-6.96506],[109.32554,-6.9671],[109.32368,-6.96897],[109.32279,-6.96655],[109.32037,-6.96599],[109.32231,-6.96974],[109.32116,-6.97292],[109.31655,-6.96748],[109.31669,-6.97391],[109.31935,-6.97661],[109.3162,-6.97937],[109.31516,-6.98486],[109.31175,-6.98859],[109.30163,-6.98787],[109.30141,-6.99063],[109.29391,-6.99366],[109.28971,-6.99816],[109.28882,-7.00019],[109.29157,-7.00314],[109.28809,-7.00344],[109.28842,-7.00619],[109.28595,-7.0087],[109.28878,-7.01321],[109.28653,-7.01778],[109.28777,-7.02125],[109.28247,-7.02394],[109.28285,-7.03192],[109.27879,-7.03294],[109.2758,-7.03734],[109.27727,-7.04092],[109.27486,-7.05043],[109.27561,-7.05284],[109.27233,-7.05677],[109.26657,-7.05892],[109.26422,-7.05821],[109.26166,-7.06079],[109.2536,-7.0636],[109.25244,-7.06732],[109.24966,-7.06853],[109.25,-7.07208],[109.24477,-7.07284],[109.24528,-7.07495],[109.2414,-7.07305],[109.23744,-7.07447],[109.23643,-7.07764],[109.23478,-7.07741],[109.23473,-7.08088],[109.23176,-7.08314],[109.2325,-7.08519],[109.23006,-7.08484],[109.2307,-7.08927],[109.22897,-7.09026],[109.23047,-7.09195],[109.22827,-7.09163],[109.22891,-7.09321],[109.22733,-7.09391],[109.22797,-7.09673],[109.2262,-7.09804],[109.22666,-7.10121],[109.22505,-7.10198],[109.22481,-7.10797],[109.22145,-7.11883],[109.22,-7.11932],[109.22027,-7.12294],[109.2185,-7.12331],[109.21525,-7.12965],[109.2089,-7.12916],[109.20321,-7.13118],[109.19645,-7.13034],[109.18722,-7.1366],[109.18767,-7.14022],[109.1946,-7.14464],[109.19339,-7.15009],[109.18746,-7.15618],[109.18955,-7.16327],[109.19441,-7.16901],[109.19682,-7.16882],[109.19803,-7.17064],[109.19658,-7.18272],[109.19938,-7.19227],[109.19826,-7.19652],[109.20058,-7.20448],[109.19995,-7.22444],[109.21391,-7.23504],[109.21004,-7.23527],[109.20593,-7.2392],[109.20423,-7.24616],[109.19687,-7.24977],[109.18799,-7.2466],[109.18589,-7.2412],[109.18152,-7.23715],[109.17997,-7.23334],[109.17342,-7.2313],[109.16707,-7.23294],[109.16156,-7.24076],[109.15272,-7.24246],[109.14977,-7.24165],[109.14565,-7.23867],[109.14061,-7.23759],[109.13697,-7.23181],[109.13232,-7.23052],[109.12863,-7.22517],[109.12023,-7.22051],[109.1133,-7.21155],[109.10945,-7.21391],[109.10691,-7.21132],[109.09663,-7.20942],[109.0927,-7.20248],[109.08734,-7.19861]]]}},{"type":"Feature","properties":{"n":"Brebes","p":"Jawa Tengah"},"geometry":{"type":"Polygon","coordinates":[[[108.80889,-7.20503],[108.78717,-7.20978],[108.78278,-7.20891],[108.77698,-7.20502],[108.77488,-7.20275],[108.77516,-7.1985],[108.76414,-7.19953],[108.75444,-7.19597],[108.74622,-7.19989],[108.73534,-7.19522],[108.72411,-7.19524],[108.71763,-7.17891],[108.71235,-7.17667],[108.71121,-7.17324],[108.70514,-7.16758],[108.69884,-7.16839],[108.6931,-7.15958],[108.69374,-7.15285],[108.7063,-7.14338],[108.70867,-7.13929],[108.7124,-7.13802],[108.71612,-7.12842],[108.72341,-7.12398],[108.72345,-7.11866],[108.72602,-7.11518],[108.76729,-7.11327],[108.76929,-7.1106],[108.77085,-7.10058],[108.77855,-7.09462],[108.77357,-7.09062],[108.77444,-7.08326],[108.77785,-7.07617],[108.78184,-7.07307],[108.78286,-7.06935],[108.78469,-7.06954],[108.78299,-7.06458],[108.78469,-7.06116],[108.78345,-7.06028],[108.78749,-7.0561],[108.78232,-7.05378],[108.77988,-7.04619],[108.7764,-7.04382],[108.77634,-7.03884],[108.77876,-7.03438],[108.79207,-7.03158],[108.79533,-7.01785],[108.79202,-7.00311],[108.78104,-6.9976],[108.77783,-6.99293],[108.77423,-6.9921],[108.77,-6.99354],[108.76696,-6.99058],[108.76026,-6.98788],[108.76027,-6.98583],[108.75802,-6.98418],[108.76122,-6.97858],[108.76053,-6.9729],[108.76296,-6.97099],[108.75989,-6.9684],[108.76283,-6.96213],[108.76172,-6.96127],[108.75967,-6.96343],[108.75718,-6.95784],[108.7595,-6.95851],[108.7587,-6.95324],[108.76159,-6.95367],[108.76258,-6.95193],[108.76079,-6.95034],[108.76345,-6.9398],[108.76049,-6.93822],[108.76172,-6.93367],[108.75845,-6.93322],[108.75282,-6.92063],[108.75597,-6.91521],[108.76099,-6.91181],[108.75827,-6.90716],[108.75876,-6.90526],[108.76698,-6.90152],[108.7661,-6.89863],[108.76141,-6.898],[108.76124,-6.89612],[108.76482,-6.89445],[108.77136,-6.89524],[108.77065,-6.88951],[108.77466,-6.88955],[108.77596,-6.88776],[108.77243,-6.88542],[108.77203,-6.88316],[108.77868,-6.88428],[108.78038,-6.88328],[108.77802,-6.87774],[108.77869,-6.8748],[108.78091,-6.87583],[108.78293,-6.88438],[108.78501,-6.88472],[108.78526,-6.88005],[108.78694,-6.87808],[108.79292,-6.88014],[108.79404,-6.87505],[108.79781,-6.87309],[108.79788,-6.86851],[108.8024,-6.86855],[108.80316,-6.86394],[108.8084,-6.85682],[108.81801,-6.83614],[108.8247,-6.83226],[108.82544,-6.80279],[108.82692,-6.80139],[108.83118,-6.80217],[108.83266,-6.80055],[108.83139,-6.79596],[108.82736,-6.79342],[108.82813,-6.78748],[108.8308,-6.78495],[108.82971,-6.78622],[108.83207,-6.78774],[108.83052,-6.79116],[108.84027,-6.79717],[108.84769,-6.80832],[108.84865,-6.8132],[108.84583,-6.81465],[108.84842,-6.81868],[108.86421,-6.81429],[108.8609,-6.8123],[108.86343,-6.81121],[108.86537,-6.80773],[108.86845,-6.80671],[108.8722,-6.80837],[108.87294,-6.80731],[108.8732,-6.80902],[108.87745,-6.80869],[108.87836,-6.81216],[108.88011,-6.81006],[108.88249,-6.81187],[108.88367,-6.81117],[108.88739,-6.81444],[108.8887,-6.81212],[108.88956,-6.81359],[108.89258,-6.8126],[108.89968,-6.81553],[108.90244,-6.81459],[108.9033,-6.81633],[108.91359,-6.81623],[108.92728,-6.82309],[108.92943,-6.82591],[108.93165,-6.82436],[108.94741,-6.82483],[108.96156,-6.81848],[108.96899,-6.81023],[108.96899,-6.80559],[108.98077,-6.80653],[108.99042,-6.8027],[108.99071,-6.80535],[108.99124,-6.80362],[108.99343,-6.80448],[108.99518,-6.79796],[108.99678,-6.79781],[108.99876,-6.79921],[108.99848,-6.80287],[109.00622,-6.80534],[109.00917,-6.80194],[109.01002,-6.80484],[109.01245,-6.80518],[109.01255,-6.80273],[109.01405,-6.80311],[109.01595,-6.80047],[109.0157,-6.79416],[109.01809,-6.79409],[109.0186,-6.78918],[109.01931,-6.78651],[109.02081,-6.78379],[109.02136,-6.78551],[109.01923,-6.78829],[109.02126,-6.78893],[109.02146,-6.79249],[109.02467,-6.79317],[109.02424,-6.79517],[109.03143,-6.79434],[109.03814,-6.80091],[109.04392,-6.80252],[109.04528,-6.79484],[109.04356,-6.7913],[109.04149,-6.79055],[109.03763,-6.78513],[109.04292,-6.79011],[109.05307,-6.79018],[109.05509,-6.77662],[109.05752,-6.77679],[109.05923,-6.77453],[109.05942,-6.77051],[109.0614,-6.76946],[109.06634,-6.75851],[109.06761,-6.75906],[109.07027,-6.76558],[109.06431,-6.76691],[109.06703,-6.77112],[109.06446,-6.77382],[109.06743,-6.78222],[109.06647,-6.78784],[109.06465,-6.78979],[109.06722,-6.78874],[109.07087,-6.78271],[109.07343,-6.77404],[109.07936,-6.76894],[109.08066,-6.77187],[109.07572,-6.78367],[109.07973,-6.77634],[109.08611,-6.77307],[109.08048,-6.7776],[109.08651,-6.77444],[109.081,-6.78021],[109.08676,-6.77993],[109.08766,-6.78212],[109.07943,-6.78416],[109.07771,-6.78854],[109.07466,-6.79075],[109.07353,-6.79594],[109.07861,-6.79761],[109.07302,-6.79663],[109.06757,-6.80083],[109.06649,-6.80351],[109.06796,-6.80579],[109.06517,-6.80896],[109.06808,-6.8092],[109.07414,-6.82056],[109.07986,-6.81608],[109.09168,-6.8316],[109.10213,-6.84023],[109.0819,-6.85891],[109.0812,-6.8715],[109.07574,-6.87529],[109.07496,-6.88115],[109.07763,-6.88738],[109.07308,-6.89322],[109.07328,-6.90002],[109.07587,-6.9074],[109.07459,-6.91325],[109.0761,-6.92071],[109.08032,-6.9214],[109.0823,-6.92731],[109.08118,-6.93213],[109.07812,-6.93561],[109.07795,-6.94487],[109.07506,-6.95194],[109.07686,-6.96225],[109.07059,-6.97246],[109.07508,-6.99434],[109.0707,-6.99555],[109.06658,-6.99396],[109.06915,-6.99105],[109.0693,-6.98848],[109.06597,-6.97536],[109.05842,-6.97739],[109.05455,-6.97731],[109.05341,-6.97565],[109.04807,-6.9787],[109.04839,-6.98092],[109.04529,-6.98676],[109.03282,-6.98406],[109.03339,-6.98667],[109.03002,-6.98767],[109.02938,-6.99072],[109.02733,-6.99167],[109.02907,-6.99311],[109.02915,-7.00113],[109.02737,-7.0026],[109.01848,-7.02451],[109.02612,-7.03749],[109.0246,-7.04465],[109.02198,-7.04398],[109.01832,-7.0479],[109.01588,-7.04837],[109.01594,-7.04661],[109.01326,-7.04455],[109.01096,-7.04539],[109.00411,-7.04113],[109.00214,-7.0426],[109.00038,-7.04906],[108.9951,-7.05101],[108.99365,-7.05463],[108.99005,-7.05632],[108.98771,-7.06057],[108.96929,-7.06044],[108.9678,-7.0645],[108.9694,-7.06909],[108.97715,-7.0751],[108.9784,-7.07769],[108.97793,-7.08696],[108.97922,-7.09092],[108.98356,-7.09218],[108.98577,-7.09583],[108.98486,-7.09905],[108.98146,-7.10032],[108.98034,-7.10372],[108.98507,-7.10591],[108.98448,-7.11133],[108.98334,-7.11235],[108.98062,-7.1109],[108.97922,-7.11256],[108.97923,-7.12052],[108.96767,-7.12147],[108.96757,-7.12646],[108.9559,-7.12223],[108.95238,-7.12352],[108.95134,-7.12749],[108.96043,-7.14105],[108.96254,-7.14773],[108.96586,-7.1509],[108.97301,-7.14814],[108.97609,-7.13784],[108.98251,-7.14042],[108.98552,-7.1394],[108.98516,-7.13776],[108.98926,-7.13854],[108.99268,-7.13572],[109.00124,-7.14194],[109.00407,-7.14063],[109.00683,-7.13602],[109.01093,-7.13613],[109.01815,-7.14393],[109.02326,-7.14136],[109.02631,-7.14294],[109.03679,-7.14056],[109.04282,-7.1439],[109.04644,-7.14982],[109.05651,-7.15],[109.0587,-7.148],[109.06035,-7.14196],[109.05611,-7.13459],[109.05966,-7.12797],[109.05816,-7.12428],[109.06103,-7.12377],[109.06685,-7.12765],[109.07248,-7.128],[109.075,-7.12995],[109.07496,-7.13357],[109.07692,-7.13628],[109.08309,-7.1395],[109.08434,-7.14768],[109.08155,-7.15511],[109.07797,-7.15855],[109.07378,-7.15929],[109.07074,-7.16561],[109.05571,-7.18487],[109.05757,-7.19157],[109.06546,-7.19621],[109.07118,-7.19736],[109.07474,-7.20123],[109.07745,-7.20149],[109.08191,-7.19843],[109.08868,-7.19885],[109.0927,-7.20248],[109.09663,-7.20942],[109.10691,-7.21132],[109.10945,-7.21391],[109.1133,-7.21155],[109.12035,-7.22061],[109.12863,-7.22517],[109.13232,-7.23052],[109.13697,-7.23181],[109.14061,-7.23759],[109.14565,-7.23867],[109.14747,-7.24076],[109.15259,-7.24246],[109.15986,-7.24141],[109.16423,-7.2379],[109.16707,-7.23294],[109.17459,-7.23151],[109.17997,-7.23334],[109.18152,-7.23715],[109.18589,-7.2412],[109.18799,-7.2466],[109.1969,-7.24975],[109.17869,-7.26289],[109.16725,-7.26826],[109.16513,-7.27121],[109.15788,-7.26763],[109.14697,-7.26651],[109.14121,-7.26987],[109.13971,-7.27427],[109.13749,-7.2756],[109.12311,-7.27549],[109.1232,-7.27826],[109.13059,-7.2823],[109.12608,-7.28526],[109.12541,-7.28329],[109.1232,-7.28339],[109.11835,-7.29177],[109.11879,-7.2966],[109.11564,-7.29673],[109.11529,-7.29491],[109.11318,-7.29431],[109.10634,-7.29476],[109.10269,-7.29346],[109.08708,-7.29503],[109.08332,-7.3018],[109.08389,-7.30466],[109.07575,-7.31419],[109.06879,-7.33223],[109.06451,-7.33857],[109.05699,-7.3401],[109.05331,-7.33946],[109.05257,-7.33712],[109.05096,-7.33871],[109.04741,-7.33879],[109.03437,-7.35146],[109.03064,-7.34863],[109.03678,-7.34418],[109.03901,-7.33984],[109.03523,-7.33739],[109.03646,-7.33467],[109.03532,-7.33034],[109.03023,-7.32883],[109.02814,-7.32623],[109.02571,-7.32688],[109.02389,-7.33223],[109.01652,-7.33518],[109.01292,-7.3342],[109.01353,-7.33241],[109.01104,-7.32873],[109.00834,-7.33102],[109.00794,-7.33368],[109.00516,-7.33505],[109.00296,-7.33524],[109.00051,-7.33275],[108.99562,-7.33549],[108.98484,-7.33685],[108.97583,-7.33493],[108.97316,-7.33173],[108.9678,-7.33331],[108.9642,-7.33179],[108.95754,-7.33619],[108.95519,-7.33619],[108.95341,-7.33304],[108.95466,-7.32452],[108.94645,-7.30951],[108.94078,-7.31004],[108.93364,-7.32055],[108.93201,-7.32093],[108.92194,-7.31309],[108.91585,-7.3045],[108.91343,-7.30454],[108.91116,-7.30235],[108.9105,-7.29677],[108.91223,-7.29211],[108.91036,-7.28773],[108.89711,-7.28659],[108.89348,-7.2805],[108.89308,-7.27557],[108.88573,-7.27461],[108.88196,-7.27159],[108.87697,-7.27283],[108.86527,-7.27165],[108.86228,-7.26426],[108.86496,-7.25667],[108.86266,-7.24772],[108.86513,-7.24508],[108.86474,-7.24338],[108.86104,-7.24289],[108.85727,-7.23973],[108.85259,-7.23997],[108.84956,-7.23775],[108.84711,-7.23799],[108.84461,-7.23584],[108.83826,-7.23634],[108.82954,-7.23235],[108.82422,-7.23421],[108.81802,-7.23112],[108.82086,-7.222],[108.81739,-7.20828],[108.81518,-7.20324],[108.81314,-7.20258],[108.80889,-7.20503]]]}},{"type":"Feature","properties":{"n":"Probolinggo","p":"Jawa Timur"},"geometry":{"type":"MultiPolygon","coordinates":[[[[113.13589,-7.97655],[113.13163,-7.98063],[113.12576,-7.98241],[113.12093,-7.99128],[113.11263,-7.99525],[113.10587,-7.98432],[113.07875,-7.98416],[113.065,-7.99926],[113.06275,-8.00941],[113.05996,-8.01056],[113.05239,-8.00357],[113.05044,-7.99911],[113.0452,-7.99537],[113.04261,-7.98854],[113.03605,-7.98048],[113.03177,-7.97923],[113.02209,-7.96914],[113.01445,-7.96887],[113.00896,-7.96339],[113.00082,-7.96298],[112.99314,-7.96001],[112.97598,-7.97923],[112.9501,-7.98703],[112.94384,-7.98557],[112.94073,-7.98194],[112.94566,-7.97974],[112.94512,-7.97514],[112.93465,-7.97318],[112.92614,-7.96648],[112.92685,-7.96077],[112.93521,-7.95601],[112.93571,-7.95242],[112.93793,-7.94992],[112.94057,-7.94859],[112.94495,-7.94948],[112.94983,-7.94534],[112.95256,-7.94545],[112.95256,-7.92879],[112.95672,-7.91723],[112.94743,-7.90879],[112.94961,-7.90535],[112.95362,-7.90305],[112.95373,-7.90036],[112.95624,-7.89926],[112.96817,-7.90054],[112.96904,-7.89838],[112.96707,-7.89497],[112.96926,-7.88774],[112.97506,-7.88623],[112.9792,-7.88072],[112.9848,-7.87894],[112.99001,-7.8696],[112.99669,-7.86623],[112.99783,-7.86386],[113.00477,-7.85902],[113.00925,-7.8527],[113.0139,-7.85025],[113.0139,-7.8483],[113.01553,-7.84829],[113.01794,-7.84393],[113.0252,-7.83826],[113.02737,-7.83388],[113.03087,-7.83355],[113.0334,-7.83139],[113.03309,-7.82994],[113.03864,-7.82812],[113.04105,-7.82455],[113.04526,-7.82228],[113.04525,-7.82026],[113.04723,-7.81997],[113.04841,-7.81685],[113.04749,-7.81176],[113.05124,-7.80607],[113.04895,-7.80408],[113.05283,-7.79607],[113.05176,-7.79063],[113.0537,-7.78528],[113.05283,-7.77951],[113.05017,-7.7759],[113.05317,-7.76705],[113.05634,-7.76492],[113.05694,-7.76206],[113.05471,-7.74815],[113.06012,-7.74181],[113.0645,-7.73957],[113.06484,-7.73747],[113.06617,-7.73798],[113.06921,-7.73541],[113.07306,-7.72496],[113.0763,-7.72309],[113.07519,-7.72163],[113.07843,-7.72137],[113.08094,-7.71466],[113.08257,-7.71454],[113.08233,-7.71317],[113.08812,-7.70742],[113.09329,-7.708],[113.10095,-7.70233],[113.0996,-7.7068],[113.10191,-7.71358],[113.10793,-7.72057],[113.10998,-7.7191],[113.11151,-7.72304],[113.1175,-7.72576],[113.12378,-7.72473],[113.12575,-7.72235],[113.12633,-7.72405],[113.13352,-7.7258],[113.14013,-7.72557],[113.14379,-7.72889],[113.14498,-7.73316],[113.15108,-7.74103],[113.15214,-7.7393],[113.15759,-7.74118],[113.16233,-7.73958],[113.16324,-7.7419],[113.16794,-7.73891],[113.16975,-7.73543],[113.16946,-7.73336],[113.16759,-7.73337],[113.16754,-7.72788],[113.17243,-7.72779],[113.17479,-7.72593],[113.17376,-7.72501],[113.17675,-7.72587],[113.1793,-7.73057],[113.17795,-7.7334],[113.1805,-7.74376],[113.17486,-7.7494],[113.17782,-7.75015],[113.17765,-7.75208],[113.17538,-7.7516],[113.17425,-7.755],[113.17303,-7.75214],[113.17231,-7.75489],[113.1699,-7.75443],[113.16906,-7.76268],[113.16618,-7.76836],[113.16312,-7.77083],[113.16381,-7.77329],[113.16557,-7.77369],[113.16397,-7.77925],[113.16899,-7.78057],[113.16991,-7.77946],[113.16957,-7.78074],[113.17904,-7.7833],[113.17702,-7.78848],[113.18307,-7.79067],[113.17859,-7.81015],[113.20027,-7.81255],[113.20477,-7.80459],[113.20789,-7.8043],[113.20814,-7.80634],[113.20645,-7.80679],[113.20822,-7.80722],[113.20775,-7.80861],[113.20531,-7.80851],[113.20408,-7.81271],[113.20539,-7.81379],[113.20659,-7.81266],[113.20637,-7.81498],[113.20927,-7.8149],[113.20792,-7.81727],[113.21707,-7.82016],[113.21594,-7.81808],[113.21792,-7.81638],[113.21692,-7.81548],[113.21876,-7.8158],[113.21811,-7.81346],[113.22006,-7.81347],[113.21967,-7.81179],[113.22183,-7.81059],[113.22126,-7.80874],[113.22611,-7.80473],[113.22593,-7.80164],[113.23312,-7.80396],[113.23351,-7.80751],[113.23707,-7.80824],[113.23504,-7.80401],[113.23582,-7.79758],[113.23903,-7.7976],[113.24111,-7.79968],[113.24248,-7.79485],[113.23852,-7.79365],[113.2354,-7.78793],[113.23734,-7.78164],[113.234,-7.78049],[113.23737,-7.77311],[113.23465,-7.77147],[113.23599,-7.76263],[113.23467,-7.75668],[113.23186,-7.756],[113.23439,-7.75035],[113.2375,-7.74914],[113.23812,-7.74736],[113.23665,-7.74629],[113.23649,-7.73929],[113.23855,-7.74239],[113.2417,-7.74177],[113.24407,-7.74428],[113.24865,-7.74518],[113.2499,-7.74329],[113.25221,-7.74314],[113.25376,-7.73769],[113.2564,-7.73556],[113.25727,-7.73813],[113.25456,-7.74208],[113.25474,-7.74869],[113.26312,-7.76475],[113.26575,-7.76669],[113.27152,-7.77709],[113.2766,-7.77938],[113.27731,-7.78257],[113.28712,-7.78372],[113.28934,-7.77586],[113.29078,-7.77645],[113.29742,-7.7727],[113.29628,-7.77235],[113.30743,-7.76826],[113.31815,-7.77094],[113.31787,-7.7754],[113.32056,-7.77417],[113.32413,-7.77622],[113.32945,-7.77382],[113.33328,-7.7749],[113.33575,-7.77301],[113.33962,-7.77332],[113.34516,-7.77121],[113.34661,-7.76849],[113.35346,-7.76455],[113.35521,-7.76136],[113.3679,-7.75538],[113.37037,-7.75204],[113.37246,-7.75164],[113.37604,-7.74069],[113.38197,-7.73637],[113.38303,-7.73953],[113.38535,-7.7423],[113.38788,-7.74273],[113.38841,-7.74463],[113.39235,-7.74301],[113.3937,-7.73835],[113.39433,-7.74026],[113.39699,-7.73804],[113.39995,-7.74038],[113.40312,-7.73995],[113.41051,-7.73433],[113.417,-7.73348],[113.42857,-7.7362],[113.43252,-7.73375],[113.43886,-7.73456],[113.45098,-7.72536],[113.4552,-7.7258],[113.46466,-7.71714],[113.46946,-7.71533],[113.46887,-7.71225],[113.46828,-7.71261],[113.46767,-7.71252],[113.47173,-7.7097],[113.47112,-7.70671],[113.48739,-7.69838],[113.50139,-7.69886],[113.51421,-7.7023],[113.51572,-7.7044],[113.5225,-7.70654],[113.52291,-7.70649],[113.52361,-7.70504],[113.52503,-7.70366],[113.52315,-7.70608],[113.52552,-7.70738],[113.52703,-7.70598],[113.52596,-7.70524],[113.5255,-7.70361],[113.52708,-7.70585],[113.52689,-7.70863],[113.52802,-7.70934],[113.52904,-7.70865],[113.53204,-7.71099],[113.53957,-7.71016],[113.54542,-7.7135],[113.55068,-7.71368],[113.55258,-7.71176],[113.55365,-7.71313],[113.56404,-7.71398],[113.56329,-7.71139],[113.56512,-7.71322],[113.56375,-7.71142],[113.56518,-7.71296],[113.56533,-7.71049],[113.57201,-7.70915],[113.57281,-7.71022],[113.57322,-7.70884],[113.5752,-7.71027],[113.57697,-7.70678],[113.58183,-7.70904],[113.58288,-7.71152],[113.59765,-7.71506],[113.59658,-7.71717],[113.59071,-7.7166],[113.59054,-7.72373],[113.58828,-7.72653],[113.57867,-7.72655],[113.57823,-7.73302],[113.57328,-7.73878],[113.57256,-7.74207],[113.57623,-7.75],[113.57639,-7.7562],[113.59049,-7.76354],[113.59841,-7.77104],[113.60071,-7.7753],[113.60287,-7.78306],[113.60178,-7.78889],[113.60405,-7.79821],[113.60609,-7.79894],[113.6016,-7.80225],[113.59339,-7.80375],[113.59215,-7.80541],[113.60251,-7.81351],[113.6076,-7.82206],[113.61173,-7.82405],[113.61022,-7.83179],[113.60606,-7.83626],[113.60292,-7.84307],[113.60519,-7.84915],[113.60936,-7.85317],[113.60804,-7.85459],[113.60881,-7.86045],[113.61812,-7.87463],[113.61831,-7.88023],[113.61567,-7.88276],[113.61509,-7.88713],[113.62333,-7.89512],[113.62222,-7.90694],[113.62629,-7.91703],[113.62484,-7.92535],[113.6199,-7.92726],[113.61751,-7.9314],[113.61869,-7.93892],[113.61506,-7.94181],[113.61113,-7.95012],[113.6147,-7.95314],[113.62233,-7.95244],[113.62123,-7.95505],[113.61577,-7.95684],[113.61566,-7.95815],[113.62378,-7.96146],[113.62667,-7.96671],[113.62927,-7.96741],[113.62952,-7.97246],[113.63567,-7.96558],[113.64356,-7.97312],[113.63815,-7.97201],[113.63432,-7.97473],[113.62843,-7.97591],[113.62622,-7.98092],[113.62423,-7.98009],[113.62384,-7.98209],[113.62005,-7.9834],[113.61912,-7.98832],[113.61397,-7.99214],[113.61371,-7.98876],[113.61135,-7.99032],[113.60539,-7.98999],[113.6035,-7.98698],[113.6022,-7.97794],[113.59969,-7.97901],[113.59393,-7.97591],[113.59333,-7.97712],[113.59116,-7.97639],[113.59033,-7.9834],[113.58444,-7.98275],[113.58028,-7.98443],[113.57731,-7.98065],[113.57462,-7.98008],[113.56869,-7.98342],[113.56284,-7.98271],[113.55949,-7.99469],[113.55107,-7.99921],[113.54284,-8.00046],[113.53979,-8.00661],[113.53441,-8.00665],[113.5331,-8.00917],[113.52667,-8.0084],[113.52467,-8.0043],[113.52188,-8.00372],[113.52022,-8.00542],[113.51465,-8.0015],[113.50729,-8.00542],[113.50597,-8.00367],[113.50044,-8.00362],[113.49933,-8.00213],[113.49463,-8.00496],[113.49471,-8.00221],[113.49283,-8.00151],[113.49242,-7.99893],[113.49064,-7.99948],[113.49003,-7.99695],[113.48293,-7.99646],[113.4822,-7.99401],[113.48026,-7.99736],[113.48157,-8.0095],[113.47507,-8.02033],[113.47591,-8.02549],[113.46543,-8.0275],[113.45657,-8.0228],[113.45403,-8.01954],[113.45038,-8.01998],[113.44926,-8.02606],[113.44485,-8.02518],[113.44225,-8.0226],[113.44021,-8.01522],[113.42277,-8.00779],[113.42193,-8.00998],[113.42027,-8.00857],[113.41719,-8.00938],[113.41219,-8.00517],[113.40663,-8.008],[113.405,-8.00346],[113.39727,-8.00362],[113.39631,-8.00027],[113.39098,-7.99717],[113.38696,-8.00699],[113.3823,-8.01111],[113.37867,-8.0178],[113.37982,-8.0187],[113.37893,-8.02046],[113.37531,-8.02319],[113.37185,-8.02142],[113.37196,-8.02332],[113.36976,-8.0227],[113.36941,-8.02532],[113.36664,-8.02587],[113.36666,-8.0277],[113.36166,-8.02788],[113.36049,-8.02014],[113.35805,-8.0162],[113.35875,-7.99971],[113.34817,-7.9844],[113.34792,-7.97652],[113.3458,-7.97521],[113.34626,-7.96252],[113.34181,-7.9526],[113.34129,-7.94247],[113.33474,-7.93996],[113.33241,-7.94282],[113.33059,-7.94263],[113.32766,-7.93967],[113.32876,-7.93561],[113.31432,-7.93144],[113.3136,-7.9284],[113.30374,-7.92491],[113.29443,-7.92411],[113.29498,-7.92801],[113.27472,-7.92531],[113.27402,-7.91867],[113.26799,-7.91774],[113.26795,-7.90308],[113.26253,-7.89591],[113.26182,-7.89897],[113.25778,-7.90044],[113.25731,-7.90624],[113.25457,-7.90732],[113.25045,-7.90645],[113.24849,-7.90774],[113.24844,-7.90652],[113.23565,-7.90351],[113.21838,-7.90278],[113.20738,-7.89988],[113.20887,-7.90747],[113.21081,-7.90781],[113.21168,-7.90992],[113.21055,-7.91496],[113.20751,-7.91597],[113.20604,-7.91943],[113.20619,-7.92561],[113.19943,-7.92963],[113.19035,-7.94506],[113.18751,-7.9448],[113.17997,-7.95006],[113.17979,-7.95304],[113.17154,-7.96153],[113.16795,-7.96208],[113.16589,-7.96556],[113.15361,-7.97163],[113.14953,-7.97976],[113.13589,-7.97655]]],[[[113.2617,-7.67758],[113.25661,-7.6811],[113.24277,-7.68037],[113.25717,-7.67622],[113.26139,-7.6762],[113.2617,-7.67758]]]]}},{"type":"Feature","properties":{"n":"Situbondo","p":"Jawa Timur"},"geometry":{"type":"MultiPolygon","coordinates":[[[[113.6712,-7.92017],[113.66292,-7.92159],[113.66146,-7.92446],[113.66044,-7.93846],[113.65151,-7.94172],[113.64425,-7.94767],[113.63713,-7.94959],[113.62378,-7.96146],[113.61566,-7.95815],[113.62262,-7.95316],[113.6147,-7.95314],[113.61104,-7.94903],[113.61506,-7.94181],[113.61869,-7.93892],[113.61703,-7.9346],[113.61888,-7.92862],[113.62392,-7.92623],[113.62552,-7.92374],[113.62627,-7.91645],[113.62222,-7.90694],[113.62345,-7.89554],[113.61509,-7.88713],[113.61567,-7.88276],[113.61831,-7.88023],[113.61812,-7.87463],[113.60881,-7.86045],[113.60804,-7.85459],[113.60936,-7.85317],[113.60519,-7.84915],[113.60292,-7.84307],[113.60606,-7.83626],[113.61022,-7.83179],[113.61173,-7.82405],[113.6076,-7.82206],[113.60251,-7.81351],[113.59215,-7.80541],[113.59339,-7.80375],[113.6016,-7.80225],[113.60609,-7.79894],[113.60405,-7.79821],[113.60178,-7.78889],[113.60287,-7.78306],[113.60071,-7.7753],[113.59841,-7.77104],[113.59049,-7.76354],[113.57639,-7.7562],[113.57623,-7.75],[113.5727,-7.74263],[113.57328,-7.73878],[113.57823,-7.73302],[113.57787,-7.72766],[113.57931,-7.72592],[113.58828,-7.72653],[113.59054,-7.72373],[113.59071,-7.7166],[113.59658,-7.71717],[113.59824,-7.71544],[113.5989,-7.71798],[113.60849,-7.72056],[113.611,-7.72308],[113.61912,-7.72003],[113.62695,-7.72253],[113.636,-7.72185],[113.64317,-7.72569],[113.64735,-7.72363],[113.6499,-7.72436],[113.65173,-7.72955],[113.65545,-7.73274],[113.66676,-7.73688],[113.67216,-7.73393],[113.67183,-7.73247],[113.67651,-7.72872],[113.68277,-7.72877],[113.68638,-7.72611],[113.68603,-7.72412],[113.68732,-7.72599],[113.68824,-7.72627],[113.70273,-7.71387],[113.71344,-7.7083],[113.71505,-7.7117],[113.71905,-7.71327],[113.72479,-7.71882],[113.72339,-7.72034],[113.72533,-7.72222],[113.75107,-7.73568],[113.76358,-7.73801],[113.77138,-7.73322],[113.77423,-7.73493],[113.77488,-7.73212],[113.78561,-7.73291],[113.79581,-7.72754],[113.81151,-7.71167],[113.81705,-7.69935],[113.8205,-7.69653],[113.82683,-7.6954],[113.83087,-7.68847],[113.8412,-7.68455],[113.86179,-7.6848],[113.86818,-7.68007],[113.86905,-7.6826],[113.87457,-7.68674],[113.88607,-7.68823],[113.8884,-7.69155],[113.89631,-7.69678],[113.90469,-7.69945],[113.91038,-7.69693],[113.91501,-7.69685],[113.92046,-7.70084],[113.92285,-7.69917],[113.92225,-7.69736],[113.92643,-7.70114],[113.92623,-7.69932],[113.92302,-7.69734],[113.92403,-7.6973],[113.93092,-7.70084],[113.93419,-7.69802],[113.93112,-7.69614],[113.92752,-7.69324],[113.93032,-7.69535],[113.9315,-7.69379],[113.93276,-7.69473],[113.93162,-7.69624],[113.9336,-7.69734],[113.9362,-7.6926],[113.93516,-7.69178],[113.93605,-7.69233],[113.9376,-7.68909],[113.93712,-7.68056],[113.94031,-7.67676],[113.94457,-7.67552],[113.94981,-7.6812],[113.95581,-7.67767],[113.97218,-7.6516],[113.98247,-7.64905],[113.98621,-7.64357],[113.98943,-7.64289],[113.99038,-7.63981],[113.99622,-7.6366],[114.00336,-7.63626],[114.01169,-7.62584],[114.01323,-7.62636],[114.01252,-7.6253],[114.01307,-7.62405],[114.03358,-7.60554],[114.028,-7.61118],[114.02837,-7.61205],[114.02961,-7.61031],[114.03619,-7.60861],[114.039,-7.61055],[114.04152,-7.60727],[114.03739,-7.60451],[114.04466,-7.60722],[114.06004,-7.62457],[114.07018,-7.63957],[114.07246,-7.64767],[114.085,-7.67359],[114.09471,-7.68772],[114.10016,-7.70073],[114.10751,-7.70689],[114.11762,-7.70972],[114.12378,-7.70766],[114.1353,-7.71399],[114.16564,-7.71533],[114.17707,-7.71505],[114.17875,-7.71193],[114.18552,-7.71311],[114.19298,-7.70915],[114.19457,-7.70969],[114.19446,-7.70862],[114.20067,-7.71478],[114.20809,-7.71783],[114.21607,-7.71433],[114.23605,-7.69856],[114.24112,-7.69825],[114.24496,-7.70076],[114.25293,-7.71258],[114.25816,-7.71763],[114.2799,-7.73396],[114.28303,-7.73443],[114.28874,-7.74444],[114.29278,-7.7473],[114.29708,-7.74827],[114.30445,-7.74576],[114.30955,-7.74629],[114.319,-7.75626],[114.32844,-7.75836],[114.33755,-7.75623],[114.34699,-7.75624],[114.35002,-7.75767],[114.35098,-7.7559],[114.35633,-7.75551],[114.364,-7.75553],[114.37083,-7.75775],[114.37252,-7.75688],[114.37234,-7.75397],[114.36669,-7.75391],[114.36386,-7.74969],[114.36516,-7.74894],[114.37437,-7.75192],[114.37392,-7.75555],[114.37825,-7.7572],[114.37755,-7.75249],[114.38089,-7.7607],[114.38664,-7.76347],[114.39299,-7.77095],[114.39503,-7.77178],[114.4038,-7.77003],[114.411,-7.77784],[114.41656,-7.78038],[114.42188,-7.78715],[114.42727,-7.78737],[114.43013,-7.79241],[114.43367,-7.79288],[114.43724,-7.78916],[114.44111,-7.79149],[114.44292,-7.79397],[114.44246,-7.79753],[114.44809,-7.80063],[114.44756,-7.8055],[114.44895,-7.80673],[114.45267,-7.80319],[114.45472,-7.80988],[114.45786,-7.81092],[114.45761,-7.81444],[114.45972,-7.81577],[114.46469,-7.82517],[114.46377,-7.83251],[114.46704,-7.83463],[114.46372,-7.83804],[114.46296,-7.8425],[114.45784,-7.84749],[114.45881,-7.85078],[114.462,-7.85153],[114.46461,-7.8555],[114.46444,-7.85808],[114.45927,-7.85958],[114.45709,-7.86303],[114.45866,-7.8652],[114.46024,-7.86438],[114.46211,-7.86919],[114.46178,-7.87599],[114.46461,-7.88497],[114.46361,-7.88962],[114.44369,-7.89918],[114.43917,-7.90361],[114.43716,-7.90931],[114.42371,-7.91685],[114.42108,-7.92574],[114.42403,-7.93549],[114.41975,-7.93441],[114.41448,-7.93808],[114.41362,-7.93726],[114.41418,-7.93951],[114.41289,-7.94014],[114.40648,-7.93732],[114.39653,-7.9268],[114.39028,-7.92692],[114.37848,-7.92097],[114.37336,-7.92029],[114.37265,-7.91866],[114.36529,-7.91821],[114.36176,-7.91448],[114.35743,-7.91284],[114.35158,-7.91365],[114.348,-7.91083],[114.34438,-7.91142],[114.34427,-7.90888],[114.34055,-7.90592],[114.33953,-7.90759],[114.33284,-7.90692],[114.33002,-7.90178],[114.31769,-7.89514],[114.30673,-7.88527],[114.30356,-7.88468],[114.29314,-7.88892],[114.28841,-7.89417],[114.28313,-7.89724],[114.28277,-7.90084],[114.27826,-7.90663],[114.27843,-7.90945],[114.27615,-7.91266],[114.27131,-7.91491],[114.27132,-7.91959],[114.25089,-7.93776],[114.246,-7.95047],[114.24055,-7.96023],[114.23752,-7.96143],[114.23061,-7.97225],[114.22434,-7.98666],[114.21169,-7.97776],[114.20364,-7.97544],[114.19909,-7.97582],[114.19112,-7.97138],[114.17454,-7.9694],[114.16636,-7.97044],[114.16359,-7.97292],[114.15052,-7.97676],[114.14115,-7.98139],[114.12764,-7.99302],[114.12787,-7.98684],[114.12592,-7.98351],[114.12755,-7.97611],[114.12401,-7.97192],[114.12335,-7.9635],[114.11711,-7.95407],[114.11351,-7.94208],[114.11344,-7.93896],[114.11563,-7.936],[114.11374,-7.93262],[114.11372,-7.92442],[114.11168,-7.92114],[114.11114,-7.9096],[114.10272,-7.89922],[114.10225,-7.89248],[114.09884,-7.88897],[114.09615,-7.88274],[114.09394,-7.88167],[114.09253,-7.87544],[114.0939,-7.87251],[114.09226,-7.86698],[114.09349,-7.86459],[114.09191,-7.86229],[114.09387,-7.85824],[114.09321,-7.8452],[114.09484,-7.84433],[114.09415,-7.84176],[114.0956,-7.84062],[114.08916,-7.82427],[114.08844,-7.80274],[114.08687,-7.7993],[114.08061,-7.79554],[114.07941,-7.78937],[114.07489,-7.78317],[114.07935,-7.77071],[114.07472,-7.76974],[114.07277,-7.76488],[114.07077,-7.7641],[114.07133,-7.76126],[114.06628,-7.75937],[114.05647,-7.75876],[114.05074,-7.76074],[114.04966,-7.75854],[114.0354,-7.75988],[114.03132,-7.75786],[114.03007,-7.76022],[114.0149,-7.761],[114.00782,-7.75502],[114.00124,-7.77017],[113.99241,-7.77779],[113.99064,-7.77541],[113.98346,-7.77251],[113.97992,-7.77397],[113.97877,-7.7719],[113.97352,-7.77151],[113.96989,-7.76917],[113.95962,-7.77013],[113.95084,-7.76523],[113.9409,-7.77549],[113.9357,-7.77671],[113.9378,-7.78614],[113.936,-7.79013],[113.93682,-7.79173],[113.93481,-7.79274],[113.92988,-7.79277],[113.92869,-7.79061],[113.91823,-7.78881],[113.9169,-7.79249],[113.9055,-7.79564],[113.90477,-7.79884],[113.90596,-7.8001],[113.90399,-7.80361],[113.89933,-7.80174],[113.8996,-7.80006],[113.89672,-7.79828],[113.88292,-7.79709],[113.87729,-7.79108],[113.87574,-7.7916],[113.87573,-7.79514],[113.8722,-7.79754],[113.86449,-7.79331],[113.85325,-7.79436],[113.84901,-7.79606],[113.84106,-7.80803],[113.8343,-7.81313],[113.82143,-7.81097],[113.8161,-7.81331],[113.80908,-7.81311],[113.80449,-7.81653],[113.80158,-7.81653],[113.79993,-7.80778],[113.79343,-7.80281],[113.7877,-7.80292],[113.78384,-7.7991],[113.78137,-7.80025],[113.7604,-7.79215],[113.76075,-7.79685],[113.75648,-7.79551],[113.74736,-7.79625],[113.74542,-7.79511],[113.74625,-7.79309],[113.74404,-7.78967],[113.73972,-7.7889],[113.73851,-7.79101],[113.73938,-7.80445],[113.73656,-7.80835],[113.73368,-7.80932],[113.7337,-7.81554],[113.73136,-7.81993],[113.73373,-7.83143],[113.73219,-7.83371],[113.73275,-7.8361],[113.72607,-7.85432],[113.7276,-7.85771],[113.72703,-7.86066],[113.72379,-7.86983],[113.72093,-7.87228],[113.72246,-7.87903],[113.70711,-7.8854],[113.70635,-7.8896],[113.70319,-7.89245],[113.69985,-7.89935],[113.68909,-7.90315],[113.68443,-7.91065],[113.67942,-7.91259],[113.6712,-7.92017]]],[[[114.43585,-7.67973],[114.43555,-7.67959],[114.43594,-7.67941],[114.43585,-7.67973]]]]}},{"type":"Feature","properties":{"n":"Batang","p":"Jawa Tengah"},"geometry":{"type":"Polygon","coordinates":[[[109.77143,-7.11375],[109.76798,-7.11352],[109.76495,-7.11669],[109.76176,-7.11718],[109.75264,-7.11147],[109.7439,-7.11164],[109.73869,-7.10031],[109.74582,-7.09739],[109.7483,-7.0928],[109.75415,-7.09052],[109.75403,-7.08796],[109.75177,-7.08764],[109.75139,-7.08426],[109.75481,-7.08465],[109.75381,-7.08312],[109.7579,-7.07557],[109.75682,-7.07212],[109.75945,-7.06943],[109.7558,-7.06526],[109.75808,-7.06385],[109.75611,-7.0594],[109.75286,-7.05775],[109.7556,-7.05588],[109.7531,-7.05511],[109.7548,-7.05327],[109.75511,-7.04757],[109.75114,-7.04437],[109.75479,-7.04212],[109.75276,-7.03844],[109.7559,-7.03749],[109.75867,-7.03406],[109.75882,-7.03046],[109.7487,-7.01254],[109.74952,-7.00681],[109.74766,-7.00491],[109.74898,-6.99973],[109.74401,-6.99528],[109.73581,-7.00382],[109.73116,-7.00312],[109.72136,-6.98618],[109.71555,-6.98594],[109.71385,-6.98761],[109.70649,-6.98566],[109.707,-6.98006],[109.70506,-6.97825],[109.70554,-6.97482],[109.7037,-6.97427],[109.70469,-6.97139],[109.70288,-6.96498],[109.69872,-6.96544],[109.69514,-6.96114],[109.69299,-6.96069],[109.69431,-6.95845],[109.68812,-6.95099],[109.68591,-6.9542],[109.6822,-6.94759],[109.68232,-6.94398],[109.68013,-6.94356],[109.68131,-6.94177],[109.6786,-6.94],[109.67653,-6.94129],[109.67523,-6.93996],[109.67702,-6.93753],[109.67348,-6.93624],[109.67339,-6.93513],[109.67582,-6.93377],[109.67763,-6.93458],[109.67907,-6.93284],[109.68997,-6.93394],[109.69392,-6.9315],[109.69698,-6.92616],[109.69448,-6.90989],[109.70338,-6.90627],[109.70474,-6.90117],[109.70662,-6.89975],[109.7056,-6.8926],[109.71025,-6.88768],[109.7114,-6.88355],[109.7068,-6.87854],[109.71019,-6.87391],[109.70319,-6.86808],[109.71293,-6.86753],[109.74186,-6.8783],[109.74678,-6.87803],[109.74687,-6.87595],[109.74838,-6.87384],[109.74692,-6.8773],[109.74983,-6.87731],[109.74994,-6.8753],[109.74986,-6.8801],[109.7686,-6.88644],[109.79939,-6.89142],[109.80504,-6.8983],[109.81166,-6.9013],[109.84312,-6.90672],[109.87558,-6.91623],[109.89641,-6.91822],[109.9103,-6.91775],[109.92711,-6.9122],[109.93373,-6.91565],[109.9393,-6.91534],[109.94352,-6.91734],[109.94761,-6.91649],[109.94786,-6.91864],[109.94985,-6.91965],[109.96273,-6.91968],[109.96878,-6.92352],[109.97851,-6.92258],[109.98235,-6.9243],[110.00726,-6.91977],[110.02632,-6.9118],[110.0411,-6.91805],[110.04503,-6.92123],[110.04281,-6.92548],[110.04017,-6.92377],[110.03077,-6.93013],[110.03545,-6.93203],[110.03416,-6.93806],[110.03973,-6.93883],[110.04042,-6.94219],[110.04366,-6.94053],[110.05095,-6.94154],[110.047,-6.94638],[110.05348,-6.95462],[110.05165,-6.95875],[110.04829,-6.95853],[110.04783,-6.95975],[110.04878,-6.96576],[110.05077,-6.96681],[110.05104,-6.97999],[110.04532,-6.97944],[110.04311,-6.98894],[110.03967,-6.9897],[110.03601,-6.99377],[110.0326,-6.99159],[110.03056,-6.99419],[110.03091,-6.99661],[110.02495,-6.99753],[110.02632,-7.00165],[110.02306,-7.00634],[110.01514,-7.01057],[110.01316,-7.01862],[110.01193,-7.01712],[110.00766,-7.01783],[110.00642,-7.01976],[110.00366,-7.01932],[109.99576,-7.027],[109.9936,-7.0251],[109.98911,-7.02451],[109.98309,-7.03179],[109.977,-7.03151],[109.9743,-7.03365],[109.97515,-7.04316],[109.97232,-7.04464],[109.97749,-7.04666],[109.97621,-7.04822],[109.97866,-7.0499],[109.97822,-7.05471],[109.98034,-7.06086],[109.97755,-7.06508],[109.97988,-7.0681],[109.97741,-7.08176],[109.97428,-7.08271],[109.97362,-7.08727],[109.96667,-7.09032],[109.96534,-7.095],[109.96333,-7.09456],[109.96337,-7.09958],[109.9615,-7.1006],[109.96191,-7.10382],[109.95967,-7.10606],[109.95927,-7.11057],[109.9554,-7.11441],[109.9538,-7.11993],[109.95085,-7.1216],[109.9471,-7.1271],[109.94729,-7.13293],[109.93988,-7.14173],[109.93983,-7.15755],[109.93213,-7.17167],[109.93009,-7.18012],[109.92136,-7.18905],[109.90571,-7.19388],[109.90431,-7.19577],[109.90081,-7.19424],[109.89903,-7.18996],[109.88675,-7.17858],[109.88481,-7.18221],[109.8809,-7.18458],[109.88149,-7.1888],[109.87704,-7.1909],[109.87457,-7.18615],[109.86627,-7.18708],[109.86018,-7.18443],[109.85559,-7.18012],[109.85271,-7.18032],[109.8484,-7.1777],[109.84556,-7.181],[109.8456,-7.18363],[109.84257,-7.18385],[109.84204,-7.18612],[109.83872,-7.18815],[109.83391,-7.18955],[109.83036,-7.18823],[109.81991,-7.1779],[109.81114,-7.1776],[109.79577,-7.16836],[109.79004,-7.16696],[109.77889,-7.1559],[109.77881,-7.15124],[109.77595,-7.14513],[109.77229,-7.1437],[109.77069,-7.14073],[109.77391,-7.13401],[109.77294,-7.13172],[109.7747,-7.12567],[109.77143,-7.11375]]]}},{"type":"Feature","properties":{"n":"Kota Bogor","p":"Jawa Barat"},"geometry":{"type":"Polygon","coordinates":[[[106.79516,-6.64381],[106.7938,-6.65172],[106.79222,-6.65374],[106.79058,-6.65314],[106.78917,-6.65718],[106.78476,-6.66037],[106.7807,-6.65704],[106.77685,-6.65683],[106.7716,-6.65371],[106.7828,-6.64506],[106.78619,-6.63397],[106.79048,-6.62755],[106.78898,-6.62531],[106.78627,-6.62475],[106.78637,-6.62143],[106.78446,-6.62111],[106.78441,-6.6163],[106.78184,-6.61331],[106.78189,-6.61101],[106.77949,-6.61086],[106.77866,-6.60715],[106.77552,-6.60623],[106.77452,-6.60196],[106.77122,-6.60199],[106.76834,-6.59867],[106.7629,-6.58312],[106.74944,-6.5723],[106.74645,-6.5728],[106.74453,-6.57627],[106.74125,-6.57549],[106.73847,-6.57108],[106.742,-6.56829],[106.74016,-6.56813],[106.73917,-6.56545],[106.73716,-6.56719],[106.73537,-6.56501],[106.73546,-6.55465],[106.73774,-6.55495],[106.73647,-6.55278],[106.73989,-6.54601],[106.7399,-6.54234],[106.74687,-6.54369],[106.74797,-6.54782],[106.74967,-6.54715],[106.75204,-6.55106],[106.75581,-6.54758],[106.7607,-6.54998],[106.76278,-6.54946],[106.76515,-6.54365],[106.76148,-6.53415],[106.76455,-6.53226],[106.7661,-6.52733],[106.76433,-6.52509],[106.76467,-6.52107],[106.76638,-6.5194],[106.76539,-6.5154],[106.78839,-6.5148],[106.79034,-6.5225],[106.78975,-6.5274],[106.79177,-6.52828],[106.79369,-6.53222],[106.793,-6.5365],[106.78876,-6.5378],[106.78873,-6.53974],[106.79005,-6.54416],[106.79356,-6.54417],[106.79309,-6.54604],[106.79712,-6.54765],[106.79628,-6.55089],[106.7984,-6.55028],[106.79938,-6.55171],[106.79978,-6.54251],[106.803,-6.53822],[106.80591,-6.54104],[106.80582,-6.54526],[106.80973,-6.54648],[106.81141,-6.53878],[106.81887,-6.53814],[106.81829,-6.54236],[106.82327,-6.54356],[106.82408,-6.54252],[106.82357,-6.54689],[106.82544,-6.54511],[106.82597,-6.54775],[106.82929,-6.55035],[106.83012,-6.5608],[106.83473,-6.56743],[106.83794,-6.57986],[106.83149,-6.59939],[106.83178,-6.61262],[106.83894,-6.63153],[106.84825,-6.64605],[106.84816,-6.65193],[106.84488,-6.66144],[106.84811,-6.67623],[106.84127,-6.6793],[106.83361,-6.67853],[106.83262,-6.68131],[106.83098,-6.68104],[106.81906,-6.672],[106.81854,-6.66637],[106.81631,-6.66545],[106.81568,-6.66137],[106.8089,-6.65643],[106.8084,-6.65234],[106.81047,-6.64642],[106.8058,-6.65217],[106.80443,-6.65125],[106.8054,-6.6487],[106.79942,-6.64673],[106.79951,-6.64472],[106.79516,-6.64381]]]}},{"type":"Feature","properties":{"n":"Kota Pekalongan","p":"Jawa Tengah"},"geometry":{"type":"Polygon","coordinates":[[[109.65772,-6.91877],[109.65684,-6.92456],[109.65223,-6.92463],[109.65272,-6.92144],[109.64865,-6.92168],[109.64811,-6.92372],[109.64607,-6.92092],[109.64356,-6.9209],[109.64215,-6.91741],[109.64526,-6.91381],[109.64371,-6.91181],[109.64524,-6.90532],[109.64778,-6.90498],[109.64793,-6.89747],[109.64571,-6.897],[109.64597,-6.89508],[109.64336,-6.89473],[109.64351,-6.89218],[109.64734,-6.89209],[109.64741,-6.888],[109.6511,-6.88795],[109.64526,-6.88076],[109.65379,-6.87887],[109.65391,-6.87242],[109.65632,-6.87296],[109.65647,-6.87595],[109.66322,-6.87791],[109.66392,-6.87537],[109.66125,-6.8744],[109.6584,-6.87061],[109.6604,-6.86473],[109.66029,-6.85312],[109.66314,-6.85063],[109.67523,-6.85688],[109.68722,-6.85915],[109.69154,-6.85871],[109.6926,-6.85596],[109.69337,-6.85822],[109.69358,-6.85619],[109.69438,-6.85913],[109.6977,-6.8606],[109.69922,-6.85807],[109.69775,-6.86077],[109.70533,-6.86289],[109.71086,-6.86701],[109.70319,-6.86808],[109.71019,-6.87391],[109.7068,-6.87854],[109.7114,-6.88355],[109.71025,-6.88768],[109.7056,-6.8926],[109.70662,-6.89975],[109.70474,-6.90117],[109.70338,-6.90627],[109.69448,-6.90989],[109.69718,-6.92116],[109.69698,-6.92616],[109.69392,-6.9315],[109.68927,-6.93407],[109.67907,-6.93284],[109.67763,-6.93458],[109.6731,-6.93282],[109.67412,-6.93135],[109.67254,-6.93084],[109.67551,-6.92661],[109.66914,-6.92658],[109.67261,-6.93447],[109.67164,-6.93682],[109.67041,-6.93415],[109.66808,-6.93559],[109.66935,-6.9318],[109.66698,-6.92717],[109.6695,-6.92225],[109.66419,-6.92209],[109.66529,-6.92409],[109.66224,-6.92422],[109.66032,-6.92152],[109.6617,-6.91912],[109.65772,-6.91877]]]}},{"type":"Feature","properties":{"n":"Demak","p":"Jawa Tengah"},"geometry":{"type":"Polygon","coordinates":[[[110.51335,-7.12349],[110.50599,-7.12326],[110.50089,-7.11982],[110.49967,-7.11257],[110.50165,-7.11327],[110.5029,-7.11136],[110.49578,-7.10991],[110.49865,-7.10881],[110.50259,-7.10277],[110.50241,-7.10162],[110.49969,-7.10178],[110.49967,-7.09672],[110.49644,-7.094],[110.48609,-7.09033],[110.4823,-7.0906],[110.4772,-7.08752],[110.47889,-7.08417],[110.4844,-7.08174],[110.49413,-7.07124],[110.49546,-7.07146],[110.49557,-7.06844],[110.49723,-7.06794],[110.49841,-7.06964],[110.49801,-7.06751],[110.501,-7.06735],[110.49131,-7.06057],[110.49183,-7.05658],[110.48842,-7.05264],[110.48513,-7.05578],[110.48192,-7.05603],[110.48146,-7.05317],[110.48285,-7.0517],[110.48489,-7.05176],[110.48504,-7.05366],[110.48601,-7.05192],[110.48353,-7.04861],[110.48429,-7.04565],[110.48169,-7.04464],[110.48517,-7.04383],[110.48349,-7.04229],[110.48578,-7.03641],[110.48353,-7.03381],[110.48498,-7.03213],[110.48291,-7.03098],[110.48432,-7.03014],[110.48363,-7.02876],[110.49403,-7.03071],[110.49922,-7.02607],[110.49764,-7.0248],[110.49818,-7.0209],[110.50192,-7.0095],[110.49383,-7.00439],[110.49113,-7.00511],[110.49016,-7.00338],[110.49515,-6.99438],[110.50018,-6.99649],[110.5029,-6.9859],[110.50184,-6.98534],[110.50523,-6.97967],[110.50299,-6.97716],[110.50314,-6.97097],[110.50087,-6.96364],[110.50253,-6.95789],[110.50078,-6.95236],[110.49023,-6.95514],[110.49214,-6.94718],[110.4882,-6.94863],[110.48845,-6.94669],[110.48708,-6.94643],[110.48828,-6.94492],[110.48239,-6.94287],[110.4811,-6.94517],[110.48153,-6.94274],[110.4777,-6.93958],[110.48876,-6.9443],[110.48305,-6.93889],[110.48253,-6.93601],[110.48398,-6.93706],[110.4834,-6.93894],[110.48581,-6.94091],[110.48714,-6.93932],[110.48991,-6.94251],[110.49129,-6.94159],[110.49019,-6.94004],[110.49219,-6.94178],[110.49585,-6.93923],[110.49591,-6.94215],[110.50104,-6.94306],[110.5009,-6.93817],[110.48755,-6.92962],[110.4839,-6.92897],[110.48234,-6.93132],[110.48213,-6.92949],[110.48379,-6.92865],[110.47819,-6.9239],[110.48536,-6.9258],[110.48785,-6.92187],[110.49251,-6.92684],[110.48765,-6.92313],[110.48525,-6.9279],[110.49516,-6.93188],[110.50057,-6.93688],[110.5023,-6.93656],[110.50439,-6.94067],[110.50552,-6.93937],[110.50975,-6.9406],[110.51444,-6.93943],[110.51093,-6.93825],[110.50703,-6.93507],[110.51059,-6.93759],[110.5125,-6.93677],[110.51174,-6.938],[110.51285,-6.93837],[110.51803,-6.93719],[110.50934,-6.93189],[110.51113,-6.93005],[110.51475,-6.9345],[110.51672,-6.9317],[110.51584,-6.93523],[110.51748,-6.93477],[110.51949,-6.93709],[110.52669,-6.93497],[110.52356,-6.93072],[110.50511,-6.91972],[110.49694,-6.91352],[110.49433,-6.91385],[110.49356,-6.91792],[110.487,-6.91417],[110.48883,-6.91001],[110.49407,-6.91126],[110.49597,-6.90854],[110.49946,-6.91038],[110.4975,-6.9102],[110.49782,-6.91319],[110.50466,-6.91912],[110.52387,-6.92987],[110.52789,-6.9338],[110.52955,-6.93313],[110.52824,-6.92746],[110.51977,-6.92258],[110.51791,-6.91994],[110.51555,-6.92005],[110.50376,-6.908],[110.49453,-6.90376],[110.4986,-6.90433],[110.5005,-6.9016],[110.49978,-6.89868],[110.50521,-6.89974],[110.50434,-6.89886],[110.50615,-6.89665],[110.5043,-6.89365],[110.50737,-6.89411],[110.50521,-6.89057],[110.50558,-6.88861],[110.5082,-6.888],[110.50688,-6.88549],[110.50985,-6.88422],[110.50833,-6.8831],[110.50965,-6.8769],[110.51329,-6.87495],[110.51632,-6.86931],[110.51636,-6.86507],[110.51928,-6.86252],[110.51572,-6.86127],[110.51563,-6.85943],[110.52042,-6.84983],[110.5219,-6.84883],[110.52497,-6.84985],[110.52587,-6.84823],[110.52891,-6.84788],[110.52785,-6.8406],[110.5222,-6.8366],[110.52213,-6.83505],[110.52425,-6.83559],[110.52989,-6.83272],[110.54287,-6.81969],[110.54405,-6.82144],[110.54643,-6.82103],[110.54581,-6.81875],[110.5493,-6.81159],[110.55415,-6.80694],[110.5601,-6.80497],[110.55963,-6.80085],[110.56513,-6.78875],[110.5667,-6.77658],[110.57268,-6.77256],[110.5761,-6.77248],[110.5755,-6.76919],[110.57188,-6.76952],[110.57262,-6.76731],[110.56798,-6.76804],[110.56755,-6.76391],[110.56478,-6.76287],[110.56209,-6.76451],[110.56269,-6.77036],[110.55932,-6.77272],[110.55287,-6.77072],[110.54993,-6.77256],[110.54853,-6.76908],[110.55081,-6.7629],[110.54639,-6.76343],[110.54428,-6.75806],[110.53972,-6.75605],[110.53787,-6.74876],[110.53991,-6.74872],[110.53964,-6.74684],[110.53986,-6.74634],[110.54076,-6.74589],[110.54481,-6.7512],[110.54915,-6.74606],[110.55224,-6.75127],[110.55355,-6.75116],[110.55422,-6.7533],[110.55263,-6.75416],[110.5552,-6.7551],[110.56072,-6.75158],[110.5599,-6.7444],[110.55712,-6.74267],[110.55728,-6.73789],[110.55074,-6.73746],[110.55241,-6.73102],[110.54881,-6.7313],[110.55233,-6.72684],[110.56305,-6.72105],[110.56543,-6.72095],[110.56651,-6.7264],[110.57366,-6.73095],[110.57338,-6.73565],[110.57623,-6.73658],[110.58027,-6.73338],[110.58491,-6.73288],[110.58707,-6.7269],[110.5984,-6.72681],[110.60059,-6.72445],[110.60445,-6.72474],[110.60593,-6.72073],[110.60951,-6.72002],[110.61098,-6.71682],[110.61535,-6.71608],[110.6216,-6.7114],[110.62199,-6.70818],[110.63514,-6.71032],[110.63849,-6.71315],[110.64519,-6.71301],[110.65022,-6.71647],[110.65426,-6.71515],[110.66441,-6.7168],[110.67103,-6.72232],[110.67155,-6.72594],[110.66981,-6.736],[110.66599,-6.74058],[110.6703,-6.74786],[110.66932,-6.75277],[110.66464,-6.75547],[110.66514,-6.75721],[110.66909,-6.75795],[110.67006,-6.75968],[110.66983,-6.76167],[110.66695,-6.76342],[110.66737,-6.76506],[110.67244,-6.76694],[110.67746,-6.76285],[110.67878,-6.76712],[110.6839,-6.77017],[110.68668,-6.76633],[110.69063,-6.76916],[110.69495,-6.76843],[110.6941,-6.77509],[110.69979,-6.77693],[110.69864,-6.78259],[110.70135,-6.7849],[110.70119,-6.78792],[110.70475,-6.79476],[110.70955,-6.79236],[110.71097,-6.78933],[110.71312,-6.78899],[110.71486,-6.79229],[110.71769,-6.78919],[110.7207,-6.78866],[110.72944,-6.79333],[110.73346,-6.79167],[110.73625,-6.79399],[110.73981,-6.79361],[110.74412,-6.79561],[110.74864,-6.7947],[110.75108,-6.79626],[110.75565,-6.7934],[110.76092,-6.79525],[110.76816,-6.80348],[110.7757,-6.80267],[110.77982,-6.80674],[110.78298,-6.81553],[110.78971,-6.81978],[110.79014,-6.82438],[110.79785,-6.83489],[110.79744,-6.83832],[110.81001,-6.83761],[110.81711,-6.84905],[110.81974,-6.85032],[110.82806,-6.84672],[110.82986,-6.85087],[110.83358,-6.85039],[110.8318,-6.85342],[110.83239,-6.8565],[110.82896,-6.85773],[110.82966,-6.86073],[110.82219,-6.8625],[110.82182,-6.86438],[110.82465,-6.86736],[110.81906,-6.86836],[110.8124,-6.87475],[110.8122,-6.87854],[110.80855,-6.88072],[110.80542,-6.89407],[110.80289,-6.89514],[110.80116,-6.89899],[110.79539,-6.89922],[110.7915,-6.90843],[110.78598,-6.91126],[110.78686,-6.91498],[110.78364,-6.92047],[110.78957,-6.92295],[110.79058,-6.92484],[110.78989,-6.92634],[110.7849,-6.9261],[110.78935,-6.92911],[110.78896,-6.93155],[110.78665,-6.93201],[110.78345,-6.93],[110.77737,-6.93313],[110.77792,-6.93485],[110.78316,-6.93462],[110.78468,-6.93631],[110.77818,-6.93949],[110.78069,-6.94333],[110.77968,-6.94597],[110.77497,-6.94326],[110.77286,-6.9446],[110.77892,-6.94755],[110.77796,-6.94964],[110.77352,-6.95171],[110.77396,-6.95868],[110.77651,-6.96398],[110.76713,-6.96611],[110.76453,-6.96892],[110.76506,-6.97139],[110.77352,-6.97391],[110.77416,-6.97563],[110.76865,-6.98001],[110.76232,-6.97959],[110.76124,-6.98322],[110.76278,-6.98623],[110.7682,-6.98478],[110.77273,-6.98985],[110.77205,-6.99122],[110.76689,-6.9907],[110.76851,-6.99625],[110.76381,-6.99748],[110.76388,-7.00007],[110.77445,-6.99901],[110.77567,-7.00193],[110.7719,-7.00452],[110.76593,-7.00301],[110.76411,-7.00417],[110.76884,-7.01097],[110.76844,-7.0139],[110.7654,-7.01432],[110.76389,-7.01886],[110.7574,-7.01558],[110.75311,-7.01813],[110.76263,-7.02187],[110.72917,-7.03293],[110.69367,-7.01825],[110.69003,-7.03202],[110.67725,-7.04607],[110.67828,-7.04772],[110.67703,-7.04984],[110.6746,-7.05229],[110.67186,-7.05153],[110.66929,-7.05418],[110.66809,-7.05027],[110.67053,-7.04901],[110.66925,-7.04714],[110.67041,-7.04284],[110.67408,-7.04181],[110.67558,-7.03763],[110.67942,-7.03791],[110.6803,-7.03408],[110.68149,-7.03548],[110.68331,-7.0349],[110.68177,-7.03271],[110.68978,-7.02508],[110.69085,-7.02179],[110.69078,-7.01727],[110.68802,-7.01424],[110.68038,-7.01376],[110.68008,-7.01176],[110.67754,-7.01179],[110.67318,-7.00815],[110.67325,-7.00561],[110.67537,-7.00477],[110.68034,-6.9971],[110.67678,-6.99127],[110.67846,-6.98722],[110.67488,-6.98729],[110.66821,-6.98301],[110.67103,-6.98082],[110.6693,-6.97923],[110.67161,-6.97788],[110.67156,-6.97587],[110.6652,-6.97596],[110.65853,-6.97253],[110.65415,-6.97322],[110.65237,-6.97602],[110.64879,-6.9737],[110.64508,-6.97727],[110.63787,-6.97466],[110.63387,-6.97907],[110.63143,-6.97607],[110.62976,-6.97558],[110.62955,-6.97733],[110.62444,-6.97557],[110.62365,-6.98178],[110.6294,-6.98432],[110.62919,-6.99382],[110.6258,-7.01054],[110.60557,-7.05064],[110.60045,-7.05071],[110.59655,-7.05272],[110.59493,-7.05596],[110.59392,-7.06763],[110.59202,-7.06706],[110.59124,-7.07048],[110.5883,-7.07289],[110.58725,-7.07077],[110.58494,-7.07151],[110.58545,-7.07001],[110.58105,-7.07002],[110.58088,-7.06872],[110.57852,-7.07045],[110.57533,-7.07011],[110.57372,-7.0738],[110.56648,-7.07429],[110.56315,-7.0801],[110.5646,-7.08232],[110.561,-7.08412],[110.56261,-7.0863],[110.56184,-7.09418],[110.56499,-7.09325],[110.56578,-7.0986],[110.57151,-7.09899],[110.57866,-7.11039],[110.5793,-7.11554],[110.58175,-7.1193],[110.5807,-7.12466],[110.57593,-7.12902],[110.57656,-7.13235],[110.57055,-7.1482],[110.55626,-7.13843],[110.5511,-7.13289],[110.54743,-7.13425],[110.54691,-7.13081],[110.54454,-7.13093],[110.54242,-7.12829],[110.53845,-7.12764],[110.5363,-7.12992],[110.53526,-7.12827],[110.53491,-7.13071],[110.53162,-7.13183],[110.52247,-7.1271],[110.51809,-7.12662],[110.51656,-7.1286],[110.51342,-7.12822],[110.51335,-7.12349]]]}},{"type":"Feature","properties":{"n":"Bojonegoro","p":"Jawa Timur"},"geometry":{"type":"Polygon","coordinates":[[[111.55358,-7.35886],[111.54996,-7.36119],[111.54887,-7.36629],[111.54511,-7.37015],[111.53814,-7.36919],[111.52785,-7.37219],[111.52354,-7.37151],[111.5194,-7.36612],[111.51354,-7.3629],[111.50517,-7.36178],[111.49696,-7.36445],[111.49629,-7.36118],[111.4883,-7.3602],[111.48515,-7.35818],[111.47572,-7.35964],[111.47209,-7.35741],[111.46653,-7.35994],[111.46721,-7.36186],[111.46258,-7.36302],[111.46093,-7.35486],[111.45689,-7.35184],[111.45026,-7.35498],[111.44694,-7.3607],[111.44493,-7.3611],[111.44177,-7.34997],[111.44553,-7.34513],[111.45239,-7.34298],[111.45903,-7.3464],[111.46274,-7.34553],[111.46082,-7.34111],[111.45016,-7.3403],[111.44616,-7.33705],[111.44929,-7.33064],[111.4574,-7.32456],[111.45764,-7.32156],[111.44767,-7.31354],[111.44095,-7.31556],[111.43284,-7.31492],[111.42576,-7.31257],[111.42351,-7.3088],[111.43054,-7.30389],[111.43756,-7.29289],[111.44193,-7.28959],[111.44439,-7.27865],[111.43887,-7.27353],[111.43851,-7.26889],[111.44366,-7.26799],[111.44808,-7.27595],[111.45143,-7.27413],[111.45161,-7.24813],[111.45644,-7.24966],[111.45572,-7.2583],[111.46164,-7.26242],[111.46872,-7.26248],[111.4747,-7.25326],[111.47725,-7.2519],[111.48638,-7.2603],[111.49029,-7.26043],[111.49053,-7.25714],[111.48574,-7.25115],[111.48573,-7.24643],[111.48784,-7.24293],[111.50049,-7.2488],[111.50275,-7.24826],[111.51378,-7.23861],[111.52244,-7.23704],[111.52801,-7.22714],[111.54164,-7.22751],[111.54305,-7.2241],[111.53715,-7.21866],[111.53667,-7.21592],[111.54304,-7.21381],[111.54976,-7.20463],[111.55565,-7.20172],[111.55892,-7.20611],[111.5643,-7.20751],[111.56682,-7.2065],[111.56928,-7.19878],[111.5639,-7.19051],[111.56577,-7.18733],[111.56941,-7.18624],[111.57591,-7.18822],[111.58722,-7.18556],[111.58376,-7.17676],[111.58415,-7.17071],[111.58779,-7.16398],[111.59881,-7.15494],[111.59866,-7.14534],[111.6071,-7.14683],[111.60566,-7.14348],[111.60792,-7.1422],[111.61056,-7.14346],[111.60895,-7.13953],[111.61183,-7.1408],[111.61213,-7.13845],[111.60985,-7.1384],[111.61093,-7.1355],[111.60773,-7.13718],[111.60925,-7.13233],[111.6071,-7.13123],[111.60605,-7.12791],[111.60758,-7.12855],[111.60738,-7.12679],[111.61169,-7.12555],[111.6115,-7.12156],[111.61368,-7.12263],[111.61295,-7.1203],[111.61546,-7.11669],[111.61261,-7.11455],[111.61341,-7.11068],[111.62041,-7.11043],[111.622,-7.10843],[111.61815,-7.10681],[111.6139,-7.0988],[111.61693,-7.09768],[111.61496,-7.09617],[111.61514,-7.09081],[111.61299,-7.08726],[111.61446,-7.08491],[111.61269,-7.08419],[111.61264,-7.08219],[111.61638,-7.08231],[111.61437,-7.07871],[111.61912,-7.07346],[111.62132,-7.07405],[111.62141,-7.07566],[111.62403,-7.07408],[111.62442,-7.07565],[111.62576,-7.07281],[111.62812,-7.07542],[111.62544,-7.07081],[111.62833,-7.06697],[111.6291,-7.06356],[111.62799,-7.06204],[111.6299,-7.05954],[111.62496,-7.0591],[111.62492,-7.05595],[111.62724,-7.0556],[111.62743,-7.05381],[111.62591,-7.05478],[111.62544,-7.0529],[111.62211,-7.05338],[111.6223,-7.05052],[111.61826,-7.05005],[111.61754,-7.04707],[111.6195,-7.04686],[111.61746,-7.04328],[111.61873,-7.04009],[111.61676,-7.04085],[111.61639,-7.03748],[111.61407,-7.03748],[111.61353,-7.03503],[111.61612,-7.03228],[111.61353,-7.02474],[111.6152,-7.02066],[111.61363,-7.01842],[111.61534,-7.01655],[111.61499,-7.01384],[111.61339,-7.01309],[111.61482,-7.00906],[111.61323,-7.0067],[111.61768,-6.99328],[111.62228,-6.99096],[111.62215,-6.98635],[111.62367,-6.98944],[111.62727,-6.99164],[111.62953,-6.99084],[111.6301,-6.99274],[111.63189,-6.99119],[111.63771,-6.99557],[111.64558,-6.99647],[111.65139,-6.9998],[111.65267,-7.00914],[111.6563,-7.01349],[111.65477,-7.02489],[111.65757,-7.03698],[111.65911,-7.03897],[111.6715,-7.04086],[111.67418,-7.04394],[111.67504,-7.04823],[111.68325,-7.05184],[111.69015,-7.05184],[111.69083,-7.05483],[111.69384,-7.05413],[111.69121,-7.06284],[111.69413,-7.06865],[111.70015,-7.07093],[111.70222,-7.07517],[111.70916,-7.07674],[111.71185,-7.08095],[111.71426,-7.08119],[111.71785,-7.07814],[111.72665,-7.08395],[111.73624,-7.07783],[111.74362,-7.08012],[111.751,-7.08483],[111.75951,-7.08492],[111.76246,-7.08785],[111.76601,-7.08383],[111.77487,-7.08198],[111.78854,-7.0835],[111.79333,-7.08197],[111.79709,-7.08618],[111.80184,-7.08371],[111.81655,-7.08716],[111.81854,-7.0881],[111.82424,-7.10043],[111.83817,-7.10474],[111.85391,-7.1152],[111.85657,-7.11512],[111.85471,-7.12146],[111.85605,-7.12532],[111.85727,-7.12573],[111.85823,-7.12347],[111.86016,-7.12388],[111.8597,-7.12582],[111.86199,-7.1297],[111.86452,-7.1241],[111.86669,-7.12917],[111.86856,-7.12863],[111.86713,-7.12626],[111.87793,-7.13327],[111.87669,-7.13118],[111.879,-7.13248],[111.88172,-7.13146],[111.88368,-7.12217],[111.88635,-7.12173],[111.90031,-7.12876],[111.90165,-7.13198],[111.8988,-7.1332],[111.89921,-7.13633],[111.91008,-7.13813],[111.92068,-7.13207],[111.93043,-7.13278],[111.93243,-7.14144],[111.93027,-7.15651],[111.93336,-7.16019],[111.93663,-7.15954],[111.94257,-7.15489],[111.9504,-7.13416],[111.95354,-7.13173],[111.96346,-7.13714],[111.97008,-7.13781],[111.97461,-7.14158],[111.97997,-7.15012],[111.97784,-7.16263],[111.98059,-7.16504],[111.98433,-7.16301],[111.98302,-7.15295],[111.98477,-7.1426],[111.99366,-7.12776],[111.99507,-7.11445],[111.99779,-7.11395],[111.99955,-7.11574],[111.9975,-7.12066],[111.99897,-7.12498],[112.00654,-7.13128],[112.01056,-7.13027],[112.01095,-7.12515],[112.00323,-7.10925],[112.00552,-7.1054],[112.01443,-7.10216],[112.01265,-7.09894],[112.00628,-7.09581],[112.0063,-7.09343],[112.01296,-7.09373],[112.01785,-7.09096],[112.02041,-7.08736],[112.02026,-7.08283],[112.0154,-7.07439],[112.01566,-7.06991],[112.01891,-7.06781],[112.02614,-7.06934],[112.03132,-7.07905],[112.03527,-7.0772],[112.03872,-7.07135],[112.04429,-7.07123],[112.0449,-7.07569],[112.03952,-7.07931],[112.04131,-7.08174],[112.04809,-7.07627],[112.05131,-7.0772],[112.05471,-7.0728],[112.06578,-7.07233],[112.08277,-7.06592],[112.08426,-7.06784],[112.08406,-7.08228],[112.08661,-7.08613],[112.10014,-7.08842],[112.10876,-7.08702],[112.11524,-7.08953],[112.12161,-7.08838],[112.12457,-7.08944],[112.124,-7.09224],[112.11853,-7.09529],[112.11742,-7.09758],[112.12186,-7.10768],[112.12488,-7.10834],[112.12715,-7.10681],[112.12712,-7.09953],[112.13129,-7.09702],[112.14429,-7.10628],[112.147,-7.10151],[112.15139,-7.10093],[112.15134,-7.10353],[112.14623,-7.10673],[112.1522,-7.10942],[112.1541,-7.11981],[112.15854,-7.11835],[112.15877,-7.11615],[112.16381,-7.11534],[112.16408,-7.11287],[112.16544,-7.11292],[112.16559,-7.1185],[112.16138,-7.12305],[112.16259,-7.13206],[112.16007,-7.1417],[112.15757,-7.14207],[112.1517,-7.14947],[112.15132,-7.15816],[112.13961,-7.15799],[112.1385,-7.162],[112.13997,-7.16275],[112.13663,-7.16486],[112.13406,-7.1757],[112.13296,-7.17534],[112.12997,-7.18368],[112.12637,-7.18338],[112.12417,-7.18579],[112.12464,-7.19037],[112.12224,-7.19141],[112.12337,-7.19296],[112.12023,-7.19873],[112.12125,-7.2027],[112.11919,-7.20431],[112.12112,-7.20563],[112.11708,-7.20693],[112.11845,-7.21213],[112.11376,-7.21311],[112.11302,-7.21707],[112.10961,-7.21893],[112.10934,-7.2225],[112.09658,-7.22839],[112.09258,-7.22307],[112.09334,-7.22482],[112.09134,-7.22559],[112.08948,-7.22939],[112.08708,-7.22966],[112.08913,-7.23065],[112.08833,-7.23768],[112.08947,-7.23888],[112.08764,-7.23897],[112.08734,-7.24171],[112.08498,-7.24236],[112.08701,-7.2424],[112.08709,-7.24434],[112.08562,-7.24458],[112.08691,-7.24715],[112.08385,-7.25],[112.08809,-7.25298],[112.08385,-7.25499],[112.08533,-7.25741],[112.08434,-7.25958],[112.08523,-7.26234],[112.08693,-7.26225],[112.08757,-7.26703],[112.09218,-7.26669],[112.09442,-7.26932],[112.09194,-7.27208],[112.09318,-7.27309],[112.0901,-7.27828],[112.09116,-7.28222],[112.08617,-7.28354],[112.08902,-7.28701],[112.08531,-7.2884],[112.09002,-7.29808],[112.08727,-7.30294],[112.09003,-7.304],[112.08581,-7.30782],[112.08406,-7.3057],[112.07973,-7.31343],[112.07713,-7.31329],[112.07832,-7.32418],[112.07484,-7.32525],[112.07256,-7.33347],[112.07674,-7.33662],[112.07666,-7.3409],[112.07983,-7.34679],[112.085,-7.35029],[112.0861,-7.35441],[112.08479,-7.35434],[112.08446,-7.35663],[112.089,-7.35847],[112.08936,-7.36153],[112.08791,-7.36337],[112.08933,-7.36849],[112.08601,-7.36938],[112.08608,-7.37593],[112.08153,-7.38255],[112.08015,-7.38398],[112.07561,-7.38395],[112.0754,-7.38792],[112.07128,-7.39135],[112.06929,-7.39702],[112.0463,-7.39378],[112.04787,-7.39961],[112.03518,-7.40184],[112.02979,-7.40018],[112.02817,-7.39707],[112.02419,-7.39559],[112.02024,-7.39991],[112.01965,-7.40983],[112.0125,-7.40571],[111.99867,-7.40338],[111.98404,-7.40743],[111.97843,-7.40681],[111.97719,-7.40469],[111.97126,-7.40498],[111.96783,-7.4085],[111.96342,-7.40893],[111.95802,-7.41332],[111.95071,-7.40741],[111.94366,-7.40612],[111.94238,-7.40732],[111.94321,-7.40907],[111.94154,-7.40924],[111.94243,-7.41096],[111.94645,-7.41124],[111.956,-7.41631],[111.95952,-7.42157],[111.95995,-7.42302],[111.95798,-7.42445],[111.95981,-7.42688],[111.95857,-7.42964],[111.9474,-7.43424],[111.94036,-7.44012],[111.93464,-7.44037],[111.92296,-7.43549],[111.90536,-7.43332],[111.89392,-7.43773],[111.88238,-7.43736],[111.87763,-7.44097],[111.86788,-7.4393],[111.86157,-7.43591],[111.8446,-7.43983],[111.821,-7.43955],[111.81487,-7.45068],[111.80525,-7.45431],[111.80041,-7.4611],[111.77046,-7.46964],[111.76334,-7.46683],[111.74586,-7.45477],[111.73731,-7.4509],[111.72718,-7.44885],[111.71671,-7.44321],[111.71086,-7.43665],[111.68454,-7.41662],[111.65471,-7.39913],[111.63072,-7.38974],[111.62352,-7.38223],[111.61628,-7.3794],[111.61378,-7.36981],[111.61125,-7.37063],[111.60597,-7.36434],[111.59699,-7.35924],[111.59273,-7.35911],[111.59167,-7.35707],[111.58349,-7.35293],[111.58014,-7.35471],[111.57491,-7.34856],[111.56714,-7.35531],[111.56647,-7.35995],[111.56284,-7.35755],[111.56081,-7.35996],[111.55358,-7.35886]]]}},{"type":"Feature","properties":{"n":"Kota Serang","p":"Banten"},"geometry":{"type":"Polygon","coordinates":[[[106.13596,-6.20389],[106.13488,-6.1924],[106.14176,-6.19177],[106.14381,-6.18712],[106.1408,-6.18637],[106.1414,-6.18383],[106.14966,-6.18049],[106.15203,-6.17761],[106.14958,-6.16939],[106.14517,-6.17181],[106.1399,-6.17222],[106.13803,-6.17206],[106.137,-6.16573],[106.13215,-6.16528],[106.12796,-6.16987],[106.12502,-6.17004],[106.12201,-6.16787],[106.11974,-6.17094],[106.12029,-6.1774],[106.11542,-6.1765],[106.11475,-6.18107],[106.11137,-6.18198],[106.1069,-6.17948],[106.10254,-6.17342],[106.09568,-6.17529],[106.08642,-6.17353],[106.07575,-6.18297],[106.07221,-6.17691],[106.06859,-6.17542],[106.06673,-6.1764],[106.06657,-6.16486],[106.07037,-6.16051],[106.07334,-6.15225],[106.07617,-6.15007],[106.07391,-6.13941],[106.06922,-6.13342],[106.07039,-6.12817],[106.07721,-6.11928],[106.07821,-6.12072],[106.08287,-6.11909],[106.08277,-6.11779],[106.08851,-6.11724],[106.09179,-6.11053],[106.09524,-6.10864],[106.09998,-6.09647],[106.10593,-6.08944],[106.10959,-6.0879],[106.11007,-6.08575],[106.11487,-6.08488],[106.11787,-6.0822],[106.11981,-6.0832],[106.1221,-6.07889],[106.12591,-6.07905],[106.12743,-6.0766],[106.13223,-6.07661],[106.14002,-6.06847],[106.14022,-6.06641],[106.14506,-6.06861],[106.14888,-6.06755],[106.14271,-6.05767],[106.14899,-6.04731],[106.14776,-6.04385],[106.14952,-6.03392],[106.14657,-6.03006],[106.14834,-6.02033],[106.15633,-6.02457],[106.16934,-6.02762],[106.17715,-6.02731],[106.1776,-6.02617],[106.18139,-6.02711],[106.1894,-6.02458],[106.19449,-6.02039],[106.1908,-6.01545],[106.19822,-6.01854],[106.20101,-6.01798],[106.2021,-6.01611],[106.20196,-6.01869],[106.20594,-6.02006],[106.21639,-6.01622],[106.22234,-6.02538],[106.22566,-6.03874],[106.22154,-6.04823],[106.2203,-6.05804],[106.22186,-6.06898],[106.21924,-6.0834],[106.22349,-6.08593],[106.22176,-6.09231],[106.22709,-6.0941],[106.2302,-6.09929],[106.22896,-6.10207],[106.22422,-6.10535],[106.22896,-6.1088],[106.22233,-6.1262],[106.22548,-6.12925],[106.2348,-6.13006],[106.23924,-6.12895],[106.24226,-6.13072],[106.2464,-6.14163],[106.25574,-6.14623],[106.25116,-6.15914],[106.24186,-6.174],[106.23587,-6.17026],[106.233,-6.17082],[106.22917,-6.17831],[106.21954,-6.18688],[106.22865,-6.18981],[106.22975,-6.19238],[106.22845,-6.19474],[106.22407,-6.19808],[106.2184,-6.19704],[106.21508,-6.19843],[106.21331,-6.19622],[106.20951,-6.19614],[106.19989,-6.19842],[106.19329,-6.20872],[106.19505,-6.21504],[106.19225,-6.21798],[106.17955,-6.21543],[106.17537,-6.21887],[106.16921,-6.21408],[106.16629,-6.2165],[106.16181,-6.21614],[106.15748,-6.21421],[106.15762,-6.20758],[106.15189,-6.20667],[106.15051,-6.20967],[106.13908,-6.20955],[106.13596,-6.20389]]]}}]}